# Profil de Blasius - Comparaison 3 methodes
# Equation : f''' + 0.5*f*f'' = 0
# CL : f(0)=f'(0)=0, f'(inf)=1
# Parametre de similarite : eta = psi * sqrt(U_inf / (nu * xi))
# Vitesse normalisee : u/U_inf = f'(eta)
#
# Colonnes : eta  f'_RK4  f'_RK2  f'_Euler  f_RK4  f''_RK4
#
0.000000  0.00000000  0.00000000  0.00000000  0.00000000  0.33205734
0.005000  0.00166029  0.00166028  0.00165590  0.00000415  0.33205734
0.010000  0.00332057  0.00332057  0.00331181  0.00001660  0.33205733
0.015000  0.00498086  0.00498085  0.00496771  0.00003736  0.33205731
0.020000  0.00664115  0.00664113  0.00662361  0.00006641  0.33205726
0.025000  0.00830143  0.00830142  0.00827951  0.00010377  0.33205719
0.030000  0.00996172  0.00996170  0.00993542  0.00014943  0.33205709
0.035000  0.01162200  0.01162198  0.01159132  0.00020339  0.33205694
0.040000  0.01328229  0.01328226  0.01324722  0.00026565  0.33205675
0.045000  0.01494257  0.01494254  0.01490312  0.00033621  0.33205650
0.050000  0.01660285  0.01660282  0.01655902  0.00041507  0.33205619
0.055000  0.01826313  0.01826310  0.01821492  0.00050224  0.33205581
0.060000  0.01992341  0.01992337  0.01987082  0.00059770  0.33205535
0.065000  0.02158369  0.02158364  0.02152671  0.00070147  0.33205481
0.070000  0.02324396  0.02324391  0.02318261  0.00081354  0.33205419
0.075000  0.02490423  0.02490418  0.02483850  0.00093391  0.33205346
0.080000  0.02656449  0.02656444  0.02649438  0.00106258  0.33205263
0.085000  0.02822475  0.02822470  0.02815027  0.00119956  0.33205169
0.090000  0.02988501  0.02988495  0.02980615  0.00134483  0.33205064
0.095000  0.03154526  0.03154520  0.03146202  0.00149841  0.33204946
0.100000  0.03320550  0.03320544  0.03311789  0.00166028  0.33204815
0.105000  0.03486574  0.03486567  0.03477376  0.00183046  0.33204670
0.110000  0.03652597  0.03652590  0.03642961  0.00200894  0.33204511
0.115000  0.03818619  0.03818612  0.03808546  0.00219572  0.33204336
0.120000  0.03984640  0.03984633  0.03974131  0.00239080  0.33204146
0.125000  0.04150661  0.04150653  0.04139714  0.00259418  0.33203939
0.130000  0.04316680  0.04316672  0.04305296  0.00280587  0.33203715
0.135000  0.04482698  0.04482689  0.04470878  0.00302585  0.33203473
0.140000  0.04648714  0.04648706  0.04636458  0.00325414  0.33203212
0.145000  0.04814730  0.04814721  0.04802037  0.00349072  0.33202933
0.150000  0.04980744  0.04980734  0.04967615  0.00373561  0.33202633
0.155000  0.05146756  0.05146746  0.05133191  0.00398880  0.33202312
0.160000  0.05312767  0.05312757  0.05298766  0.00425029  0.33201970
0.165000  0.05478776  0.05478765  0.05464339  0.00452007  0.33201606
0.170000  0.05644783  0.05644772  0.05629911  0.00479816  0.33201220
0.175000  0.05810788  0.05810777  0.05795481  0.00508455  0.33200810
0.180000  0.05976791  0.05976780  0.05961049  0.00537924  0.33200375
0.185000  0.06142792  0.06142780  0.06126614  0.00568223  0.33199916
0.190000  0.06308790  0.06308778  0.06292178  0.00599352  0.33199432
0.195000  0.06474786  0.06474774  0.06457739  0.00631311  0.33198921
0.200000  0.06640779  0.06640767  0.06623298  0.00664100  0.33198384
0.205000  0.06806770  0.06806757  0.06788855  0.00697719  0.33197819
0.210000  0.06972757  0.06972744  0.06954409  0.00732168  0.33197225
0.215000  0.07138742  0.07138729  0.07119959  0.00767446  0.33196603
0.220000  0.07304723  0.07304710  0.07285507  0.00803555  0.33195951
0.225000  0.07470701  0.07470688  0.07451052  0.00840494  0.33195269
0.230000  0.07636676  0.07636662  0.07616594  0.00878262  0.33194556
0.235000  0.07802647  0.07802633  0.07782132  0.00916860  0.33193811
0.240000  0.07968614  0.07968599  0.07947667  0.00956289  0.33193034
0.245000  0.08134577  0.08134562  0.08113198  0.00996547  0.33192224
0.250000  0.08300536  0.08300521  0.08278725  0.01037634  0.33191380
0.255000  0.08466491  0.08466476  0.08444248  0.01079552  0.33190502
0.260000  0.08632441  0.08632426  0.08609767  0.01122299  0.33189588
0.265000  0.08798387  0.08798371  0.08775282  0.01165876  0.33188639
0.270000  0.08964328  0.08964311  0.08940792  0.01210283  0.33187653
0.275000  0.09130263  0.09130247  0.09106297  0.01255520  0.33186631
0.280000  0.09296194  0.09296177  0.09271798  0.01301586  0.33185570
0.285000  0.09462119  0.09462102  0.09437293  0.01348481  0.33184471
0.290000  0.09628038  0.09628021  0.09602783  0.01396207  0.33183332
0.295000  0.09793952  0.09793935  0.09768267  0.01444762  0.33182154
0.300000  0.09959860  0.09959842  0.09933746  0.01494146  0.33180935
0.305000  0.10125761  0.10125743  0.10099219  0.01544360  0.33179675
0.310000  0.10291657  0.10291638  0.10264686  0.01595404  0.33178373
0.315000  0.10457545  0.10457526  0.10430147  0.01647277  0.33177028
0.320000  0.10623427  0.10623408  0.10595601  0.01699979  0.33175640
0.325000  0.10789301  0.10789282  0.10761049  0.01753511  0.33174208
0.330000  0.10955169  0.10955149  0.10926490  0.01807872  0.33172731
0.335000  0.11121029  0.11121009  0.11091923  0.01863063  0.33171209
0.340000  0.11286881  0.11286861  0.11257349  0.01919083  0.33169641
0.345000  0.11452725  0.11452705  0.11422768  0.01975932  0.33168026
0.350000  0.11618561  0.11618541  0.11588179  0.02033610  0.33166364
0.355000  0.11784389  0.11784368  0.11753581  0.02092117  0.33164653
0.360000  0.11950207  0.11950187  0.11918976  0.02151454  0.33162894
0.365000  0.12116017  0.12115996  0.12084362  0.02211619  0.33161086
0.370000  0.12281818  0.12281797  0.12249739  0.02272614  0.33159227
0.375000  0.12447610  0.12447588  0.12415107  0.02334438  0.33157318
0.380000  0.12613391  0.12613369  0.12580466  0.02397090  0.33155357
0.385000  0.12779163  0.12779141  0.12745816  0.02460571  0.33153344
0.390000  0.12944925  0.12944902  0.12911156  0.02524882  0.33151278
0.395000  0.13110676  0.13110653  0.13076486  0.02590021  0.33149158
0.400000  0.13276416  0.13276393  0.13241805  0.02655988  0.33146985
0.405000  0.13442145  0.13442122  0.13407114  0.02722785  0.33144756
0.410000  0.13607864  0.13607840  0.13572412  0.02790410  0.33142472
0.415000  0.13773570  0.13773547  0.13737699  0.02858863  0.33140132
0.420000  0.13939265  0.13939241  0.13902975  0.02928146  0.33137735
0.425000  0.14104947  0.14104923  0.14068239  0.02998256  0.33135280
0.430000  0.14270618  0.14270593  0.14233491  0.03069195  0.33132767
0.435000  0.14436275  0.14436250  0.14398731  0.03140962  0.33130195
0.440000  0.14601919  0.14601895  0.14563958  0.03213558  0.33127564
0.445000  0.14767550  0.14767526  0.14729173  0.03286981  0.33124872
0.450000  0.14933168  0.14933143  0.14894374  0.03361233  0.33122119
0.455000  0.15098772  0.15098746  0.15059563  0.03436313  0.33119305
0.460000  0.15264361  0.15264335  0.15224737  0.03512221  0.33116429
0.465000  0.15429936  0.15429910  0.15389898  0.03588957  0.33113489
0.470000  0.15595496  0.15595470  0.15555044  0.03666520  0.33110486
0.475000  0.15761041  0.15761014  0.15720175  0.03744912  0.33107419
0.480000  0.15926570  0.15926543  0.15885292  0.03824131  0.33104287
0.485000  0.16092083  0.16092057  0.16050393  0.03904177  0.33101089
0.490000  0.16257581  0.16257554  0.16215479  0.03985051  0.33097825
0.495000  0.16423061  0.16423034  0.16380549  0.04066753  0.33094494
0.500000  0.16588525  0.16588498  0.16545602  0.04149282  0.33091096
0.505000  0.16753972  0.16753945  0.16710639  0.04232638  0.33087629
0.510000  0.16919402  0.16919374  0.16875660  0.04316822  0.33084093
0.515000  0.17084813  0.17084785  0.17040663  0.04401832  0.33080488
0.520000  0.17250206  0.17250178  0.17205648  0.04487670  0.33076812
0.525000  0.17415581  0.17415553  0.17370615  0.04574334  0.33073066
0.530000  0.17580937  0.17580908  0.17535564  0.04661826  0.33069247
0.535000  0.17746273  0.17746245  0.17700495  0.04750144  0.33065357
0.540000  0.17911590  0.17911561  0.17865406  0.04839288  0.33061394
0.545000  0.18076887  0.18076858  0.18030298  0.04929259  0.33057357
0.550000  0.18242164  0.18242134  0.18195171  0.05020057  0.33053246
0.555000  0.18407420  0.18407390  0.18360023  0.05111681  0.33049061
0.560000  0.18572654  0.18572624  0.18524855  0.05204131  0.33044799
0.565000  0.18737867  0.18737837  0.18689666  0.05297408  0.33040462
0.570000  0.18903059  0.18903028  0.18854456  0.05391510  0.33036048
0.575000  0.19068228  0.19068197  0.19019224  0.05486438  0.33031556
0.580000  0.19233374  0.19233344  0.19183971  0.05582192  0.33026986
0.585000  0.19398498  0.19398467  0.19348695  0.05678772  0.33022338
0.590000  0.19563597  0.19563566  0.19513396  0.05776177  0.33017610
0.595000  0.19728673  0.19728642  0.19678074  0.05874408  0.33012802
0.600000  0.19893725  0.19893694  0.19842729  0.05973464  0.33007913
0.605000  0.20058752  0.20058721  0.20007359  0.06073345  0.33002943
0.610000  0.20223755  0.20223723  0.20171966  0.06174051  0.32997891
0.615000  0.20388731  0.20388699  0.20336547  0.06275582  0.32992756
0.620000  0.20553682  0.20553650  0.20501104  0.06377939  0.32987538
0.625000  0.20718606  0.20718574  0.20665635  0.06481119  0.32982236
0.630000  0.20883504  0.20883472  0.20830140  0.06585125  0.32976850
0.635000  0.21048375  0.21048342  0.20994619  0.06689954  0.32971378
0.640000  0.21213218  0.21213185  0.21159071  0.06795608  0.32965821
0.645000  0.21378033  0.21378000  0.21323495  0.06902086  0.32960177
0.650000  0.21542819  0.21542786  0.21487892  0.07009389  0.32954446
0.655000  0.21707577  0.21707544  0.21652261  0.07117515  0.32948627
0.660000  0.21872306  0.21872272  0.21816602  0.07226464  0.32942720
0.665000  0.22037004  0.22036970  0.21980913  0.07336238  0.32936724
0.670000  0.22201673  0.22201639  0.22145195  0.07446834  0.32930638
0.675000  0.22366310  0.22366276  0.22309448  0.07558254  0.32924462
0.680000  0.22530917  0.22530883  0.22473670  0.07670497  0.32918195
0.685000  0.22695492  0.22695458  0.22637861  0.07783563  0.32911837
0.690000  0.22860035  0.22860001  0.22802021  0.07897452  0.32905387
0.695000  0.23024546  0.23024511  0.22966149  0.08012164  0.32898843
0.700000  0.23189024  0.23188989  0.23130246  0.08127698  0.32892207
0.705000  0.23353468  0.23353433  0.23294310  0.08244054  0.32885476
0.710000  0.23517878  0.23517843  0.23458341  0.08361232  0.32878651
0.715000  0.23682254  0.23682219  0.23622338  0.08479233  0.32871731
0.720000  0.23846595  0.23846560  0.23786301  0.08598055  0.32864715
0.725000  0.24010901  0.24010865  0.23950230  0.08717698  0.32857602
0.730000  0.24175171  0.24175135  0.24114124  0.08838164  0.32850392
0.735000  0.24339405  0.24339369  0.24277983  0.08959450  0.32843085
0.740000  0.24503602  0.24503566  0.24441806  0.09081558  0.32835679
0.745000  0.24667762  0.24667725  0.24605592  0.09204486  0.32828175
0.750000  0.24831884  0.24831847  0.24769342  0.09328235  0.32820571
0.755000  0.24995967  0.24995930  0.24933054  0.09452805  0.32812867
0.760000  0.25160012  0.25159975  0.25096729  0.09578195  0.32805062
0.765000  0.25324018  0.25323981  0.25260365  0.09704405  0.32797156
0.770000  0.25487983  0.25487946  0.25423962  0.09831435  0.32789148
0.775000  0.25651909  0.25651872  0.25587520  0.09959285  0.32781037
0.780000  0.25815794  0.25815756  0.25751039  0.10087954  0.32772824
0.785000  0.25979637  0.25979599  0.25914516  0.10217443  0.32764507
0.790000  0.26143439  0.26143401  0.26077953  0.10347750  0.32756085
0.795000  0.26307198  0.26307160  0.26241349  0.10478877  0.32747559
0.800000  0.26470914  0.26470876  0.26404703  0.10610822  0.32738927
0.805000  0.26634587  0.26634548  0.26568014  0.10743586  0.32730189
0.810000  0.26798216  0.26798177  0.26731282  0.10877168  0.32721345
0.815000  0.26961800  0.26961761  0.26894507  0.11011568  0.32712393
0.820000  0.27125339  0.27125301  0.27057688  0.11146786  0.32703334
0.825000  0.27288833  0.27288794  0.27220824  0.11282821  0.32694166
0.830000  0.27452281  0.27452242  0.27383916  0.11419674  0.32684890
0.835000  0.27615682  0.27615643  0.27546961  0.11557344  0.32675504
0.840000  0.27779036  0.27778996  0.27709961  0.11695831  0.32666007
0.845000  0.27942342  0.27942302  0.27872914  0.11835134  0.32656401
0.850000  0.28105600  0.28105560  0.28035819  0.11975254  0.32646683
0.855000  0.28268808  0.28268769  0.28198677  0.12116190  0.32636853
0.860000  0.28431968  0.28431928  0.28361486  0.12257942  0.32626911
0.865000  0.28595077  0.28595037  0.28524247  0.12400510  0.32616856
0.870000  0.28758136  0.28758096  0.28686958  0.12543893  0.32606687
0.875000  0.28921144  0.28921104  0.28849619  0.12688091  0.32596405
0.880000  0.29084100  0.29084060  0.29012229  0.12833104  0.32586008
0.885000  0.29247004  0.29246964  0.29174789  0.12978932  0.32575496
0.890000  0.29409855  0.29409814  0.29337296  0.13125574  0.32564868
0.895000  0.29572652  0.29572612  0.29499752  0.13273030  0.32554124
0.900000  0.29735396  0.29735355  0.29662154  0.13421301  0.32543263
0.905000  0.29898085  0.29898044  0.29824503  0.13570384  0.32532285
0.910000  0.30060719  0.30060678  0.29986798  0.13720281  0.32521189
0.915000  0.30223297  0.30223255  0.30149038  0.13870991  0.32509975
0.920000  0.30385818  0.30385777  0.30311223  0.14022514  0.32498642
0.925000  0.30548283  0.30548241  0.30473353  0.14174850  0.32487189
0.930000  0.30710690  0.30710648  0.30635425  0.14327997  0.32475616
0.935000  0.30873039  0.30872997  0.30797441  0.14481956  0.32463923
0.940000  0.31035329  0.31035287  0.30959400  0.14636727  0.32452109
0.945000  0.31197560  0.31197518  0.31121300  0.14792309  0.32440173
0.950000  0.31359730  0.31359688  0.31283141  0.14948703  0.32428116
0.955000  0.31521841  0.31521798  0.31444923  0.15105907  0.32415935
0.960000  0.31683890  0.31683847  0.31606645  0.15263921  0.32403632
0.965000  0.31845877  0.31845834  0.31768307  0.15422745  0.32391205
0.970000  0.32007801  0.32007759  0.31929907  0.15582380  0.32378654
0.975000  0.32169663  0.32169621  0.32091446  0.15742823  0.32365978
0.980000  0.32331461  0.32331418  0.32252922  0.15904076  0.32353177
0.985000  0.32493195  0.32493152  0.32414334  0.16066138  0.32340250
0.990000  0.32654863  0.32654820  0.32575684  0.16229008  0.32327198
0.995000  0.32816466  0.32816423  0.32736968  0.16392686  0.32314018
1.000000  0.32978003  0.32977960  0.32898188  0.16557173  0.32300712
1.005000  0.33139473  0.33139430  0.33059343  0.16722466  0.32287278
1.010000  0.33300876  0.33300833  0.33220431  0.16888567  0.32273715
1.015000  0.33462210  0.33462167  0.33381452  0.17055475  0.32260025
1.020000  0.33623476  0.33623432  0.33542406  0.17223189  0.32246205
1.025000  0.33784672  0.33784629  0.33703292  0.17391710  0.32232255
1.030000  0.33945798  0.33945755  0.33864109  0.17561036  0.32218176
1.035000  0.34106854  0.34106810  0.34024856  0.17731167  0.32203966
1.040000  0.34267838  0.34267794  0.34185534  0.17902104  0.32189625
1.045000  0.34428750  0.34428706  0.34346141  0.18073846  0.32175153
1.050000  0.34589589  0.34589545  0.34506676  0.18246392  0.32160548
1.055000  0.34750355  0.34750311  0.34667139  0.18419742  0.32145812
1.060000  0.34911047  0.34911003  0.34827530  0.18593895  0.32130942
1.065000  0.35071664  0.35071620  0.34987848  0.18768852  0.32115940
1.070000  0.35232206  0.35232162  0.35148091  0.18944612  0.32100803
1.075000  0.35392672  0.35392628  0.35308260  0.19121174  0.32085533
1.080000  0.35553061  0.35553017  0.35468353  0.19298538  0.32070128
1.085000  0.35713373  0.35713328  0.35628371  0.19476704  0.32054587
1.090000  0.35873607  0.35873562  0.35788312  0.19655672  0.32038912
1.095000  0.36033762  0.36033717  0.35948175  0.19835440  0.32023100
1.100000  0.36193837  0.36193793  0.36107961  0.20016009  0.32007152
1.105000  0.36353833  0.36353788  0.36267668  0.20197378  0.31991067
1.110000  0.36513748  0.36513703  0.36427295  0.20379547  0.31974845
1.115000  0.36673581  0.36673536  0.36586842  0.20562516  0.31958485
1.120000  0.36833333  0.36833288  0.36746309  0.20746283  0.31941987
1.125000  0.36993001  0.36992956  0.36905695  0.20930849  0.31925351
1.130000  0.37152586  0.37152541  0.37064998  0.21116213  0.31908576
1.135000  0.37312086  0.37312041  0.37224218  0.21302375  0.31891662
1.140000  0.37471502  0.37471457  0.37383355  0.21489334  0.31874607
1.145000  0.37630832  0.37630787  0.37542408  0.21677090  0.31857413
1.150000  0.37790076  0.37790031  0.37701376  0.21865642  0.31840078
1.155000  0.37949233  0.37949187  0.37860258  0.22054990  0.31822603
1.160000  0.38108302  0.38108256  0.38019054  0.22245134  0.31804986
1.165000  0.38267282  0.38267237  0.38177764  0.22436073  0.31787227
1.170000  0.38426174  0.38426128  0.38336385  0.22627807  0.31769327
1.175000  0.38584976  0.38584930  0.38494918  0.22820335  0.31751284
1.180000  0.38743687  0.38743641  0.38653362  0.23013656  0.31733098
1.185000  0.38902306  0.38902260  0.38811716  0.23207771  0.31714769
1.190000  0.39060834  0.39060788  0.38969980  0.23402679  0.31696296
1.195000  0.39219269  0.39219223  0.39128153  0.23598380  0.31677680
1.200000  0.39377611  0.39377564  0.39286233  0.23794872  0.31658919
1.205000  0.39535858  0.39535812  0.39444221  0.23992156  0.31640014
1.210000  0.39694010  0.39693964  0.39602116  0.24190230  0.31620963
1.215000  0.39852067  0.39852021  0.39759916  0.24389095  0.31601768
1.220000  0.40010028  0.40009982  0.39917622  0.24588751  0.31582426
1.225000  0.40167891  0.40167845  0.40075232  0.24789196  0.31562939
1.230000  0.40325657  0.40325611  0.40232746  0.24990429  0.31543305
1.235000  0.40483324  0.40483278  0.40390163  0.25192452  0.31523525
1.240000  0.40640892  0.40640846  0.40547483  0.25395263  0.31503597
1.245000  0.40798360  0.40798313  0.40704703  0.25598861  0.31483523
1.250000  0.40955727  0.40955680  0.40861825  0.25803246  0.31463300
1.255000  0.41112993  0.41112946  0.41018847  0.26008418  0.31442930
1.260000  0.41270156  0.41270109  0.41175768  0.26214376  0.31422411
1.265000  0.41427217  0.41427170  0.41332588  0.26421119  0.31401744
1.270000  0.41584173  0.41584127  0.41489305  0.26628648  0.31380928
1.275000  0.41741026  0.41740979  0.41645920  0.26836961  0.31359962
1.280000  0.41897773  0.41897726  0.41802431  0.27046058  0.31338847
1.285000  0.42054414  0.42054367  0.41958838  0.27255938  0.31317582
1.290000  0.42210948  0.42210901  0.42115140  0.27466602  0.31296168
1.295000  0.42367375  0.42367328  0.42271335  0.27678048  0.31274602
1.300000  0.42523694  0.42523647  0.42427425  0.27890275  0.31252886
1.305000  0.42679904  0.42679857  0.42583407  0.28103284  0.31231020
1.310000  0.42836004  0.42835957  0.42739281  0.28317074  0.31209002
1.315000  0.42991994  0.42991947  0.42895046  0.28531644  0.31186832
1.320000  0.43147872  0.43147825  0.43050701  0.28746994  0.31164511
1.325000  0.43303638  0.43303591  0.43206246  0.28963123  0.31142038
1.330000  0.43459292  0.43459245  0.43361680  0.29180030  0.31119412
1.335000  0.43614832  0.43614785  0.43517003  0.29397716  0.31096634
1.340000  0.43770258  0.43770211  0.43672212  0.29616178  0.31073704
1.345000  0.43925569  0.43925522  0.43827309  0.29835418  0.31050620
1.350000  0.44080764  0.44080717  0.43982291  0.30055434  0.31027383
1.355000  0.44235843  0.44235795  0.44137158  0.30276225  0.31003993
1.360000  0.44390804  0.44390757  0.44291909  0.30497792  0.30980449
1.365000  0.44545647  0.44545600  0.44446545  0.30720133  0.30956751
1.370000  0.44700371  0.44700324  0.44601062  0.30943248  0.30932899
1.375000  0.44854976  0.44854928  0.44755462  0.31167137  0.30908893
1.380000  0.45009460  0.45009412  0.44909744  0.31391798  0.30884732
1.385000  0.45163823  0.45163775  0.45063906  0.31617231  0.30860416
1.390000  0.45318064  0.45318016  0.45217947  0.31843436  0.30835946
1.395000  0.45472182  0.45472134  0.45371868  0.32070412  0.30811320
1.400000  0.45626177  0.45626129  0.45525666  0.32298157  0.30786539
1.405000  0.45780047  0.45780000  0.45679342  0.32526673  0.30761603
1.410000  0.45933792  0.45933745  0.45832895  0.32755958  0.30736511
1.415000  0.46087412  0.46087364  0.45986324  0.32986011  0.30711263
1.420000  0.46240905  0.46240857  0.46139628  0.33216832  0.30685858
1.425000  0.46394270  0.46394223  0.46292806  0.33448420  0.30660298
1.430000  0.46547507  0.46547460  0.46445857  0.33680774  0.30634581
1.435000  0.46700616  0.46700568  0.46598782  0.33913894  0.30608708
1.440000  0.46853594  0.46853547  0.46751578  0.34147780  0.30582678
1.445000  0.47006442  0.47006395  0.46904246  0.34382430  0.30556492
1.450000  0.47159159  0.47159111  0.47056784  0.34617844  0.30530148
1.455000  0.47311743  0.47311696  0.47209191  0.34854022  0.30503647
1.460000  0.47464195  0.47464148  0.47361468  0.35090961  0.30476989
1.465000  0.47616513  0.47616466  0.47513612  0.35328663  0.30450174
1.470000  0.47768697  0.47768649  0.47665624  0.35567126  0.30423201
1.475000  0.47920745  0.47920697  0.47817503  0.35806350  0.30396071
1.480000  0.48072657  0.48072609  0.47969247  0.36046334  0.30368782
1.485000  0.48224432  0.48224385  0.48120856  0.36287076  0.30341336
1.490000  0.48376070  0.48376023  0.48272329  0.36528578  0.30313732
1.495000  0.48527569  0.48527522  0.48423666  0.36770837  0.30285970
1.500000  0.48678930  0.48678882  0.48574865  0.37013853  0.30258050
1.505000  0.48830150  0.48830102  0.48725926  0.37257626  0.30229972
1.510000  0.48981229  0.48981181  0.48876848  0.37502154  0.30201735
1.515000  0.49132167  0.49132119  0.49027630  0.37747438  0.30173340
1.520000  0.49282962  0.49282915  0.49178272  0.37993476  0.30144787
1.525000  0.49433614  0.49433567  0.49328772  0.38240267  0.30116075
1.530000  0.49584123  0.49584075  0.49479131  0.38487812  0.30087205
1.535000  0.49734486  0.49734439  0.49629346  0.38736108  0.30058176
1.540000  0.49884704  0.49884657  0.49779417  0.38985156  0.30028988
1.545000  0.50034776  0.50034728  0.49929344  0.39234955  0.29999641
1.550000  0.50184700  0.50184653  0.50079126  0.39485504  0.29970136
1.555000  0.50334477  0.50334429  0.50228762  0.39736802  0.29940472
1.560000  0.50484105  0.50484057  0.50378250  0.39988848  0.29910649
1.565000  0.50633583  0.50633536  0.50527591  0.40241643  0.29880667
1.570000  0.50782911  0.50782864  0.50676784  0.40495184  0.29850527
1.575000  0.50932088  0.50932041  0.50825827  0.40749472  0.29820227
1.580000  0.51081113  0.51081066  0.50974720  0.41004505  0.29789769
1.585000  0.51229986  0.51229938  0.51123463  0.41260282  0.29759152
1.590000  0.51378704  0.51378657  0.51272053  0.41516804  0.29728375
1.595000  0.51527269  0.51527222  0.51420492  0.41774069  0.29697440
1.600000  0.51675679  0.51675631  0.51568777  0.42032077  0.29666346
1.605000  0.51823932  0.51823885  0.51716908  0.42290826  0.29635093
1.610000  0.51972029  0.51971982  0.51864884  0.42550316  0.29603682
1.615000  0.52119969  0.52119921  0.52012705  0.42810546  0.29572111
1.620000  0.52267750  0.52267703  0.52160369  0.43071515  0.29540382
1.625000  0.52415372  0.52415325  0.52307876  0.43333223  0.29508494
1.630000  0.52562835  0.52562787  0.52455225  0.43595669  0.29476447
1.635000  0.52710137  0.52710089  0.52602415  0.43858851  0.29444241
1.640000  0.52857277  0.52857230  0.52749446  0.44122770  0.29411877
1.645000  0.53004255  0.53004208  0.52896316  0.44387424  0.29379355
1.650000  0.53151070  0.53151023  0.53043026  0.44652812  0.29346674
1.655000  0.53297722  0.53297674  0.53189573  0.44918934  0.29313834
1.660000  0.53444208  0.53444161  0.53335957  0.45185789  0.29280836
1.665000  0.53590530  0.53590483  0.53482178  0.45453376  0.29247680
1.670000  0.53736685  0.53736638  0.53628235  0.45721694  0.29214366
1.675000  0.53882673  0.53882626  0.53774127  0.45990742  0.29180894
1.680000  0.54028493  0.54028446  0.53919853  0.46260520  0.29147264
1.685000  0.54174145  0.54174098  0.54065412  0.46531027  0.29113475
1.690000  0.54319628  0.54319581  0.54210803  0.46802262  0.29079530
1.695000  0.54464940  0.54464893  0.54356027  0.47074223  0.29045426
1.700000  0.54610082  0.54610035  0.54501081  0.47346911  0.29011165
1.705000  0.54755052  0.54755005  0.54645966  0.47620324  0.28976747
1.710000  0.54899849  0.54899802  0.54790680  0.47894461  0.28942171
1.715000  0.55044473  0.55044426  0.54935222  0.48169322  0.28907438
1.720000  0.55188923  0.55188877  0.55079592  0.48444905  0.28872549
1.725000  0.55333199  0.55333152  0.55223790  0.48721211  0.28837502
1.730000  0.55477298  0.55477251  0.55367814  0.48998237  0.28802299
1.735000  0.55621221  0.55621175  0.55511663  0.49275983  0.28766939
1.740000  0.55764967  0.55764921  0.55655337  0.49554449  0.28731423
1.745000  0.55908535  0.55908489  0.55798834  0.49833633  0.28695750
1.750000  0.56051924  0.56051878  0.55942155  0.50113534  0.28659922
1.755000  0.56195134  0.56195088  0.56085298  0.50394152  0.28623938
1.760000  0.56338164  0.56338117  0.56228263  0.50675485  0.28587798
1.765000  0.56481012  0.56480965  0.56371049  0.50957533  0.28551503
1.770000  0.56623678  0.56623632  0.56513655  0.51240295  0.28515053
1.775000  0.56766162  0.56766116  0.56656079  0.51523770  0.28478447
1.780000  0.56908463  0.56908416  0.56798323  0.51807956  0.28441687
1.785000  0.57050579  0.57050532  0.56940384  0.52092854  0.28404772
1.790000  0.57192510  0.57192464  0.57082262  0.52378462  0.28367703
1.795000  0.57334256  0.57334209  0.57223956  0.52664779  0.28330479
1.800000  0.57475815  0.57475768  0.57365466  0.52951804  0.28293102
1.805000  0.57617186  0.57617140  0.57506790  0.53239537  0.28255571
1.810000  0.57758370  0.57758324  0.57647928  0.53527975  0.28217886
1.815000  0.57899365  0.57899319  0.57788879  0.53817120  0.28180048
1.820000  0.58040170  0.58040124  0.57929642  0.54106969  0.28142058
1.825000  0.58180785  0.58180739  0.58070217  0.54397521  0.28103915
1.830000  0.58321209  0.58321163  0.58210603  0.54688776  0.28065619
1.835000  0.58461441  0.58461395  0.58350799  0.54980733  0.28027171
1.840000  0.58601481  0.58601435  0.58490804  0.55273390  0.27988571
1.845000  0.58741327  0.58741281  0.58630617  0.55566748  0.27949820
1.850000  0.58880979  0.58880933  0.58770239  0.55860803  0.27910917
1.855000  0.59020436  0.59020390  0.58909667  0.56155557  0.27871864
1.860000  0.59159697  0.59159651  0.59048902  0.56451007  0.27832659
1.865000  0.59298762  0.59298716  0.59187942  0.56747154  0.27793305
1.870000  0.59437630  0.59437584  0.59326786  0.57043995  0.27753800
1.875000  0.59576300  0.59576254  0.59465435  0.57341530  0.27714145
1.880000  0.59714771  0.59714725  0.59603887  0.57639757  0.27674341
1.885000  0.59853043  0.59852997  0.59742142  0.57938677  0.27634388
1.890000  0.59991115  0.59991069  0.59880198  0.58238287  0.27594287
1.895000  0.60128985  0.60128940  0.60018055  0.58538588  0.27554036
1.900000  0.60266655  0.60266609  0.60155713  0.58839577  0.27513638
1.905000  0.60404122  0.60404076  0.60293169  0.59141254  0.27473092
1.910000  0.60541385  0.60541340  0.60430425  0.59443618  0.27432398
1.915000  0.60678445  0.60678400  0.60567479  0.59746668  0.27391558
1.920000  0.60815301  0.60815256  0.60704330  0.60050402  0.27350571
1.925000  0.60951951  0.60951906  0.60840978  0.60354820  0.27309437
1.930000  0.61088395  0.61088350  0.60977421  0.60659921  0.27268158
1.935000  0.61224632  0.61224587  0.61113660  0.60965704  0.27226733
1.940000  0.61360662  0.61360617  0.61249693  0.61272167  0.27185163
1.945000  0.61496483  0.61496439  0.61385519  0.61579310  0.27143449
1.950000  0.61632096  0.61632051  0.61521139  0.61887132  0.27101590
1.955000  0.61767499  0.61767454  0.61656550  0.62195631  0.27059587
1.960000  0.61902692  0.61902647  0.61791754  0.62504806  0.27017441
1.965000  0.62037673  0.62037629  0.61926748  0.62814657  0.26975151
1.970000  0.62172443  0.62172399  0.62061532  0.63125183  0.26932719
1.975000  0.62307000  0.62306956  0.62196105  0.63436381  0.26890145
1.980000  0.62441344  0.62441300  0.62330467  0.63748252  0.26847428
1.985000  0.62575474  0.62575430  0.62464617  0.64060794  0.26804571
1.990000  0.62709390  0.62709345  0.62598554  0.64374007  0.26761572
1.995000  0.62843090  0.62843046  0.62732277  0.64687888  0.26718434
2.000000  0.62976574  0.62976530  0.62865787  0.65002437  0.26675155
2.005000  0.63109841  0.63109797  0.62999081  0.65317653  0.26631736
2.010000  0.63242891  0.63242847  0.63132160  0.65633535  0.26588179
2.015000  0.63375723  0.63375679  0.63265023  0.65950082  0.26544483
2.020000  0.63508336  0.63508292  0.63397668  0.66267292  0.26500648
2.025000  0.63640729  0.63640685  0.63530096  0.66585165  0.26456676
2.030000  0.63772902  0.63772858  0.63662305  0.66903699  0.26412567
2.035000  0.63904854  0.63904811  0.63794296  0.67222893  0.26368322
2.040000  0.64036585  0.64036541  0.63926066  0.67542747  0.26323940
2.045000  0.64168094  0.64168050  0.64057616  0.67863259  0.26279422
2.050000  0.64299379  0.64299336  0.64188945  0.68184428  0.26234770
2.055000  0.64430441  0.64430398  0.64320053  0.68506252  0.26189982
2.060000  0.64561279  0.64561235  0.64450937  0.68828732  0.26145061
2.065000  0.64691891  0.64691848  0.64581599  0.69151865  0.26100006
2.070000  0.64822279  0.64822235  0.64712037  0.69475650  0.26054818
2.075000  0.64952439  0.64952396  0.64842250  0.69800087  0.26009497
2.080000  0.65082373  0.65082330  0.64972238  0.70125174  0.25964045
2.085000  0.65212080  0.65212037  0.65102001  0.70450911  0.25918461
2.090000  0.65341558  0.65341515  0.65231537  0.70777295  0.25872746
2.095000  0.65470807  0.65470764  0.65360845  0.71104326  0.25826901
2.100000  0.65599826  0.65599784  0.65489926  0.71432002  0.25780926
2.105000  0.65728616  0.65728573  0.65618779  0.71760324  0.25734822
2.110000  0.65857174  0.65857132  0.65747402  0.72089288  0.25688589
2.115000  0.65985502  0.65985459  0.65875796  0.72418895  0.25642228
2.120000  0.66113597  0.66113554  0.66003959  0.72749143  0.25595740
2.125000  0.66241459  0.66241416  0.66131892  0.73080031  0.25549125
2.130000  0.66369088  0.66369045  0.66259593  0.73411557  0.25502384
2.135000  0.66496482  0.66496440  0.66387061  0.73743721  0.25455517
2.140000  0.66623643  0.66623600  0.66514296  0.74076521  0.25408525
2.145000  0.66750567  0.66750525  0.66641298  0.74409957  0.25361408
2.150000  0.66877256  0.66877214  0.66768066  0.74744027  0.25314168
2.155000  0.67003709  0.67003667  0.66894599  0.75078729  0.25266804
2.160000  0.67129924  0.67129882  0.67020897  0.75414063  0.25219318
2.165000  0.67255902  0.67255860  0.67146958  0.75750028  0.25171710
2.170000  0.67381641  0.67381599  0.67272783  0.76086622  0.25123981
2.175000  0.67507141  0.67507100  0.67398371  0.76423844  0.25076130
2.180000  0.67632402  0.67632360  0.67523721  0.76761693  0.25028160
2.185000  0.67757423  0.67757381  0.67648832  0.77100168  0.24980070
2.190000  0.67882203  0.67882161  0.67773705  0.77439267  0.24931862
2.195000  0.68006741  0.68006700  0.67898337  0.77778989  0.24883535
2.200000  0.68131038  0.68130996  0.68022730  0.78119334  0.24835091
2.205000  0.68255092  0.68255051  0.68146882  0.78460299  0.24786531
2.210000  0.68378903  0.68378862  0.68270792  0.78801884  0.24737854
2.215000  0.68502470  0.68502429  0.68394460  0.79144088  0.24689061
2.220000  0.68625793  0.68625752  0.68517885  0.79486909  0.24640154
2.225000  0.68748872  0.68748831  0.68641068  0.79830345  0.24591133
2.230000  0.68871705  0.68871663  0.68764007  0.80174397  0.24541999
2.235000  0.68994292  0.68994250  0.68886701  0.80519062  0.24492751
2.240000  0.69116632  0.69116591  0.69009150  0.80864340  0.24443392
2.245000  0.69238725  0.69238684  0.69131354  0.81210228  0.24393922
2.250000  0.69360571  0.69360530  0.69253312  0.81556726  0.24344341
2.255000  0.69482168  0.69482128  0.69375024  0.81903833  0.24294650
2.260000  0.69603517  0.69603477  0.69496488  0.82251548  0.24244850
2.265000  0.69724617  0.69724576  0.69617705  0.82599868  0.24194941
2.270000  0.69845466  0.69845426  0.69738673  0.82948793  0.24144925
2.275000  0.69966066  0.69966025  0.69859393  0.83298322  0.24094802
2.280000  0.70086414  0.70086374  0.69979864  0.83648454  0.24044572
2.285000  0.70206511  0.70206471  0.70100084  0.83999186  0.23994237
2.290000  0.70326357  0.70326316  0.70220054  0.84350518  0.23943798
2.295000  0.70445949  0.70445909  0.70339774  0.84702449  0.23893254
2.300000  0.70565289  0.70565249  0.70459242  0.85054977  0.23842607
2.305000  0.70684375  0.70684335  0.70578458  0.85408102  0.23791858
2.310000  0.70803207  0.70803167  0.70697421  0.85761821  0.23741006
2.315000  0.70921785  0.70921745  0.70816132  0.86116133  0.23690054
2.320000  0.71040108  0.71040068  0.70934589  0.86471038  0.23639002
2.325000  0.71158175  0.71158135  0.71052792  0.86826534  0.23587850
2.330000  0.71275986  0.71275946  0.71170741  0.87182619  0.23536600
2.335000  0.71393541  0.71393501  0.71288435  0.87539293  0.23485251
2.340000  0.71510838  0.71510799  0.71405873  0.87896554  0.23433806
2.345000  0.71627879  0.71627839  0.71523055  0.88254401  0.23382264
2.350000  0.71744661  0.71744621  0.71639981  0.88612833  0.23330627
2.355000  0.71861185  0.71861145  0.71756650  0.88971848  0.23278895
2.360000  0.71977450  0.71977410  0.71873061  0.89331444  0.23227069
2.365000  0.72093455  0.72093416  0.71989215  0.89691622  0.23175149
2.370000  0.72209201  0.72209162  0.72105110  0.90052378  0.23123138
2.375000  0.72324686  0.72324647  0.72220747  0.90413713  0.23071035
2.380000  0.72439911  0.72439872  0.72336124  0.90775625  0.23018841
2.385000  0.72554875  0.72554836  0.72451241  0.91138112  0.22966558
2.390000  0.72669577  0.72669538  0.72566098  0.91501173  0.22914185
2.395000  0.72784016  0.72783978  0.72680695  0.91864807  0.22861724
2.400000  0.72898194  0.72898155  0.72795030  0.92229013  0.22809176
2.405000  0.73012108  0.73012069  0.72909104  0.92593789  0.22756541
2.410000  0.73125759  0.73125720  0.73022916  0.92959133  0.22703821
2.415000  0.73239146  0.73239108  0.73136466  0.93325046  0.22651015
2.420000  0.73352269  0.73352230  0.73249752  0.93691524  0.22598126
2.425000  0.73465127  0.73465089  0.73362776  0.94058568  0.22545153
2.430000  0.73577720  0.73577682  0.73475536  0.94426175  0.22492098
2.435000  0.73690048  0.73690010  0.73588031  0.94794345  0.22438961
2.440000  0.73802110  0.73802072  0.73700262  0.95163075  0.22385744
2.445000  0.73913905  0.73913867  0.73812229  0.95532365  0.22332446
2.450000  0.74025434  0.74025396  0.73923930  0.95902214  0.22279070
2.455000  0.74136696  0.74136658  0.74035365  0.96272619  0.22225616
2.460000  0.74247690  0.74247652  0.74146534  0.96643580  0.22172085
2.465000  0.74358417  0.74358379  0.74257436  0.97015096  0.22118477
2.470000  0.74468875  0.74468837  0.74368072  0.97387164  0.22064794
2.475000  0.74579064  0.74579027  0.74478440  0.97759784  0.22011036
2.480000  0.74688985  0.74688947  0.74588541  0.98132954  0.21957204
2.485000  0.74798636  0.74798599  0.74698374  0.98506674  0.21903300
2.490000  0.74908018  0.74907980  0.74807938  0.98880940  0.21849323
2.495000  0.75017129  0.75017092  0.74917233  0.99255753  0.21795276
2.500000  0.75125971  0.75125933  0.75026260  0.99631111  0.21741158
2.505000  0.75234541  0.75234504  0.75135016  1.00007013  0.21686972
2.510000  0.75342840  0.75342803  0.75243503  1.00383456  0.21632716
2.515000  0.75450868  0.75450831  0.75351720  1.00760440  0.21578394
2.520000  0.75558624  0.75558587  0.75459666  1.01137964  0.21524004
2.525000  0.75666108  0.75666071  0.75567342  1.01516026  0.21469549
2.530000  0.75773319  0.75773282  0.75674746  1.01894625  0.21415029
2.535000  0.75880258  0.75880221  0.75781879  1.02273759  0.21360446
2.540000  0.75986924  0.75986887  0.75888739  1.02653427  0.21305799
2.545000  0.76093316  0.76093279  0.75995328  1.03033628  0.21251090
2.550000  0.76199435  0.76199398  0.76101644  1.03414360  0.21196320
2.555000  0.76305279  0.76305242  0.76207687  1.03795622  0.21141490
2.560000  0.76410849  0.76410813  0.76313457  1.04177412  0.21086601
2.565000  0.76516145  0.76516109  0.76418954  1.04559730  0.21031653
2.570000  0.76621166  0.76621129  0.76524177  1.04942573  0.20976648
2.575000  0.76725911  0.76725875  0.76629126  1.05325941  0.20921586
2.580000  0.76830382  0.76830345  0.76733801  1.05709832  0.20866469
2.585000  0.76934576  0.76934540  0.76838201  1.06094244  0.20811297
2.590000  0.77038494  0.77038458  0.76942326  1.06479177  0.20756072
2.595000  0.77142137  0.77142101  0.77046176  1.06864629  0.20700793
2.600000  0.77245502  0.77245466  0.77149751  1.07250598  0.20645463
2.605000  0.77348591  0.77348555  0.77253050  1.07637083  0.20590081
2.610000  0.77451403  0.77451367  0.77356073  1.08024083  0.20534650
2.615000  0.77553938  0.77553902  0.77458819  1.08411597  0.20479170
2.620000  0.77656195  0.77656159  0.77561290  1.08799622  0.20423642
2.625000  0.77758174  0.77758138  0.77663484  1.09188158  0.20368066
2.630000  0.77859875  0.77859840  0.77765400  1.09577204  0.20312444
2.635000  0.77961298  0.77961263  0.77867040  1.09966757  0.20256777
2.640000  0.78062443  0.78062407  0.77968402  1.10356816  0.20201066
2.645000  0.78163309  0.78163273  0.78069487  1.10747381  0.20145311
2.650000  0.78263896  0.78263861  0.78170293  1.11138449  0.20089514
2.655000  0.78364204  0.78364169  0.78270822  1.11530019  0.20033676
2.660000  0.78464233  0.78464197  0.78371072  1.11922090  0.19977797
2.665000  0.78563982  0.78563947  0.78471044  1.12314661  0.19921878
2.670000  0.78663451  0.78663416  0.78570737  1.12707730  0.19865921
2.675000  0.78762641  0.78762606  0.78670151  1.13101295  0.19809926
2.680000  0.78861551  0.78861516  0.78769286  1.13495356  0.19753895
2.685000  0.78960180  0.78960145  0.78868142  1.13889910  0.19697828
2.690000  0.79058529  0.79058494  0.78966718  1.14284957  0.19641726
2.695000  0.79156597  0.79156562  0.79065015  1.14680495  0.19585591
2.700000  0.79254385  0.79254350  0.79163032  1.15076522  0.19529422
2.705000  0.79351891  0.79351857  0.79260768  1.15473038  0.19473222
2.710000  0.79449117  0.79449082  0.79358225  1.15870041  0.19416991
2.715000  0.79546061  0.79546027  0.79455401  1.16267529  0.19360730
2.720000  0.79642724  0.79642690  0.79552297  1.16665501  0.19304440
2.725000  0.79739106  0.79739071  0.79648912  1.17063956  0.19248122
2.730000  0.79835205  0.79835171  0.79745247  1.17462892  0.19191777
2.735000  0.79931023  0.79930989  0.79841300  1.17862307  0.19135406
2.740000  0.80026559  0.80026525  0.79937073  1.18262201  0.19079011
2.745000  0.80121813  0.80121779  0.80032564  1.18662572  0.19022590
2.750000  0.80216785  0.80216751  0.80127774  1.19063419  0.18966147
2.755000  0.80311475  0.80311441  0.80222702  1.19464740  0.18909682
2.760000  0.80405882  0.80405848  0.80317349  1.19866533  0.18853196
2.765000  0.80500007  0.80499973  0.80411714  1.20268798  0.18796689
2.770000  0.80593849  0.80593815  0.80505797  1.20671533  0.18740163
2.775000  0.80687408  0.80687374  0.80599599  1.21074736  0.18683619
2.780000  0.80780685  0.80780651  0.80693119  1.21478407  0.18627058
2.785000  0.80873679  0.80873645  0.80786356  1.21882543  0.18570480
2.790000  0.80966390  0.80966356  0.80879311  1.22287143  0.18513887
2.795000  0.81058818  0.81058784  0.80971984  1.22692206  0.18457280
2.800000  0.81150963  0.81150929  0.81064375  1.23097731  0.18400659
2.805000  0.81242824  0.81242791  0.81156483  1.23503715  0.18344026
2.810000  0.81334403  0.81334369  0.81248309  1.23910158  0.18287382
2.815000  0.81425698  0.81425665  0.81339852  1.24317059  0.18230727
2.820000  0.81516710  0.81516677  0.81431113  1.24724415  0.18174063
2.825000  0.81607439  0.81607405  0.81522091  1.25132225  0.18117390
2.830000  0.81697884  0.81697851  0.81612786  1.25540489  0.18060710
2.835000  0.81788046  0.81788012  0.81703199  1.25949204  0.18004023
2.840000  0.81877924  0.81877891  0.81793329  1.26358369  0.17947330
2.845000  0.81967519  0.81967486  0.81883176  1.26767982  0.17890633
2.850000  0.82056830  0.82056797  0.81972740  1.27178043  0.17833933
2.855000  0.82145858  0.82145825  0.82062021  1.27588550  0.17777229
2.860000  0.82234603  0.82234570  0.82151019  1.27999502  0.17720524
2.865000  0.82323064  0.82323031  0.82239735  1.28410896  0.17663819
2.870000  0.82411241  0.82411208  0.82328167  1.28822732  0.17607113
2.875000  0.82499135  0.82499102  0.82416317  1.29235008  0.17550409
2.880000  0.82586745  0.82586712  0.82504183  1.29647723  0.17493707
2.885000  0.82674072  0.82674039  0.82591767  1.30060875  0.17437009
2.890000  0.82761115  0.82761082  0.82679068  1.30474463  0.17380314
2.895000  0.82847875  0.82847842  0.82766086  1.30888485  0.17323625
2.900000  0.82934351  0.82934319  0.82852821  1.31302941  0.17266941
2.905000  0.83020544  0.83020512  0.82939273  1.31717828  0.17210265
2.910000  0.83106454  0.83106422  0.83025442  1.32133146  0.17153597
2.915000  0.83192080  0.83192048  0.83111329  1.32548893  0.17096937
2.920000  0.83277423  0.83277391  0.83196932  1.32965066  0.17040288
2.925000  0.83362483  0.83362451  0.83282253  1.33381666  0.16983650
2.930000  0.83447260  0.83447228  0.83367292  1.33798691  0.16927023
2.935000  0.83531754  0.83531721  0.83452047  1.34216138  0.16870409
2.940000  0.83615964  0.83615932  0.83536521  1.34634008  0.16813809
2.945000  0.83699892  0.83699860  0.83620711  1.35052298  0.16757224
2.950000  0.83783536  0.83783504  0.83704619  1.35471006  0.16700654
2.955000  0.83866898  0.83866866  0.83788245  1.35890133  0.16644102
2.960000  0.83949977  0.83949945  0.83871589  1.36309675  0.16587566
2.965000  0.84032774  0.84032742  0.83954650  1.36729632  0.16531050
2.970000  0.84115288  0.84115256  0.84037429  1.37150002  0.16474552
2.975000  0.84197519  0.84197488  0.84119927  1.37570784  0.16418076
2.980000  0.84279469  0.84279437  0.84202142  1.37991977  0.16361620
2.985000  0.84361136  0.84361104  0.84284075  1.38413578  0.16305187
2.990000  0.84442521  0.84442489  0.84365727  1.38835588  0.16248778
2.995000  0.84523624  0.84523592  0.84447097  1.39258003  0.16192392
3.000000  0.84604445  0.84604413  0.84528186  1.39680823  0.16136032
3.005000  0.84684984  0.84684952  0.84608993  1.40104047  0.16079698
3.010000  0.84765242  0.84765210  0.84689519  1.40527673  0.16023391
3.015000  0.84845218  0.84845186  0.84769763  1.40951699  0.15967112
3.020000  0.84924913  0.84924881  0.84849727  1.41376125  0.15910861
3.025000  0.85004327  0.85004295  0.84929410  1.41800948  0.15854641
3.030000  0.85083459  0.85083428  0.85008812  1.42226167  0.15798452
3.035000  0.85162311  0.85162280  0.85087934  1.42651782  0.15742294
3.040000  0.85240882  0.85240851  0.85166775  1.43077790  0.15686169
3.045000  0.85319173  0.85319142  0.85245336  1.43504190  0.15630077
3.050000  0.85397183  0.85397152  0.85323617  1.43930981  0.15574020
3.055000  0.85474913  0.85474882  0.85401617  1.44358162  0.15517998
3.060000  0.85552363  0.85552332  0.85479338  1.44785730  0.15462013
3.065000  0.85629533  0.85629502  0.85556780  1.45213685  0.15406064
3.070000  0.85706424  0.85706393  0.85633942  1.45642025  0.15350154
3.075000  0.85783035  0.85783004  0.85710825  1.46070749  0.15294283
3.080000  0.85859367  0.85859336  0.85787428  1.46499855  0.15238452
3.085000  0.85935419  0.85935389  0.85863753  1.46929342  0.15182662
3.090000  0.86011193  0.86011163  0.85939799  1.47359208  0.15126914
3.095000  0.86086689  0.86086658  0.86015567  1.47789453  0.15071208
3.100000  0.86161906  0.86161875  0.86091057  1.48220075  0.15015546
3.105000  0.86236844  0.86236814  0.86166268  1.48651072  0.14959928
3.110000  0.86311505  0.86311474  0.86241202  1.49082443  0.14904356
3.115000  0.86385888  0.86385857  0.86315858  1.49514186  0.14848829
3.120000  0.86459993  0.86459963  0.86390237  1.49946301  0.14793350
3.125000  0.86533821  0.86533791  0.86464338  1.50378786  0.14737919
3.130000  0.86607373  0.86607342  0.86538163  1.50811639  0.14682537
3.135000  0.86680647  0.86680616  0.86611711  1.51244859  0.14627205
3.140000  0.86753645  0.86753614  0.86684982  1.51678445  0.14571923
3.145000  0.86826366  0.86826336  0.86757977  1.52112395  0.14516693
3.150000  0.86898812  0.86898781  0.86830697  1.52546708  0.14461515
3.155000  0.86970981  0.86970951  0.86903140  1.52981383  0.14406390
3.160000  0.87042876  0.87042845  0.86975308  1.53416418  0.14351320
3.165000  0.87114495  0.87114465  0.87047202  1.53851811  0.14296304
3.170000  0.87185839  0.87185809  0.87118820  1.54287562  0.14241344
3.175000  0.87256908  0.87256878  0.87190163  1.54723669  0.14186441
3.180000  0.87327703  0.87327673  0.87261232  1.55160131  0.14131596
3.185000  0.87398224  0.87398194  0.87332027  1.55596946  0.14076808
3.190000  0.87468471  0.87468442  0.87402549  1.56034112  0.14022080
3.195000  0.87538445  0.87538415  0.87472797  1.56471630  0.13967413
3.200000  0.87608146  0.87608116  0.87542771  1.56909496  0.13912806
3.205000  0.87677573  0.87677543  0.87612473  1.57347711  0.13858260
3.210000  0.87746728  0.87746699  0.87681902  1.57786272  0.13803778
3.215000  0.87815611  0.87815581  0.87751059  1.58225178  0.13749358
3.220000  0.87884222  0.87884192  0.87819944  1.58664427  0.13695003
3.225000  0.87952561  0.87952532  0.87888557  1.59104019  0.13640713
3.230000  0.88020629  0.88020600  0.87956899  1.59543953  0.13586489
3.235000  0.88088426  0.88088397  0.88024970  1.59984225  0.13532331
3.240000  0.88155953  0.88155923  0.88092770  1.60424836  0.13478241
3.245000  0.88223209  0.88223179  0.88160300  1.60865784  0.13424219
3.250000  0.88290195  0.88290166  0.88227560  1.61307068  0.13370266
3.255000  0.88356912  0.88356882  0.88294550  1.61748686  0.13316384
3.260000  0.88423359  0.88423330  0.88361271  1.62190637  0.13262571
3.265000  0.88489538  0.88489508  0.88427722  1.62632919  0.13208831
3.270000  0.88555447  0.88555418  0.88493905  1.63075532  0.13155162
3.275000  0.88621089  0.88621060  0.88559820  1.63518473  0.13101567
3.280000  0.88686463  0.88686434  0.88625467  1.63961742  0.13048045
3.285000  0.88751570  0.88751541  0.88690846  1.64405337  0.12994598
3.290000  0.88816409  0.88816380  0.88755958  1.64849257  0.12941226
3.295000  0.88880982  0.88880953  0.88820804  1.65293501  0.12887931
3.300000  0.88945289  0.88945260  0.88885382  1.65738067  0.12834712
3.305000  0.89009329  0.89009300  0.88949695  1.66182953  0.12781571
3.310000  0.89073105  0.89073076  0.89013742  1.66628159  0.12728508
3.315000  0.89136615  0.89136586  0.89077524  1.67073684  0.12675525
3.320000  0.89199860  0.89199831  0.89141040  1.67519525  0.12622621
3.325000  0.89262841  0.89262812  0.89204293  1.67965682  0.12569798
3.330000  0.89325558  0.89325529  0.89267281  1.68412153  0.12517057
3.335000  0.89388012  0.89387983  0.89330005  1.68858937  0.12464397
3.340000  0.89450202  0.89450173  0.89392466  1.69306033  0.12411821
3.345000  0.89512130  0.89512101  0.89454664  1.69753439  0.12359328
3.350000  0.89573796  0.89573767  0.89516600  1.70201154  0.12306919
3.355000  0.89635199  0.89635171  0.89578273  1.70649176  0.12254595
3.360000  0.89696342  0.89696313  0.89639685  1.71097505  0.12202357
3.365000  0.89757223  0.89757194  0.89700836  1.71546139  0.12150206
3.370000  0.89817844  0.89817815  0.89761726  1.71995077  0.12098141
3.375000  0.89878205  0.89878176  0.89822355  1.72444317  0.12046165
3.380000  0.89938306  0.89938277  0.89882725  1.72893859  0.11994277
3.385000  0.89998148  0.89998119  0.89942834  1.73343700  0.11942478
3.390000  0.90057731  0.90057702  0.90002685  1.73793840  0.11890770
3.395000  0.90117055  0.90117027  0.90062277  1.74244277  0.11839151
3.400000  0.90176122  0.90176094  0.90121612  1.74695010  0.11787625
3.405000  0.90234932  0.90234903  0.90180688  1.75146038  0.11736190
3.410000  0.90293484  0.90293456  0.90239507  1.75597359  0.11684847
3.415000  0.90351780  0.90351752  0.90298069  1.76048972  0.11633599
3.420000  0.90409821  0.90409792  0.90356375  1.76500876  0.11582444
3.425000  0.90467605  0.90467577  0.90414425  1.76953070  0.11531383
3.430000  0.90525135  0.90525106  0.90472219  1.77405552  0.11480418
3.435000  0.90582409  0.90582381  0.90529759  1.77858321  0.11429549
3.440000  0.90639430  0.90639402  0.90587044  1.78311375  0.11378776
3.445000  0.90696197  0.90696169  0.90644075  1.78764715  0.11328101
3.450000  0.90752711  0.90752683  0.90700852  1.79218337  0.11277523
3.455000  0.90808973  0.90808945  0.90757377  1.79672241  0.11227044
3.460000  0.90864982  0.90864954  0.90813649  1.80126426  0.11176664
3.465000  0.90920740  0.90920711  0.90869669  1.80580891  0.11126384
3.470000  0.90976246  0.90976218  0.90925437  1.81035633  0.11076204
3.475000  0.91031502  0.91031474  0.90980954  1.81490653  0.11026125
3.480000  0.91086507  0.91086479  0.91036221  1.81945948  0.10976147
3.485000  0.91141263  0.91141235  0.91091237  1.82401517  0.10926271
3.490000  0.91195770  0.91195742  0.91146004  1.82857360  0.10876499
3.495000  0.91250029  0.91250001  0.91200522  1.83313475  0.10826829
3.500000  0.91304039  0.91304011  0.91254792  1.83769860  0.10777264
3.505000  0.91357801  0.91357773  0.91308813  1.84226515  0.10727803
3.510000  0.91411317  0.91411289  0.91362587  1.84683438  0.10678447
3.515000  0.91464586  0.91464558  0.91416114  1.85140627  0.10629196
3.520000  0.91517609  0.91517581  0.91469394  1.85598083  0.10580052
3.525000  0.91570387  0.91570359  0.91522429  1.86055803  0.10531015
3.530000  0.91622919  0.91622892  0.91575218  1.86513786  0.10482084
3.535000  0.91675208  0.91675180  0.91627762  1.86972032  0.10433262
3.540000  0.91727252  0.91727225  0.91680062  1.87430538  0.10384548
3.545000  0.91779053  0.91779026  0.91732118  1.87889304  0.10335943
3.550000  0.91830612  0.91830584  0.91783930  1.88348328  0.10287448
3.555000  0.91881928  0.91881900  0.91835500  1.88807610  0.10239062
3.560000  0.91933003  0.91932975  0.91886828  1.89267147  0.10190787
3.565000  0.91983836  0.91983809  0.91937914  1.89726939  0.10142623
3.570000  0.92034429  0.92034402  0.91988760  1.90186985  0.10094571
3.575000  0.92084782  0.92084755  0.92039364  1.90647283  0.10046631
3.580000  0.92134896  0.92134868  0.92089729  1.91107833  0.09998803
3.585000  0.92184770  0.92184743  0.92139854  1.91568632  0.09951088
3.590000  0.92234407  0.92234379  0.92189740  1.92029680  0.09903487
3.595000  0.92283805  0.92283778  0.92239388  1.92490975  0.09856000
3.600000  0.92332967  0.92332940  0.92288799  1.92952517  0.09808628
3.605000  0.92381892  0.92381864  0.92337972  1.93414305  0.09761370
3.610000  0.92430581  0.92430553  0.92386909  1.93876336  0.09714229
3.615000  0.92479034  0.92479007  0.92435609  1.94338610  0.09667203
3.620000  0.92527253  0.92527226  0.92484075  1.94801126  0.09620293
3.625000  0.92575237  0.92575210  0.92532305  1.95263882  0.09573501
3.630000  0.92622988  0.92622961  0.92580301  1.95726878  0.09526825
3.635000  0.92670506  0.92670479  0.92628063  1.96190112  0.09480268
3.640000  0.92717791  0.92717764  0.92675593  1.96653583  0.09433829
3.645000  0.92764844  0.92764817  0.92722890  1.97117289  0.09387508
3.650000  0.92811666  0.92811639  0.92769954  1.97581231  0.09341307
3.655000  0.92858258  0.92858231  0.92816788  1.98045406  0.09295225
3.660000  0.92904619  0.92904592  0.92863391  1.98509813  0.09249263
3.665000  0.92950750  0.92950723  0.92909763  1.98974451  0.09203422
3.670000  0.92996653  0.92996626  0.92955907  1.99439320  0.09157701
3.675000  0.93042328  0.93042301  0.93001821  1.99904418  0.09112102
3.680000  0.93087774  0.93087748  0.93047507  2.00369743  0.09066624
3.685000  0.93132994  0.93132967  0.93092965  2.00835295  0.09021268
3.690000  0.93177987  0.93177960  0.93138196  2.01301072  0.08976034
3.695000  0.93222755  0.93222728  0.93183200  2.01767074  0.08930924
3.700000  0.93267297  0.93267270  0.93227979  2.02233300  0.08885936
3.705000  0.93311614  0.93311588  0.93272532  2.02699747  0.08841072
3.710000  0.93355708  0.93355681  0.93316860  2.03166415  0.08796332
3.715000  0.93399578  0.93399551  0.93360965  2.03633304  0.08751716
3.720000  0.93443225  0.93443198  0.93404846  2.04100411  0.08707225
3.725000  0.93486650  0.93486624  0.93448504  2.04567736  0.08662859
3.730000  0.93529854  0.93529827  0.93491940  2.05035277  0.08618618
3.735000  0.93572837  0.93572810  0.93535155  2.05503034  0.08574503
3.740000  0.93615599  0.93615573  0.93578148  2.05971005  0.08530514
3.745000  0.93658142  0.93658115  0.93620921  2.06439189  0.08486651
3.750000  0.93700466  0.93700439  0.93663475  2.06907586  0.08442915
3.755000  0.93742571  0.93742545  0.93705809  2.07376194  0.08399306
3.760000  0.93784459  0.93784433  0.93747925  2.07845011  0.08355825
3.765000  0.93826130  0.93826103  0.93789823  2.08314038  0.08312471
3.770000  0.93867584  0.93867558  0.93831504  2.08783272  0.08269245
3.775000  0.93908822  0.93908796  0.93872969  2.09252713  0.08226147
3.780000  0.93949846  0.93949819  0.93914217  2.09722360  0.08183177
3.785000  0.93990654  0.93990628  0.93955251  2.10192211  0.08140337
3.790000  0.94031249  0.94031223  0.93996069  2.10662266  0.08097626
3.795000  0.94071631  0.94071605  0.94036674  2.11132524  0.08055044
3.800000  0.94111800  0.94111774  0.94077065  2.11602982  0.08012592
3.805000  0.94151757  0.94151731  0.94117244  2.12073641  0.07970270
3.810000  0.94191503  0.94191477  0.94157211  2.12544499  0.07928078
3.815000  0.94231038  0.94231012  0.94196966  2.13015556  0.07886016
3.820000  0.94270363  0.94270337  0.94236511  2.13486810  0.07844086
3.825000  0.94309479  0.94309453  0.94275845  2.13958259  0.07802286
3.830000  0.94348386  0.94348360  0.94314971  2.14429904  0.07760617
3.835000  0.94387085  0.94387060  0.94353887  2.14901743  0.07719081
3.840000  0.94425577  0.94425551  0.94392595  2.15373774  0.07677675
3.845000  0.94463862  0.94463837  0.94431096  2.15845998  0.07636402
3.850000  0.94501942  0.94501916  0.94469390  2.16318413  0.07595261
3.855000  0.94539815  0.94539790  0.94507478  2.16791017  0.07554252
3.860000  0.94577484  0.94577459  0.94545360  2.17263811  0.07513376
3.865000  0.94614949  0.94614924  0.94583038  2.17736792  0.07472633
3.870000  0.94652211  0.94652185  0.94620511  2.18209960  0.07432023
3.875000  0.94689270  0.94689244  0.94657781  2.18683313  0.07391546
3.880000  0.94726127  0.94726101  0.94694848  2.19156852  0.07351203
3.885000  0.94762782  0.94762756  0.94731713  2.19630574  0.07310993
3.890000  0.94799237  0.94799211  0.94768376  2.20104480  0.07270917
3.895000  0.94835491  0.94835466  0.94804839  2.20578566  0.07230975
3.900000  0.94871547  0.94871521  0.94841101  2.21052834  0.07191167
3.905000  0.94907403  0.94907378  0.94877164  2.21527282  0.07151494
3.910000  0.94943062  0.94943036  0.94913028  2.22001908  0.07111955
3.915000  0.94978523  0.94978498  0.94948694  2.22476712  0.07072550
3.920000  0.95013788  0.95013762  0.94984163  2.22951693  0.07033281
3.925000  0.95048856  0.95048831  0.95019434  2.23426849  0.06994146
3.930000  0.95083729  0.95083704  0.95054510  2.23902181  0.06955147
3.935000  0.95118408  0.95118383  0.95089390  2.24377686  0.06916283
3.940000  0.95152892  0.95152867  0.95124075  2.24853365  0.06877554
3.945000  0.95187183  0.95187158  0.95158567  2.25329215  0.06838961
3.950000  0.95221282  0.95221257  0.95192864  2.25805236  0.06800503
3.955000  0.95255189  0.95255164  0.95226969  2.26281427  0.06762181
3.960000  0.95288904  0.95288879  0.95260882  2.26757788  0.06723995
3.965000  0.95322429  0.95322404  0.95294604  2.27234316  0.06685945
3.970000  0.95355764  0.95355739  0.95328135  2.27711012  0.06648032
3.975000  0.95388909  0.95388885  0.95361475  2.28187874  0.06610254
3.980000  0.95421867  0.95421842  0.95394627  2.28664901  0.06572613
3.985000  0.95454636  0.95454611  0.95427589  2.29142092  0.06535108
3.990000  0.95487218  0.95487193  0.95460364  2.29619447  0.06497739
3.995000  0.95519613  0.95519589  0.95492952  2.30096964  0.06460507
4.000000  0.95551823  0.95551798  0.95525352  2.30574642  0.06423412
4.005000  0.95583848  0.95583823  0.95557567  2.31052482  0.06386454
4.010000  0.95615688  0.95615663  0.95589597  2.31530481  0.06349632
4.015000  0.95647344  0.95647320  0.95621442  2.32008638  0.06312947
4.020000  0.95678818  0.95678793  0.95653103  2.32486954  0.06276399
4.025000  0.95710109  0.95710084  0.95684580  2.32965426  0.06239988
4.030000  0.95741218  0.95741193  0.95715876  2.33444055  0.06203714
4.035000  0.95772146  0.95772121  0.95746989  2.33922838  0.06167577
4.040000  0.95802894  0.95802869  0.95777921  2.34401776  0.06131577
4.045000  0.95833462  0.95833438  0.95808673  2.34880867  0.06095714
4.050000  0.95863851  0.95863827  0.95839245  2.35360110  0.06059989
4.055000  0.95894062  0.95894038  0.95869638  2.35839505  0.06024400
4.060000  0.95924095  0.95924071  0.95899852  2.36319050  0.05988949
4.065000  0.95953952  0.95953928  0.95929889  2.36798746  0.05953635
4.070000  0.95983632  0.95983608  0.95959749  2.37278590  0.05918458
4.075000  0.96013137  0.96013112  0.95989432  2.37758582  0.05883419
4.080000  0.96042466  0.96042442  0.96018940  2.38238721  0.05848517
4.085000  0.96071622  0.96071598  0.96048272  2.38719006  0.05813752
4.090000  0.96100604  0.96100580  0.96077430  2.39199437  0.05779124
4.095000  0.96129413  0.96129389  0.96106415  2.39680012  0.05744634
4.100000  0.96158051  0.96158027  0.96135227  2.40160730  0.05710280
4.105000  0.96186516  0.96186493  0.96163866  2.40641592  0.05676064
4.110000  0.96214812  0.96214788  0.96192334  2.41122595  0.05641986
4.115000  0.96242937  0.96242913  0.96220631  2.41603740  0.05608044
4.120000  0.96270892  0.96270868  0.96248758  2.42085024  0.05574239
4.125000  0.96298679  0.96298655  0.96276715  2.42566448  0.05540572
4.130000  0.96326298  0.96326274  0.96304504  2.43048011  0.05507041
4.135000  0.96353750  0.96353726  0.96332124  2.43529711  0.05473648
4.140000  0.96381035  0.96381011  0.96359577  2.44011548  0.05440392
4.145000  0.96408154  0.96408130  0.96386863  2.44493521  0.05407272
4.150000  0.96435108  0.96435084  0.96413983  2.44975629  0.05374290
4.155000  0.96461897  0.96461874  0.96440937  2.45457872  0.05341444
4.160000  0.96488522  0.96488499  0.96467727  2.45940248  0.05308735
4.165000  0.96514985  0.96514961  0.96494353  2.46422757  0.05276162
4.170000  0.96541284  0.96541261  0.96520816  2.46905398  0.05243726
4.175000  0.96567422  0.96567399  0.96547115  2.47388169  0.05211427
4.180000  0.96593399  0.96593376  0.96573253  2.47871072  0.05179264
4.185000  0.96619215  0.96619192  0.96599230  2.48354103  0.05147237
4.190000  0.96644871  0.96644848  0.96625046  2.48837263  0.05115347
4.195000  0.96670369  0.96670346  0.96650702  2.49320552  0.05083593
4.200000  0.96695708  0.96695684  0.96676198  2.49803967  0.05051975
4.205000  0.96720889  0.96720866  0.96701536  2.50287508  0.05020493
4.210000  0.96745913  0.96745890  0.96726717  2.50771176  0.04989146
4.215000  0.96770780  0.96770757  0.96751740  2.51254967  0.04957936
4.220000  0.96795492  0.96795469  0.96776606  2.51738883  0.04926861
4.225000  0.96820049  0.96820026  0.96801317  2.52222922  0.04895922
4.230000  0.96844452  0.96844429  0.96825872  2.52707083  0.04865118
4.235000  0.96868701  0.96868678  0.96850273  2.53191366  0.04834449
4.240000  0.96892796  0.96892774  0.96874520  2.53675770  0.04803916
4.245000  0.96916740  0.96916717  0.96898614  2.54160294  0.04773517
4.250000  0.96940532  0.96940509  0.96922556  2.54644937  0.04743254
4.255000  0.96964173  0.96964150  0.96946345  2.55129699  0.04713125
4.260000  0.96987663  0.96987641  0.96969984  2.55614579  0.04683131
4.265000  0.97011004  0.97010982  0.96993472  2.56099575  0.04653271
4.270000  0.97034196  0.97034174  0.97016810  2.56584688  0.04623546
4.275000  0.97057240  0.97057218  0.97039999  2.57069917  0.04593954
4.280000  0.97080136  0.97080114  0.97063040  2.57555261  0.04564497
4.285000  0.97102885  0.97102863  0.97085933  2.58040718  0.04535174
4.290000  0.97125488  0.97125466  0.97108679  2.58526289  0.04505984
4.295000  0.97147945  0.97147923  0.97131278  2.59011973  0.04476928
4.300000  0.97170258  0.97170235  0.97153732  2.59497768  0.04448005
4.305000  0.97192426  0.97192403  0.97176041  2.59983675  0.04419216
4.310000  0.97214450  0.97214428  0.97198205  2.60469692  0.04390559
4.315000  0.97236331  0.97236309  0.97220225  2.60955819  0.04362035
4.320000  0.97258070  0.97258048  0.97242102  2.61442056  0.04333644
4.325000  0.97279668  0.97279646  0.97263837  2.61928400  0.04305385
4.330000  0.97301125  0.97301103  0.97285430  2.62414852  0.04277259
4.335000  0.97322441  0.97322419  0.97306883  2.62901411  0.04249264
4.340000  0.97343617  0.97343596  0.97328194  2.63388076  0.04221402
4.345000  0.97364655  0.97364633  0.97349366  2.63874847  0.04193671
4.350000  0.97385554  0.97385533  0.97370399  2.64361722  0.04166072
4.355000  0.97406316  0.97406294  0.97391293  2.64848702  0.04138603
4.360000  0.97426941  0.97426919  0.97412049  2.65335785  0.04111266
4.365000  0.97447429  0.97447407  0.97432668  2.65822971  0.04084060
4.370000  0.97467781  0.97467760  0.97453151  2.66310259  0.04056984
4.375000  0.97487999  0.97487977  0.97473498  2.66797649  0.04030039
4.380000  0.97508082  0.97508061  0.97493710  2.67285139  0.04003224
4.385000  0.97528031  0.97528010  0.97513787  2.67772730  0.03976539
4.390000  0.97547848  0.97547826  0.97533730  2.68260419  0.03949984
4.395000  0.97567531  0.97567510  0.97553540  2.68748208  0.03923558
4.400000  0.97587083  0.97587062  0.97573218  2.69236094  0.03897261
4.405000  0.97606504  0.97606483  0.97592763  2.69724078  0.03871093
4.410000  0.97625795  0.97625773  0.97612178  2.70212159  0.03845055
4.415000  0.97644955  0.97644934  0.97631461  2.70700336  0.03819144
4.420000  0.97663986  0.97663965  0.97650615  2.71188609  0.03793362
4.425000  0.97682889  0.97682868  0.97669639  2.71676976  0.03767708
4.430000  0.97701664  0.97701643  0.97688534  2.72165437  0.03742182
4.435000  0.97720311  0.97720290  0.97707302  2.72653992  0.03716784
4.440000  0.97738832  0.97738811  0.97725942  2.73142640  0.03691512
4.445000  0.97757226  0.97757205  0.97744455  2.73631380  0.03666368
4.450000  0.97775495  0.97775475  0.97762842  2.74120212  0.03641351
4.455000  0.97793640  0.97793619  0.97781104  2.74609135  0.03616460
4.460000  0.97811660  0.97811640  0.97799240  2.75098148  0.03591695
4.465000  0.97829557  0.97829536  0.97817252  2.75587251  0.03567056
4.470000  0.97847331  0.97847310  0.97835141  2.76076444  0.03542543
4.475000  0.97864983  0.97864962  0.97852907  2.76565725  0.03518155
4.480000  0.97882513  0.97882492  0.97870550  2.77055093  0.03493893
4.485000  0.97899922  0.97899901  0.97888072  2.77544550  0.03469755
4.490000  0.97917211  0.97917190  0.97905472  2.78034092  0.03445742
4.495000  0.97934380  0.97934359  0.97922752  2.78523721  0.03421854
4.500000  0.97951429  0.97951409  0.97939912  2.79013436  0.03398089
4.505000  0.97968361  0.97968340  0.97956953  2.79503236  0.03374448
4.510000  0.97985174  0.97985154  0.97973875  2.79993119  0.03350930
4.515000  0.98001870  0.98001850  0.97990679  2.80483087  0.03327536
4.520000  0.98018450  0.98018429  0.98007366  2.80973138  0.03304264
4.525000  0.98034913  0.98034893  0.98023936  2.81463271  0.03281115
4.530000  0.98051261  0.98051241  0.98040390  2.81953487  0.03258088
4.535000  0.98067494  0.98067474  0.98056728  2.82443784  0.03235184
4.540000  0.98083613  0.98083593  0.98072951  2.82934162  0.03212401
4.545000  0.98099618  0.98099598  0.98089060  2.83424620  0.03189739
4.550000  0.98115511  0.98115491  0.98105056  2.83915158  0.03167198
4.555000  0.98131290  0.98131271  0.98120938  2.84405775  0.03144778
4.560000  0.98146959  0.98146939  0.98136707  2.84896470  0.03122478
4.565000  0.98162515  0.98162496  0.98152365  2.85387244  0.03100299
4.570000  0.98177962  0.98177942  0.98167911  2.85878095  0.03078239
4.575000  0.98193298  0.98193279  0.98183347  2.86369023  0.03056298
4.580000  0.98208525  0.98208505  0.98198673  2.86860028  0.03034477
4.585000  0.98223643  0.98223624  0.98213889  2.87351109  0.03012775
4.590000  0.98238653  0.98238634  0.98228996  2.87842264  0.02991191
4.595000  0.98253555  0.98253536  0.98243995  2.88333495  0.02969725
4.600000  0.98268350  0.98268331  0.98258886  2.88824800  0.02948377
4.605000  0.98283039  0.98283020  0.98273670  2.89316178  0.02927147
4.610000  0.98297622  0.98297603  0.98288347  2.89807630  0.02906034
4.615000  0.98312100  0.98312081  0.98302919  2.90299154  0.02885037
4.620000  0.98326473  0.98326454  0.98317385  2.90790751  0.02864157
4.625000  0.98340741  0.98340722  0.98331746  2.91282419  0.02843393
4.630000  0.98354907  0.98354888  0.98346003  2.91774158  0.02822746
4.635000  0.98368969  0.98368950  0.98360157  2.92265968  0.02802213
4.640000  0.98382929  0.98382910  0.98374207  2.92757847  0.02781796
4.645000  0.98396787  0.98396768  0.98388155  2.93249797  0.02761493
4.650000  0.98410544  0.98410525  0.98402001  2.93741815  0.02741305
4.655000  0.98424200  0.98424182  0.98415746  2.94233902  0.02721232
4.660000  0.98437757  0.98437738  0.98429390  2.94726057  0.02701271
4.665000  0.98451213  0.98451195  0.98442934  2.95218280  0.02681425
4.670000  0.98464571  0.98464553  0.98456378  2.95710569  0.02661691
4.675000  0.98477830  0.98477812  0.98469723  2.96202925  0.02642070
4.680000  0.98490992  0.98490974  0.98482970  2.96695347  0.02622561
4.685000  0.98504056  0.98504038  0.98496119  2.97187835  0.02603165
4.690000  0.98517024  0.98517006  0.98509170  2.97680388  0.02583880
4.695000  0.98529895  0.98529877  0.98522125  2.98173005  0.02564706
4.700000  0.98542671  0.98542653  0.98534983  2.98665686  0.02545643
4.705000  0.98555352  0.98555334  0.98547746  2.99158431  0.02526691
4.710000  0.98567938  0.98567920  0.98560414  2.99651240  0.02507849
4.715000  0.98580430  0.98580413  0.98572987  3.00144111  0.02489117
4.720000  0.98592829  0.98592812  0.98585466  3.00637044  0.02470494
4.725000  0.98605136  0.98605118  0.98597851  3.01130039  0.02451981
4.730000  0.98617349  0.98617332  0.98610144  3.01623095  0.02433576
4.735000  0.98629472  0.98629454  0.98622344  3.02116212  0.02415280
4.740000  0.98641502  0.98641485  0.98634453  3.02609390  0.02397091
4.745000  0.98653443  0.98653425  0.98646470  3.03102627  0.02379010
4.750000  0.98665293  0.98665275  0.98658396  3.03595924  0.02361037
4.755000  0.98677053  0.98677036  0.98670233  3.04089280  0.02343170
4.760000  0.98688725  0.98688707  0.98681979  3.04582694  0.02325410
4.765000  0.98700307  0.98700290  0.98693636  3.05076167  0.02307756
4.770000  0.98711802  0.98711785  0.98705205  3.05569697  0.02290208
4.775000  0.98723210  0.98723192  0.98716686  3.06063285  0.02272765
4.780000  0.98734530  0.98734513  0.98728079  3.06556929  0.02255427
4.785000  0.98745764  0.98745747  0.98739385  3.07050630  0.02238194
4.790000  0.98756912  0.98756895  0.98750605  3.07544387  0.02221065
4.795000  0.98767975  0.98767958  0.98761739  3.08038199  0.02204040
4.800000  0.98778953  0.98778936  0.98772787  3.08532066  0.02187119
4.805000  0.98789846  0.98789829  0.98783750  3.09025988  0.02170300
4.810000  0.98800656  0.98800639  0.98794629  3.09519965  0.02153585
4.815000  0.98811382  0.98811366  0.98805424  3.10013995  0.02136971
4.820000  0.98822026  0.98822009  0.98816136  3.10508078  0.02120460
4.825000  0.98832587  0.98832570  0.98826764  3.11002215  0.02104050
4.830000  0.98843067  0.98843050  0.98837311  3.11496404  0.02087742
4.835000  0.98853465  0.98853448  0.98847775  3.11990645  0.02071534
4.840000  0.98863782  0.98863766  0.98858159  3.12484939  0.02055426
4.845000  0.98874019  0.98874003  0.98868461  3.12979283  0.02039419
4.850000  0.98884176  0.98884160  0.98878683  3.13473679  0.02023512
4.855000  0.98894254  0.98894238  0.98888825  3.13968125  0.02007703
4.860000  0.98904254  0.98904237  0.98898888  3.14462621  0.01991994
4.865000  0.98914175  0.98914158  0.98908872  3.14957167  0.01976383
4.870000  0.98924018  0.98924001  0.98918777  3.15451763  0.01960870
4.875000  0.98933783  0.98933767  0.98928605  3.15946407  0.01945455
4.880000  0.98943472  0.98943456  0.98938356  3.16441100  0.01930137
4.885000  0.98953085  0.98953069  0.98948029  3.16935842  0.01914916
4.890000  0.98962622  0.98962606  0.98957626  3.17430631  0.01899791
4.895000  0.98972083  0.98972067  0.98967147  3.17925468  0.01884763
4.900000  0.98981469  0.98981454  0.98976593  3.18420352  0.01869830
4.905000  0.98990781  0.98990766  0.98985964  3.18915282  0.01854993
4.910000  0.99000019  0.99000004  0.98995260  3.19410259  0.01840251
4.915000  0.99009184  0.99009168  0.99004483  3.19905282  0.01825603
4.920000  0.99018276  0.99018260  0.99013631  3.20400351  0.01811050
4.925000  0.99027295  0.99027279  0.99022707  3.20895465  0.01796590
4.930000  0.99036242  0.99036226  0.99031711  3.21390624  0.01782224
4.935000  0.99045117  0.99045102  0.99040642  3.21885827  0.01767950
4.940000  0.99053921  0.99053906  0.99049501  3.22381075  0.01753770
4.945000  0.99062655  0.99062640  0.99058289  3.22876366  0.01739681
4.950000  0.99071318  0.99071303  0.99067007  3.23371701  0.01725685
4.955000  0.99079912  0.99079897  0.99075654  3.23867080  0.01711779
4.960000  0.99088436  0.99088421  0.99084232  3.24362500  0.01697965
4.965000  0.99096892  0.99096877  0.99092740  3.24857964  0.01684241
4.970000  0.99105279  0.99105264  0.99101180  3.25353469  0.01670608
4.975000  0.99113598  0.99113583  0.99109551  3.25849016  0.01657064
4.980000  0.99121850  0.99121835  0.99117854  3.26344605  0.01643610
4.985000  0.99130034  0.99130019  0.99126089  3.26840235  0.01630245
4.990000  0.99138152  0.99138138  0.99134257  3.27335905  0.01616968
4.995000  0.99146204  0.99146189  0.99142359  3.27831616  0.01603780
5.000000  0.99154190  0.99154176  0.99150395  3.28327367  0.01590680
5.005000  0.99162111  0.99162097  0.99158364  3.28823158  0.01577667
5.010000  0.99169967  0.99169953  0.99166269  3.29318988  0.01564741
5.015000  0.99177759  0.99177744  0.99174109  3.29814858  0.01551902
5.020000  0.99185486  0.99185472  0.99181884  3.30310766  0.01539149
5.025000  0.99193150  0.99193136  0.99189595  3.30806712  0.01526482
5.030000  0.99200751  0.99200737  0.99197243  3.31302697  0.01513900
5.035000  0.99208289  0.99208275  0.99204827  3.31798720  0.01501404
5.040000  0.99215765  0.99215751  0.99212349  3.32294780  0.01488992
5.045000  0.99223179  0.99223165  0.99219808  3.32790877  0.01476664
5.050000  0.99230532  0.99230518  0.99227206  3.33287012  0.01464421
5.055000  0.99237824  0.99237810  0.99234542  3.33783183  0.01452261
5.060000  0.99245055  0.99245041  0.99241817  3.34279390  0.01440184
5.065000  0.99252226  0.99252212  0.99249032  3.34775633  0.01428189
5.070000  0.99259337  0.99259323  0.99256186  3.35271912  0.01416277
5.075000  0.99266389  0.99266375  0.99263281  3.35768226  0.01404447
5.080000  0.99273381  0.99273368  0.99270316  3.36264576  0.01392699
5.085000  0.99280316  0.99280302  0.99277292  3.36760960  0.01381031
5.090000  0.99287192  0.99287178  0.99284210  3.37257379  0.01369445
5.095000  0.99294010  0.99293997  0.99291069  3.37753832  0.01357939
5.100000  0.99300771  0.99300758  0.99297871  3.38250319  0.01346512
5.105000  0.99307476  0.99307462  0.99304616  3.38746839  0.01335165
5.110000  0.99314123  0.99314110  0.99311303  3.39243393  0.01323898
5.115000  0.99320715  0.99320701  0.99317934  3.39739981  0.01312709
5.120000  0.99327250  0.99327237  0.99324509  3.40236601  0.01301599
5.125000  0.99333731  0.99333718  0.99331028  3.40733253  0.01290566
5.130000  0.99340156  0.99340143  0.99337492  3.41229938  0.01279612
5.135000  0.99346527  0.99346514  0.99343900  3.41726654  0.01268734
5.140000  0.99352844  0.99352831  0.99350255  3.42223403  0.01257934
5.145000  0.99359107  0.99359094  0.99356555  3.42720183  0.01247209
5.150000  0.99365316  0.99365303  0.99362801  3.43216994  0.01236561
5.155000  0.99371472  0.99371460  0.99368993  3.43713836  0.01225989
5.160000  0.99377576  0.99377563  0.99375133  3.44210709  0.01215492
5.165000  0.99383627  0.99383615  0.99381220  3.44707612  0.01205069
5.170000  0.99389627  0.99389614  0.99387255  3.45204545  0.01194722
5.175000  0.99395575  0.99395562  0.99393238  3.45701508  0.01184448
5.180000  0.99401471  0.99401459  0.99399169  3.46198500  0.01174248
5.185000  0.99407317  0.99407305  0.99405049  3.46695522  0.01164122
5.190000  0.99413113  0.99413100  0.99410878  3.47192573  0.01154068
5.195000  0.99418858  0.99418846  0.99416657  3.47689653  0.01144088
5.200000  0.99424554  0.99424541  0.99422386  3.48186762  0.01134179
5.205000  0.99430200  0.99430188  0.99428065  3.48683899  0.01124342
5.210000  0.99435797  0.99435785  0.99433694  3.49181064  0.01114577
5.215000  0.99441346  0.99441334  0.99439275  3.49678257  0.01104883
5.220000  0.99446846  0.99446834  0.99444807  3.50175477  0.01095259
5.225000  0.99452299  0.99452287  0.99450291  3.50672725  0.01085706
5.230000  0.99457703  0.99457691  0.99455726  3.51170000  0.01076222
5.235000  0.99463061  0.99463049  0.99461115  3.51667302  0.01066809
5.240000  0.99468372  0.99468360  0.99466456  3.52164631  0.01057464
5.245000  0.99473636  0.99473624  0.99471750  3.52661986  0.01048189
5.250000  0.99478854  0.99478842  0.99476997  3.53159367  0.01038981
5.255000  0.99484026  0.99484014  0.99482199  3.53656774  0.01029842
5.260000  0.99489152  0.99489141  0.99487354  3.54154207  0.01020771
5.265000  0.99494233  0.99494222  0.99492464  3.54651666  0.01011767
5.270000  0.99499270  0.99499258  0.99497529  3.55149149  0.01002829
5.275000  0.99504262  0.99504250  0.99502549  3.55646658  0.00993959
5.280000  0.99509210  0.99509198  0.99507525  3.56144192  0.00985154
5.285000  0.99514113  0.99514102  0.99512456  3.56641750  0.00976416
5.290000  0.99518974  0.99518963  0.99517343  3.57139333  0.00967743
5.295000  0.99523791  0.99523780  0.99522187  3.57636940  0.00959135
5.300000  0.99528565  0.99528554  0.99526988  3.58134571  0.00950591
5.305000  0.99533297  0.99533286  0.99531746  3.58632226  0.00942113
5.310000  0.99537987  0.99537976  0.99536462  3.59129904  0.00933698
5.315000  0.99542634  0.99542623  0.99541135  3.59627605  0.00925346
5.320000  0.99547240  0.99547229  0.99545766  3.60125330  0.00917059
5.325000  0.99551805  0.99551794  0.99550356  3.60623078  0.00908834
5.330000  0.99556329  0.99556318  0.99554904  3.61120848  0.00900671
5.335000  0.99560812  0.99560801  0.99559412  3.61618641  0.00892571
5.340000  0.99565254  0.99565244  0.99563879  3.62116456  0.00884532
5.345000  0.99569657  0.99569646  0.99568305  3.62614293  0.00876556
5.350000  0.99574020  0.99574009  0.99572692  3.63112153  0.00868640
5.355000  0.99578344  0.99578333  0.99577039  3.63610034  0.00860785
5.360000  0.99582628  0.99582618  0.99581346  3.64107936  0.00852990
5.365000  0.99586874  0.99586863  0.99585615  3.64605860  0.00845256
5.370000  0.99591081  0.99591070  0.99589844  3.65103805  0.00837581
5.375000  0.99595249  0.99595239  0.99594035  3.65601770  0.00829965
5.380000  0.99599380  0.99599370  0.99598188  3.66099757  0.00822409
5.385000  0.99603474  0.99603463  0.99602303  3.66597764  0.00814911
5.390000  0.99607530  0.99607519  0.99606380  3.67095792  0.00807471
5.395000  0.99611548  0.99611538  0.99610420  3.67593839  0.00800090
5.400000  0.99615531  0.99615521  0.99614423  3.68091907  0.00792766
5.405000  0.99619476  0.99619466  0.99618390  3.68589995  0.00785499
5.410000  0.99623386  0.99623376  0.99622320  3.69088102  0.00778290
5.415000  0.99627259  0.99627249  0.99626213  3.69586228  0.00771136
5.420000  0.99631097  0.99631087  0.99630071  3.70084374  0.00764039
5.425000  0.99634900  0.99634890  0.99633893  3.70582539  0.00756998
5.430000  0.99638667  0.99638657  0.99637680  3.71080723  0.00750013
5.435000  0.99642400  0.99642390  0.99641432  3.71578926  0.00743082
5.440000  0.99646098  0.99646089  0.99645149  3.72077147  0.00736207
5.445000  0.99649762  0.99649753  0.99648832  3.72575387  0.00729386
5.450000  0.99653392  0.99653383  0.99652481  3.73073645  0.00722619
5.455000  0.99656988  0.99656979  0.99656095  3.73571921  0.00715906
5.460000  0.99660551  0.99660542  0.99659676  3.74070215  0.00709247
5.465000  0.99664081  0.99664072  0.99663223  3.74568526  0.00702641
5.470000  0.99667578  0.99667568  0.99666738  3.75066855  0.00696088
5.475000  0.99671042  0.99671033  0.99670219  3.75565202  0.00689587
5.480000  0.99674474  0.99674464  0.99673668  3.76063566  0.00683138
5.485000  0.99677873  0.99677864  0.99677085  3.76561947  0.00676741
5.490000  0.99681241  0.99681232  0.99680469  3.77060344  0.00670396
5.495000  0.99684577  0.99684568  0.99683822  3.77558759  0.00664102
5.500000  0.99687882  0.99687873  0.99687143  3.78057190  0.00657859
5.505000  0.99691156  0.99691147  0.99690433  3.78555638  0.00651667
5.510000  0.99694399  0.99694390  0.99693691  3.79054102  0.00645525
5.515000  0.99697611  0.99697603  0.99696919  3.79552582  0.00639432
5.520000  0.99700793  0.99700785  0.99700117  3.80051078  0.00633390
5.525000  0.99703945  0.99703937  0.99703284  3.80549590  0.00627396
5.530000  0.99707067  0.99707059  0.99706421  3.81048117  0.00621452
5.535000  0.99710160  0.99710151  0.99709528  3.81546660  0.00615556
5.540000  0.99713223  0.99713215  0.99712606  3.82045219  0.00609708
5.545000  0.99716257  0.99716249  0.99715654  3.82543792  0.00603909
5.550000  0.99719262  0.99719254  0.99718674  3.83042381  0.00598157
5.555000  0.99722239  0.99722230  0.99721664  3.83540985  0.00592453
5.560000  0.99725187  0.99725178  0.99724626  3.84039604  0.00586796
5.565000  0.99728107  0.99728098  0.99727560  3.84538237  0.00581185
5.570000  0.99730999  0.99730991  0.99730465  3.85036885  0.00575621
5.575000  0.99733863  0.99733855  0.99733343  3.85535547  0.00570103
5.580000  0.99736700  0.99736692  0.99736192  3.86034223  0.00564631
5.585000  0.99739510  0.99739501  0.99739015  3.86532914  0.00559205
5.590000  0.99742292  0.99742284  0.99741810  3.87031618  0.00553824
5.595000  0.99745048  0.99745040  0.99744578  3.87530337  0.00548487
5.600000  0.99747777  0.99747769  0.99747320  3.88029069  0.00543196
5.605000  0.99750480  0.99750472  0.99750035  3.88527814  0.00537948
5.610000  0.99753157  0.99753149  0.99752724  3.89026573  0.00532745
5.615000  0.99755807  0.99755800  0.99755386  3.89525346  0.00527586
5.620000  0.99758433  0.99758425  0.99758023  3.90024131  0.00522470
5.625000  0.99761032  0.99761024  0.99760634  3.90522930  0.00517397
5.630000  0.99763607  0.99763599  0.99763220  3.91021742  0.00512367
5.635000  0.99766156  0.99766148  0.99765780  3.91520566  0.00507379
5.640000  0.99768680  0.99768673  0.99768316  3.92019403  0.00502434
5.645000  0.99771180  0.99771173  0.99770826  3.92518253  0.00497531
5.650000  0.99773656  0.99773648  0.99773313  3.93017115  0.00492670
5.655000  0.99776107  0.99776100  0.99775774  3.93515989  0.00487850
5.660000  0.99778534  0.99778527  0.99778212  3.94014876  0.00483071
5.665000  0.99780938  0.99780930  0.99780626  3.94513775  0.00478333
5.670000  0.99783318  0.99783310  0.99783016  3.95012685  0.00473635
5.675000  0.99785674  0.99785667  0.99785382  3.95511608  0.00468978
5.680000  0.99788008  0.99788000  0.99787725  3.96010542  0.00464361
5.685000  0.99790318  0.99790311  0.99790045  3.96509488  0.00459783
5.690000  0.99792605  0.99792598  0.99792342  3.97008445  0.00455245
5.695000  0.99794870  0.99794863  0.99794616  3.97507414  0.00450746
5.700000  0.99797113  0.99797106  0.99796868  3.98006394  0.00446286
5.705000  0.99799333  0.99799326  0.99799097  3.98505385  0.00441865
5.710000  0.99801532  0.99801525  0.99801304  3.99004387  0.00437482
5.715000  0.99803708  0.99803701  0.99803490  3.99503400  0.00433137
5.720000  0.99805863  0.99805856  0.99805653  4.00002424  0.00428830
5.725000  0.99807997  0.99807990  0.99807795  4.00501459  0.00424560
5.730000  0.99810109  0.99810102  0.99809916  4.01000504  0.00420328
5.735000  0.99812200  0.99812193  0.99812015  4.01499560  0.00416133
5.740000  0.99814270  0.99814263  0.99814093  4.01998626  0.00411974
5.745000  0.99816320  0.99816313  0.99816151  4.02497703  0.00407852
5.750000  0.99818349  0.99818342  0.99818187  4.02996789  0.00403766
5.755000  0.99820358  0.99820351  0.99820204  4.03495886  0.00399716
5.760000  0.99822346  0.99822339  0.99822200  4.03994993  0.00395702
5.765000  0.99824315  0.99824308  0.99824176  4.04494109  0.00391723
5.770000  0.99826263  0.99826257  0.99826132  4.04993236  0.00387779
5.775000  0.99828192  0.99828186  0.99828068  4.05492372  0.00383870
5.780000  0.99830102  0.99830096  0.99829985  4.05991518  0.00379996
5.785000  0.99831992  0.99831986  0.99831882  4.06490673  0.00376157
5.790000  0.99833864  0.99833857  0.99833760  4.06989838  0.00372351
5.795000  0.99835716  0.99835710  0.99835619  4.07489012  0.00368579
5.800000  0.99837550  0.99837543  0.99837459  4.07988195  0.00364841
5.805000  0.99839364  0.99839358  0.99839281  4.08487387  0.00361137
5.810000  0.99841161  0.99841155  0.99841083  4.08986588  0.00357465
5.815000  0.99842939  0.99842933  0.99842868  4.09485799  0.00353827
5.820000  0.99844699  0.99844693  0.99844634  4.09985018  0.00350221
5.825000  0.99846441  0.99846435  0.99846382  4.10484246  0.00346647
5.830000  0.99848166  0.99848160  0.99848113  4.10983482  0.00343106
5.835000  0.99849873  0.99849867  0.99849825  4.11482727  0.00339597
5.840000  0.99851562  0.99851556  0.99851520  4.11981981  0.00336119
5.845000  0.99853234  0.99853228  0.99853198  4.12481243  0.00332673
5.850000  0.99854889  0.99854883  0.99854858  4.12980513  0.00329258
5.855000  0.99856526  0.99856521  0.99856501  4.13479792  0.00325874
5.860000  0.99858147  0.99858142  0.99858127  4.13979078  0.00322521
5.865000  0.99859752  0.99859746  0.99859737  4.14478373  0.00319198
5.870000  0.99861339  0.99861334  0.99861330  4.14977676  0.00315906
5.875000  0.99862911  0.99862905  0.99862906  4.15476987  0.00312643
5.880000  0.99864466  0.99864460  0.99864466  4.15976305  0.00309411
5.885000  0.99866005  0.99865999  0.99866010  4.16475631  0.00306208
5.890000  0.99867528  0.99867523  0.99867538  4.16974965  0.00303034
5.895000  0.99869035  0.99869030  0.99869050  4.17474306  0.00299890
5.900000  0.99870527  0.99870522  0.99870546  4.17973655  0.00296774
5.905000  0.99872003  0.99871998  0.99872027  4.18473012  0.00293688
5.910000  0.99873464  0.99873459  0.99873492  4.18972375  0.00290629
5.915000  0.99874909  0.99874904  0.99874942  4.19471746  0.00287599
5.920000  0.99876340  0.99876335  0.99876376  4.19971124  0.00284597
5.925000  0.99877756  0.99877750  0.99877796  4.20470510  0.00281623
5.930000  0.99879156  0.99879151  0.99879201  4.20969902  0.00278676
5.935000  0.99880542  0.99880537  0.99880591  4.21469301  0.00275757
5.940000  0.99881914  0.99881909  0.99881966  4.21968707  0.00272865
5.945000  0.99883271  0.99883266  0.99883327  4.22468120  0.00270000
5.950000  0.99884614  0.99884609  0.99884674  4.22967540  0.00267162
5.955000  0.99885943  0.99885938  0.99886006  4.23466966  0.00264350
5.960000  0.99887257  0.99887252  0.99887324  4.23966399  0.00261565
5.965000  0.99888558  0.99888553  0.99888629  4.24465839  0.00258805
5.970000  0.99889846  0.99889841  0.99889919  4.24965285  0.00256072
5.975000  0.99891119  0.99891114  0.99891196  4.25464737  0.00253364
5.980000  0.99892379  0.99892374  0.99892459  4.25964196  0.00250682
5.985000  0.99893626  0.99893621  0.99893709  4.26463661  0.00248025
5.990000  0.99894860  0.99894855  0.99894946  4.26963132  0.00245393
5.995000  0.99896080  0.99896075  0.99896169  4.27462610  0.00242786
6.000000  0.99897287  0.99897283  0.99897380  4.27962093  0.00240204
6.005000  0.99898482  0.99898477  0.99898577  4.28461583  0.00237646
6.010000  0.99899664  0.99899659  0.99899762  4.28961078  0.00235113
6.015000  0.99900833  0.99900829  0.99900934  4.29460579  0.00232603
6.020000  0.99901990  0.99901985  0.99902094  4.29960086  0.00230118
6.025000  0.99903134  0.99903130  0.99903241  4.30459599  0.00227656
6.030000  0.99904267  0.99904262  0.99904375  4.30959118  0.00225218
6.035000  0.99905387  0.99905382  0.99905498  4.31458642  0.00222803
6.040000  0.99906495  0.99906490  0.99906608  4.31958172  0.00220412
6.045000  0.99907591  0.99907586  0.99907707  4.32457707  0.00218043
6.050000  0.99908675  0.99908671  0.99908794  4.32957247  0.00215697
6.055000  0.99909748  0.99909743  0.99909868  4.33456793  0.00213373
6.060000  0.99910809  0.99910805  0.99910932  4.33956345  0.00211072
6.065000  0.99911859  0.99911854  0.99911984  4.34455902  0.00208793
6.070000  0.99912897  0.99912893  0.99913024  4.34955463  0.00206537
6.075000  0.99913924  0.99913920  0.99914053  4.35455030  0.00204302
6.080000  0.99914940  0.99914936  0.99915071  4.35954603  0.00202088
6.085000  0.99915945  0.99915941  0.99916078  4.36454180  0.00199897
6.090000  0.99916939  0.99916935  0.99917074  4.36953762  0.00197726
6.095000  0.99917922  0.99917918  0.99918059  4.37453349  0.00195577
6.100000  0.99918895  0.99918891  0.99919033  4.37952941  0.00193448
6.105000  0.99919857  0.99919853  0.99919997  4.38452538  0.00191341
6.110000  0.99920808  0.99920804  0.99920950  4.38952140  0.00189253
6.115000  0.99921749  0.99921745  0.99921893  4.39451746  0.00187187
6.120000  0.99922680  0.99922676  0.99922825  4.39951357  0.00185140
6.125000  0.99923601  0.99923597  0.99923747  4.40450973  0.00183114
6.130000  0.99924511  0.99924507  0.99924659  4.40950593  0.00181108
6.135000  0.99925412  0.99925408  0.99925561  4.41450218  0.00179121
6.140000  0.99926303  0.99926299  0.99926453  4.41949847  0.00177154
6.145000  0.99927183  0.99927180  0.99927335  4.42449481  0.00175206
6.150000  0.99928055  0.99928051  0.99928208  4.42949119  0.00173278
6.155000  0.99928916  0.99928912  0.99929071  4.43448762  0.00171369
6.160000  0.99929768  0.99929765  0.99929924  4.43948408  0.00169478
6.165000  0.99930611  0.99930607  0.99930768  4.44448059  0.00167607
6.170000  0.99931444  0.99931441  0.99931602  4.44947714  0.00165754
6.175000  0.99932269  0.99932265  0.99932427  4.45447374  0.00163919
6.180000  0.99933084  0.99933080  0.99933243  4.45947037  0.00162103
6.185000  0.99933890  0.99933886  0.99934050  4.46446705  0.00160304
6.190000  0.99934687  0.99934683  0.99934848  4.46946376  0.00158524
6.195000  0.99935475  0.99935471  0.99935638  4.47446051  0.00156762
6.200000  0.99936254  0.99936251  0.99936418  4.47945731  0.00155017
6.205000  0.99937025  0.99937022  0.99937189  4.48445414  0.00153290
6.210000  0.99937787  0.99937784  0.99937952  4.48945101  0.00151580
6.215000  0.99938541  0.99938538  0.99938707  4.49444792  0.00149887
6.220000  0.99939286  0.99939283  0.99939453  4.49944486  0.00148212
6.225000  0.99940023  0.99940020  0.99940190  4.50444185  0.00146553
6.230000  0.99940752  0.99940748  0.99940920  4.50943887  0.00144911
6.235000  0.99941472  0.99941469  0.99941641  4.51443592  0.00143285
6.240000  0.99942185  0.99942181  0.99942354  4.51943301  0.00141677
6.245000  0.99942889  0.99942886  0.99943059  4.52443014  0.00140084
6.250000  0.99943585  0.99943582  0.99943756  4.52942730  0.00138507
6.255000  0.99944274  0.99944271  0.99944445  4.53442450  0.00136947
6.260000  0.99944955  0.99944952  0.99945126  4.53942173  0.00135403
6.265000  0.99945628  0.99945625  0.99945800  4.54441899  0.00133874
6.270000  0.99946294  0.99946291  0.99946466  4.54941629  0.00132361
6.275000  0.99946952  0.99946949  0.99947124  4.55441362  0.00130863
6.280000  0.99947602  0.99947599  0.99947775  4.55941099  0.00129381
6.285000  0.99948246  0.99948243  0.99948418  4.56440838  0.00127913
6.290000  0.99948882  0.99948879  0.99949055  4.56940581  0.00126461
6.295000  0.99949510  0.99949507  0.99949684  4.57440327  0.00125024
6.300000  0.99950132  0.99950129  0.99950305  4.57940076  0.00123602
6.305000  0.99950746  0.99950743  0.99950920  4.58439828  0.00122194
6.310000  0.99951354  0.99951351  0.99951528  4.58939584  0.00120801
6.315000  0.99951954  0.99951951  0.99952128  4.59439342  0.00119422
6.320000  0.99952548  0.99952545  0.99952722  4.59939103  0.00118057
6.325000  0.99953135  0.99953132  0.99953309  4.60438867  0.00116707
6.330000  0.99953715  0.99953712  0.99953889  4.60938635  0.00115370
6.335000  0.99954289  0.99954286  0.99954463  4.61438405  0.00114048
6.340000  0.99954856  0.99954853  0.99955030  4.61938177  0.00112739
6.345000  0.99955416  0.99955413  0.99955590  4.62437953  0.00111444
6.350000  0.99955970  0.99955967  0.99956144  4.62937732  0.00110162
6.355000  0.99956518  0.99956515  0.99956692  4.63437513  0.00108894
6.360000  0.99957059  0.99957056  0.99957233  4.63937297  0.00107639
6.365000  0.99957594  0.99957591  0.99957768  4.64437083  0.00106397
6.370000  0.99958123  0.99958120  0.99958297  4.64936873  0.00105168
6.375000  0.99958646  0.99958643  0.99958820  4.65436665  0.00103952
6.380000  0.99959163  0.99959160  0.99959336  4.65936459  0.00102749
6.385000  0.99959673  0.99959671  0.99959847  4.66436256  0.00101558
6.390000  0.99960178  0.99960176  0.99960351  4.66936056  0.00100380
6.395000  0.99960677  0.99960675  0.99960850  4.67435858  0.00099215
6.400000  0.99961170  0.99961168  0.99961343  4.67935663  0.00098062
6.405000  0.99961658  0.99961655  0.99961830  4.68435470  0.00096920
6.410000  0.99962140  0.99962137  0.99962312  4.68935279  0.00095791
6.415000  0.99962616  0.99962613  0.99962788  4.69435091  0.00094674
6.420000  0.99963086  0.99963084  0.99963258  4.69934905  0.00093569
6.425000  0.99963551  0.99963549  0.99963723  4.70434722  0.00092476
6.430000  0.99964011  0.99964009  0.99964182  4.70934541  0.00091394
6.435000  0.99964465  0.99964463  0.99964636  4.71434362  0.00090324
6.440000  0.99964914  0.99964912  0.99965085  4.71934185  0.00089265
6.445000  0.99965358  0.99965356  0.99965528  4.72434011  0.00088217
6.450000  0.99965797  0.99965794  0.99965966  4.72933839  0.00087181
6.455000  0.99966230  0.99966228  0.99966399  4.73433669  0.00086156
6.460000  0.99966658  0.99966656  0.99966827  4.73933501  0.00085141
6.465000  0.99967081  0.99967079  0.99967250  4.74433336  0.00084138
6.470000  0.99967500  0.99967497  0.99967667  4.74933172  0.00083146
6.475000  0.99967913  0.99967911  0.99968080  4.75433011  0.00082164
6.480000  0.99968321  0.99968319  0.99968488  4.75932851  0.00081192
6.485000  0.99968725  0.99968723  0.99968891  4.76432694  0.00080232
6.490000  0.99969124  0.99969121  0.99969289  4.76932538  0.00079281
6.495000  0.99969518  0.99969515  0.99969683  4.77432385  0.00078341
6.500000  0.99969907  0.99969905  0.99970072  4.77932234  0.00077411
6.505000  0.99970292  0.99970290  0.99970456  4.78432084  0.00076491
6.510000  0.99970672  0.99970670  0.99970836  4.78931937  0.00075581
6.515000  0.99971048  0.99971045  0.99971211  4.79431791  0.00074681
6.520000  0.99971419  0.99971417  0.99971581  4.79931647  0.00073791
6.525000  0.99971785  0.99971783  0.99971947  4.80431505  0.00072910
6.530000  0.99972148  0.99972146  0.99972309  4.80931365  0.00072039
6.535000  0.99972506  0.99972504  0.99972667  4.81431227  0.00071178
6.540000  0.99972860  0.99972858  0.99973020  4.81931090  0.00070326
6.545000  0.99973209  0.99973207  0.99973369  4.82430955  0.00069483
6.550000  0.99973554  0.99973553  0.99973713  4.82930822  0.00068650
6.555000  0.99973896  0.99973894  0.99974054  4.83430691  0.00067826
6.560000  0.99974233  0.99974231  0.99974390  4.83930561  0.00067010
6.565000  0.99974566  0.99974564  0.99974723  4.84430433  0.00066204
6.570000  0.99974895  0.99974893  0.99975051  4.84930307  0.00065407
6.575000  0.99975220  0.99975218  0.99975376  4.85430182  0.00064618
6.580000  0.99975541  0.99975539  0.99975696  4.85930059  0.00063838
6.585000  0.99975858  0.99975856  0.99976013  4.86429937  0.00063067
6.590000  0.99976172  0.99976170  0.99976325  4.86929817  0.00062305
6.595000  0.99976481  0.99976480  0.99976634  4.87429699  0.00061550
6.600000  0.99976787  0.99976785  0.99976939  4.87929582  0.00060804
6.605000  0.99977089  0.99977088  0.99977241  4.88429467  0.00060067
6.610000  0.99977388  0.99977386  0.99977539  4.88929353  0.00059337
6.615000  0.99977683  0.99977681  0.99977833  4.89429241  0.00058616
6.620000  0.99977974  0.99977972  0.99978123  4.89929130  0.00057903
6.625000  0.99978262  0.99978260  0.99978411  4.90429020  0.00057198
6.630000  0.99978546  0.99978544  0.99978694  4.90928913  0.00056500
6.635000  0.99978827  0.99978825  0.99978974  4.91428806  0.00055811
6.640000  0.99979104  0.99979103  0.99979251  4.91928701  0.00055129
6.645000  0.99979378  0.99979377  0.99979524  4.92428597  0.00054455
6.650000  0.99979649  0.99979647  0.99979794  4.92928495  0.00053788
6.655000  0.99979916  0.99979914  0.99980060  4.93428393  0.00053129
6.660000  0.99980180  0.99980178  0.99980324  4.93928294  0.00052477
6.665000  0.99980441  0.99980439  0.99980584  4.94428195  0.00051833
6.670000  0.99980698  0.99980697  0.99980840  4.94928098  0.00051196
6.675000  0.99980953  0.99980951  0.99981094  4.95428002  0.00050566
6.680000  0.99981204  0.99981203  0.99981344  4.95927908  0.00049943
6.685000  0.99981452  0.99981451  0.99981592  4.96427814  0.00049328
6.690000  0.99981697  0.99981696  0.99981836  4.96927722  0.00048719
6.695000  0.99981939  0.99981938  0.99982078  4.97427631  0.00048117
6.700000  0.99982179  0.99982177  0.99982316  4.97927542  0.00047522
6.705000  0.99982415  0.99982413  0.99982551  4.98427453  0.00046934
6.710000  0.99982648  0.99982646  0.99982784  4.98927366  0.00046353
6.715000  0.99982878  0.99982877  0.99983013  4.99427280  0.00045778
6.720000  0.99983106  0.99983104  0.99983240  4.99927194  0.00045209
6.725000  0.99983330  0.99983329  0.99983464  5.00427111  0.00044648
6.730000  0.99983552  0.99983551  0.99983685  5.00927028  0.00044092
6.735000  0.99983771  0.99983770  0.99983903  5.01426946  0.00043543
6.740000  0.99983988  0.99983986  0.99984119  5.01926865  0.00043001
6.745000  0.99984201  0.99984200  0.99984331  5.02426786  0.00042464
6.750000  0.99984412  0.99984411  0.99984542  5.02926707  0.00041934
6.755000  0.99984621  0.99984619  0.99984749  5.03426630  0.00041410
6.760000  0.99984826  0.99984825  0.99984954  5.03926554  0.00040891
6.765000  0.99985030  0.99985028  0.99985156  5.04426478  0.00040379
6.770000  0.99985230  0.99985229  0.99985356  5.04926404  0.00039873
6.775000  0.99985428  0.99985427  0.99985554  5.05426331  0.00039373
6.780000  0.99985624  0.99985623  0.99985748  5.05926258  0.00038878
6.785000  0.99985817  0.99985816  0.99985941  5.06426187  0.00038389
6.790000  0.99986008  0.99986007  0.99986131  5.06926116  0.00037906
6.795000  0.99986196  0.99986195  0.99986318  5.07426047  0.00037428
6.800000  0.99986382  0.99986381  0.99986503  5.07925978  0.00036956
6.805000  0.99986566  0.99986565  0.99986686  5.08425911  0.00036490
6.810000  0.99986747  0.99986746  0.99986867  5.08925844  0.00036029
6.815000  0.99986926  0.99986925  0.99987045  5.09425778  0.00035573
6.820000  0.99987103  0.99987102  0.99987221  5.09925713  0.00035123
6.825000  0.99987277  0.99987276  0.99987395  5.10425649  0.00034677
6.830000  0.99987450  0.99987448  0.99987566  5.10925586  0.00034237
6.835000  0.99987620  0.99987618  0.99987735  5.11425524  0.00033803
6.840000  0.99987788  0.99987786  0.99987902  5.11925462  0.00033373
6.845000  0.99987953  0.99987952  0.99988067  5.12425402  0.00032948
6.850000  0.99988117  0.99988116  0.99988230  5.12925342  0.00032529
6.855000  0.99988279  0.99988278  0.99988391  5.13425283  0.00032114
6.860000  0.99988438  0.99988437  0.99988550  5.13925225  0.00031704
6.865000  0.99988596  0.99988595  0.99988707  5.14425167  0.00031300
6.870000  0.99988751  0.99988750  0.99988861  5.14925111  0.00030899
6.875000  0.99988905  0.99988904  0.99989014  5.15425055  0.00030504
6.880000  0.99989056  0.99989055  0.99989165  5.15925000  0.00030113
6.885000  0.99989206  0.99989205  0.99989314  5.16424945  0.00029727
6.890000  0.99989354  0.99989353  0.99989460  5.16924892  0.00029346
6.895000  0.99989499  0.99989498  0.99989605  5.17424839  0.00028969
6.900000  0.99989643  0.99989642  0.99989749  5.17924787  0.00028596
6.905000  0.99989785  0.99989784  0.99989890  5.18424735  0.00028228
6.910000  0.99989926  0.99989925  0.99990029  5.18924684  0.00027864
6.915000  0.99990064  0.99990063  0.99990167  5.19424634  0.00027505
6.920000  0.99990201  0.99990200  0.99990303  5.19924585  0.00027150
6.925000  0.99990335  0.99990334  0.99990437  5.20424536  0.00026799
6.930000  0.99990469  0.99990468  0.99990569  5.20924488  0.00026453
6.935000  0.99990600  0.99990599  0.99990700  5.21424441  0.00026110
6.940000  0.99990730  0.99990729  0.99990829  5.21924394  0.00025772
6.945000  0.99990858  0.99990857  0.99990956  5.22424348  0.00025438
6.950000  0.99990984  0.99990983  0.99991082  5.22924303  0.00025107
6.955000  0.99991109  0.99991108  0.99991206  5.23424258  0.00024781
6.960000  0.99991232  0.99991231  0.99991328  5.23924214  0.00024459
6.965000  0.99991353  0.99991353  0.99991449  5.24424171  0.00024140
6.970000  0.99991473  0.99991472  0.99991568  5.24924128  0.00023826
6.975000  0.99991592  0.99991591  0.99991686  5.25424085  0.00023515
6.980000  0.99991708  0.99991708  0.99991802  5.25924044  0.00023208
6.985000  0.99991824  0.99991823  0.99991916  5.26424002  0.00022905
6.990000  0.99991938  0.99991937  0.99992029  5.26923962  0.00022605
6.995000  0.99992050  0.99992049  0.99992141  5.27423922  0.00022309
7.000000  0.99992161  0.99992160  0.99992251  5.27923882  0.00022017
7.005000  0.99992270  0.99992269  0.99992359  5.28423843  0.00021728
7.010000  0.99992378  0.99992377  0.99992467  5.28923805  0.00021443
7.015000  0.99992484  0.99992484  0.99992572  5.29423767  0.00021161
7.020000  0.99992590  0.99992589  0.99992677  5.29923730  0.00020883
7.025000  0.99992693  0.99992692  0.99992780  5.30423693  0.00020608
7.030000  0.99992796  0.99992795  0.99992881  5.30923657  0.00020336
7.035000  0.99992897  0.99992896  0.99992982  5.31423621  0.00020068
7.040000  0.99992996  0.99992996  0.99993081  5.31923586  0.00019803
7.045000  0.99993095  0.99993094  0.99993178  5.32423551  0.00019541
7.050000  0.99993192  0.99993191  0.99993275  5.32923517  0.00019283
7.055000  0.99993287  0.99993287  0.99993370  5.33423483  0.00019027
7.060000  0.99993382  0.99993381  0.99993464  5.33923450  0.00018775
7.065000  0.99993475  0.99993475  0.99993556  5.34423417  0.00018526
7.070000  0.99993567  0.99993567  0.99993647  5.34923384  0.00018280
7.075000  0.99993658  0.99993657  0.99993738  5.35423352  0.00018037
7.080000  0.99993748  0.99993747  0.99993826  5.35923321  0.00017797
7.085000  0.99993836  0.99993835  0.99993914  5.36423290  0.00017560
7.090000  0.99993923  0.99993923  0.99994001  5.36923259  0.00017326
7.095000  0.99994009  0.99994009  0.99994086  5.37423229  0.00017095
7.100000  0.99994094  0.99994094  0.99994170  5.37923199  0.00016867
7.105000  0.99994178  0.99994177  0.99994253  5.38423170  0.00016641
7.110000  0.99994261  0.99994260  0.99994335  5.38923141  0.00016419
7.115000  0.99994342  0.99994341  0.99994416  5.39423113  0.00016199
7.120000  0.99994423  0.99994422  0.99994496  5.39923084  0.00015982
7.125000  0.99994502  0.99994501  0.99994575  5.40423057  0.00015768
7.130000  0.99994580  0.99994580  0.99994652  5.40923030  0.00015556
7.135000  0.99994658  0.99994657  0.99994729  5.41423003  0.00015347
7.140000  0.99994734  0.99994733  0.99994805  5.41922976  0.00015140
7.145000  0.99994809  0.99994808  0.99994879  5.42422950  0.00014937
7.150000  0.99994883  0.99994883  0.99994953  5.42922924  0.00014735
7.155000  0.99994956  0.99994956  0.99995025  5.43422899  0.00014537
7.160000  0.99995028  0.99995028  0.99995097  5.43922874  0.00014340
7.165000  0.99995100  0.99995099  0.99995167  5.44422849  0.00014146
7.170000  0.99995170  0.99995169  0.99995237  5.44922825  0.00013955
7.175000  0.99995239  0.99995239  0.99995306  5.45422801  0.00013766
7.180000  0.99995308  0.99995307  0.99995374  5.45922777  0.00013580
7.185000  0.99995375  0.99995375  0.99995440  5.46422754  0.00013396
7.190000  0.99995442  0.99995441  0.99995506  5.46922731  0.00013214
7.195000  0.99995507  0.99995507  0.99995571  5.47422708  0.00013034
7.200000  0.99995572  0.99995571  0.99995635  5.47922686  0.00012857
7.205000  0.99995636  0.99995635  0.99995699  5.48422664  0.00012682
7.210000  0.99995699  0.99995698  0.99995761  5.48922642  0.00012509
7.215000  0.99995761  0.99995760  0.99995823  5.49422621  0.00012339
7.220000  0.99995822  0.99995822  0.99995883  5.49922600  0.00012170
7.225000  0.99995883  0.99995882  0.99995943  5.50422579  0.00012004
7.230000  0.99995942  0.99995942  0.99996002  5.50922559  0.00011840
7.235000  0.99996001  0.99996000  0.99996060  5.51422539  0.00011678
7.240000  0.99996059  0.99996058  0.99996118  5.51922519  0.00011518
7.245000  0.99996116  0.99996116  0.99996175  5.52422499  0.00011360
7.250000  0.99996173  0.99996172  0.99996230  5.52922480  0.00011204
7.255000  0.99996228  0.99996228  0.99996285  5.53422461  0.00011050
7.260000  0.99996283  0.99996283  0.99996340  5.53922442  0.00010898
7.265000  0.99996337  0.99996337  0.99996393  5.54422424  0.00010748
7.270000  0.99996391  0.99996390  0.99996446  5.54922406  0.00010600
7.275000  0.99996443  0.99996443  0.99996498  5.55422388  0.00010454
7.280000  0.99996495  0.99996495  0.99996550  5.55922370  0.00010310
7.285000  0.99996546  0.99996546  0.99996600  5.56422353  0.00010168
7.290000  0.99996597  0.99996596  0.99996650  5.56922335  0.00010027
7.295000  0.99996647  0.99996646  0.99996700  5.57422319  0.00009888
7.300000  0.99996696  0.99996695  0.99996748  5.57922302  0.00009752
7.305000  0.99996744  0.99996744  0.99996796  5.58422286  0.00009616
7.310000  0.99996792  0.99996791  0.99996843  5.58922269  0.00009483
7.315000  0.99996839  0.99996839  0.99996890  5.59422253  0.00009351
7.320000  0.99996885  0.99996885  0.99996936  5.59922238  0.00009221
7.325000  0.99996931  0.99996931  0.99996981  5.60422222  0.00009093
7.330000  0.99996976  0.99996976  0.99997026  5.60922207  0.00008967
7.335000  0.99997021  0.99997020  0.99997070  5.61422192  0.00008842
7.340000  0.99997065  0.99997064  0.99997113  5.61922177  0.00008718
7.345000  0.99997108  0.99997108  0.99997156  5.62422163  0.00008597
7.350000  0.99997151  0.99997150  0.99997198  5.62922148  0.00008477
7.355000  0.99997193  0.99997192  0.99997240  5.63422134  0.00008358
7.360000  0.99997234  0.99997234  0.99997281  5.63922120  0.00008241
7.365000  0.99997275  0.99997275  0.99997321  5.64422107  0.00008126
7.370000  0.99997316  0.99997315  0.99997361  5.64922093  0.00008012
7.375000  0.99997355  0.99997355  0.99997400  5.65422080  0.00007899
7.380000  0.99997395  0.99997394  0.99997439  5.65922067  0.00007789
7.385000  0.99997433  0.99997433  0.99997477  5.66422054  0.00007679
7.390000  0.99997471  0.99997471  0.99997515  5.66922041  0.00007571
7.395000  0.99997509  0.99997509  0.99997552  5.67422028  0.00007464
7.400000  0.99997546  0.99997546  0.99997589  5.67922016  0.00007359
7.405000  0.99997582  0.99997582  0.99997625  5.68422004  0.00007256
7.410000  0.99997619  0.99997618  0.99997660  5.68921992  0.00007153
7.415000  0.99997654  0.99997654  0.99997696  5.69421980  0.00007052
7.420000  0.99997689  0.99997689  0.99997730  5.69921968  0.00006952
7.425000  0.99997724  0.99997723  0.99997764  5.70421957  0.00006854
7.430000  0.99997758  0.99997757  0.99997798  5.70921946  0.00006757
7.435000  0.99997791  0.99997791  0.99997831  5.71421934  0.00006661
7.440000  0.99997824  0.99997824  0.99997864  5.71921923  0.00006566
7.445000  0.99997857  0.99997856  0.99997896  5.72421913  0.00006473
7.450000  0.99997889  0.99997889  0.99997928  5.72921902  0.00006381
7.455000  0.99997921  0.99997920  0.99997959  5.73421892  0.00006290
7.460000  0.99997952  0.99997952  0.99997990  5.73921881  0.00006201
7.465000  0.99997983  0.99997982  0.99998020  5.74421871  0.00006112
7.470000  0.99998013  0.99998013  0.99998050  5.74921861  0.00006025
7.475000  0.99998043  0.99998043  0.99998079  5.75421851  0.00005939
7.480000  0.99998072  0.99998072  0.99998109  5.75921842  0.00005854
7.485000  0.99998101  0.99998101  0.99998137  5.76421832  0.00005771
7.490000  0.99998130  0.99998130  0.99998165  5.76921823  0.00005688
7.495000  0.99998158  0.99998158  0.99998193  5.77421813  0.00005607
7.500000  0.99998186  0.99998186  0.99998221  5.77921804  0.00005526
7.505000  0.99998214  0.99998213  0.99998248  5.78421795  0.00005447
7.510000  0.99998241  0.99998240  0.99998275  5.78921786  0.00005369
7.515000  0.99998267  0.99998267  0.99998301  5.79421778  0.00005292
7.520000  0.99998294  0.99998293  0.99998327  5.79921769  0.00005215
7.525000  0.99998319  0.99998319  0.99998352  5.80421760  0.00005140
7.530000  0.99998345  0.99998345  0.99998377  5.80921752  0.00005066
7.535000  0.99998370  0.99998370  0.99998402  5.81421744  0.00004993
7.540000  0.99998395  0.99998395  0.99998427  5.81921736  0.00004921
7.545000  0.99998419  0.99998419  0.99998451  5.82421728  0.00004850
7.550000  0.99998443  0.99998443  0.99998474  5.82921720  0.00004780
7.555000  0.99998467  0.99998467  0.99998498  5.83421712  0.00004711
7.560000  0.99998490  0.99998490  0.99998521  5.83921705  0.00004642
7.565000  0.99998514  0.99998513  0.99998544  5.84421697  0.00004575
7.570000  0.99998536  0.99998536  0.99998566  5.84921690  0.00004509
7.575000  0.99998559  0.99998558  0.99998588  5.85421683  0.00004443
7.580000  0.99998581  0.99998580  0.99998610  5.85921675  0.00004379
7.585000  0.99998602  0.99998602  0.99998631  5.86421668  0.00004315
7.590000  0.99998624  0.99998624  0.99998652  5.86921661  0.00004252
7.595000  0.99998645  0.99998645  0.99998673  5.87421655  0.00004190
7.600000  0.99998666  0.99998665  0.99998694  5.87921648  0.00004129
7.605000  0.99998686  0.99998686  0.99998714  5.88421641  0.00004069
7.610000  0.99998706  0.99998706  0.99998734  5.88921635  0.00004009
7.615000  0.99998726  0.99998726  0.99998753  5.89421628  0.00003951
7.620000  0.99998746  0.99998746  0.99998772  5.89921622  0.00003893
7.625000  0.99998765  0.99998765  0.99998791  5.90421616  0.00003836
7.630000  0.99998784  0.99998784  0.99998810  5.90921610  0.00003780
7.635000  0.99998803  0.99998803  0.99998829  5.91421604  0.00003724
7.640000  0.99998822  0.99998821  0.99998847  5.91921598  0.00003670
7.645000  0.99998840  0.99998840  0.99998865  5.92421592  0.00003616
7.650000  0.99998858  0.99998857  0.99998882  5.92921586  0.00003562
7.655000  0.99998875  0.99998875  0.99998900  5.93421580  0.00003510
7.660000  0.99998893  0.99998893  0.99998917  5.93921575  0.00003458
7.665000  0.99998910  0.99998910  0.99998934  5.94421569  0.00003407
7.670000  0.99998927  0.99998927  0.99998951  5.94921564  0.00003357
7.675000  0.99998943  0.99998943  0.99998967  5.95421559  0.00003307
7.680000  0.99998960  0.99998960  0.99998983  5.95921553  0.00003259
7.685000  0.99998976  0.99998976  0.99998999  5.96421548  0.00003210
7.690000  0.99998992  0.99998992  0.99999015  5.96921543  0.00003163
7.695000  0.99999008  0.99999008  0.99999030  5.97421538  0.00003116
7.700000  0.99999023  0.99999023  0.99999045  5.97921533  0.00003070
7.705000  0.99999038  0.99999038  0.99999060  5.98421528  0.00003024
7.710000  0.99999053  0.99999053  0.99999075  5.98921524  0.00002979
7.715000  0.99999068  0.99999068  0.99999090  5.99421519  0.00002935
7.720000  0.99999083  0.99999083  0.99999104  5.99921514  0.00002891
7.725000  0.99999097  0.99999097  0.99999118  6.00421510  0.00002848
7.730000  0.99999111  0.99999111  0.99999132  6.00921505  0.00002806
7.735000  0.99999125  0.99999125  0.99999146  6.01421501  0.00002764
7.740000  0.99999139  0.99999139  0.99999159  6.01921496  0.00002723
7.745000  0.99999152  0.99999152  0.99999172  6.02421492  0.00002682
7.750000  0.99999166  0.99999166  0.99999185  6.02921488  0.00002642
7.755000  0.99999179  0.99999179  0.99999198  6.03421484  0.00002602
7.760000  0.99999192  0.99999192  0.99999211  6.03921480  0.00002563
7.765000  0.99999204  0.99999204  0.99999223  6.04421476  0.00002525
7.770000  0.99999217  0.99999217  0.99999236  6.04921472  0.00002487
7.775000  0.99999229  0.99999229  0.99999248  6.05421468  0.00002450
7.780000  0.99999241  0.99999241  0.99999260  6.05921464  0.00002413
7.785000  0.99999253  0.99999253  0.99999272  6.06421460  0.00002377
7.790000  0.99999265  0.99999265  0.99999283  6.06921457  0.00002341
7.795000  0.99999277  0.99999277  0.99999295  6.07421453  0.00002306
7.800000  0.99999288  0.99999288  0.99999306  6.07921449  0.00002271
7.805000  0.99999300  0.99999299  0.99999317  6.08421446  0.00002237
7.810000  0.99999311  0.99999311  0.99999328  6.08921442  0.00002203
7.815000  0.99999322  0.99999321  0.99999338  6.09421439  0.00002169
7.820000  0.99999332  0.99999332  0.99999349  6.09921436  0.00002137
7.825000  0.99999343  0.99999343  0.99999359  6.10421432  0.00002104
7.830000  0.99999353  0.99999353  0.99999370  6.10921429  0.00002072
7.835000  0.99999364  0.99999364  0.99999380  6.11421426  0.00002041
7.840000  0.99999374  0.99999374  0.99999390  6.11921423  0.00002010
7.845000  0.99999384  0.99999384  0.99999399  6.12421420  0.00001979
7.850000  0.99999394  0.99999394  0.99999409  6.12921417  0.00001949
7.855000  0.99999403  0.99999403  0.99999419  6.13421414  0.00001920
7.860000  0.99999413  0.99999413  0.99999428  6.13921411  0.00001891
7.865000  0.99999422  0.99999422  0.99999437  6.14421408  0.00001862
7.870000  0.99999431  0.99999431  0.99999446  6.14921405  0.00001833
7.875000  0.99999441  0.99999440  0.99999455  6.15421402  0.00001805
7.880000  0.99999449  0.99999449  0.99999464  6.15921399  0.00001778
7.885000  0.99999458  0.99999458  0.99999472  6.16421396  0.00001751
7.890000  0.99999467  0.99999467  0.99999481  6.16921394  0.00001724
7.895000  0.99999476  0.99999475  0.99999489  6.17421391  0.00001697
7.900000  0.99999484  0.99999484  0.99999498  6.17921389  0.00001671
7.905000  0.99999492  0.99999492  0.99999506  6.18421386  0.00001646
7.910000  0.99999500  0.99999500  0.99999514  6.18921383  0.00001621
7.915000  0.99999508  0.99999508  0.99999522  6.19421381  0.00001596
7.920000  0.99999516  0.99999516  0.99999529  6.19921379  0.00001571
7.925000  0.99999524  0.99999524  0.99999537  6.20421376  0.00001547
7.930000  0.99999532  0.99999532  0.99999545  6.20921374  0.00001523
7.935000  0.99999539  0.99999539  0.99999552  6.21421371  0.00001500
7.940000  0.99999547  0.99999547  0.99999559  6.21921369  0.00001477
7.945000  0.99999554  0.99999554  0.99999566  6.22421367  0.00001454
7.950000  0.99999561  0.99999561  0.99999573  6.22921365  0.00001431
7.955000  0.99999568  0.99999568  0.99999580  6.23421363  0.00001409
7.960000  0.99999575  0.99999575  0.99999587  6.23921360  0.00001387
7.965000  0.99999582  0.99999582  0.99999594  6.24421358  0.00001366
7.970000  0.99999589  0.99999589  0.99999601  6.24921356  0.00001345
7.975000  0.99999596  0.99999596  0.99999607  6.25421354  0.00001324
7.980000  0.99999602  0.99999602  0.99999614  6.25921352  0.00001303
7.985000  0.99999609  0.99999609  0.99999620  6.26421350  0.00001283
7.990000  0.99999615  0.99999615  0.99999626  6.26921348  0.00001263
7.995000  0.99999621  0.99999621  0.99999632  6.27421346  0.00001243
8.000000  0.99999628  0.99999628  0.99999638  6.27921344  0.00001224
8.005000  0.99999634  0.99999634  0.99999644  6.28421343  0.00001205
8.010000  0.99999640  0.99999640  0.99999650  6.28921341  0.00001186
8.015000  0.99999646  0.99999646  0.99999656  6.29421339  0.00001168
8.020000  0.99999651  0.99999651  0.99999661  6.29921337  0.00001149
8.025000  0.99999657  0.99999657  0.99999667  6.30421336  0.00001132
8.030000  0.99999663  0.99999663  0.99999672  6.30921334  0.00001114
8.035000  0.99999668  0.99999668  0.99999678  6.31421332  0.00001096
8.040000  0.99999674  0.99999674  0.99999683  6.31921331  0.00001079
8.045000  0.99999679  0.99999679  0.99999688  6.32421329  0.00001062
8.050000  0.99999684  0.99999684  0.99999694  6.32921327  0.00001046
8.055000  0.99999689  0.99999689  0.99999699  6.33421326  0.00001029
8.060000  0.99999695  0.99999695  0.99999704  6.33921324  0.00001013
8.065000  0.99999700  0.99999700  0.99999709  6.34421323  0.00000997
8.070000  0.99999705  0.99999704  0.99999713  6.34921321  0.00000981
8.075000  0.99999709  0.99999709  0.99999718  6.35421320  0.00000966
8.080000  0.99999714  0.99999714  0.99999723  6.35921318  0.00000951
8.085000  0.99999719  0.99999719  0.99999727  6.36421317  0.00000936
8.090000  0.99999724  0.99999723  0.99999732  6.36921315  0.00000921
8.095000  0.99999728  0.99999728  0.99999736  6.37421314  0.00000906
8.100000  0.99999733  0.99999733  0.99999741  6.37921313  0.00000892
8.105000  0.99999737  0.99999737  0.99999745  6.38421311  0.00000878
8.110000  0.99999741  0.99999741  0.99999749  6.38921310  0.00000864
8.115000  0.99999746  0.99999746  0.99999754  6.39421309  0.00000850
8.120000  0.99999750  0.99999750  0.99999758  6.39921308  0.00000837
8.125000  0.99999754  0.99999754  0.99999762  6.40421306  0.00000824
8.130000  0.99999758  0.99999758  0.99999766  6.40921305  0.00000810
8.135000  0.99999762  0.99999762  0.99999770  6.41421304  0.00000798
8.140000  0.99999766  0.99999766  0.99999773  6.41921303  0.00000785
8.145000  0.99999770  0.99999770  0.99999777  6.42421302  0.00000772
8.150000  0.99999774  0.99999774  0.99999781  6.42921300  0.00000760
8.155000  0.99999778  0.99999778  0.99999785  6.43421299  0.00000748
8.160000  0.99999781  0.99999781  0.99999788  6.43921298  0.00000736
8.165000  0.99999785  0.99999785  0.99999792  6.44421297  0.00000724
8.170000  0.99999789  0.99999789  0.99999795  6.44921296  0.00000713
8.175000  0.99999792  0.99999792  0.99999799  6.45421295  0.00000701
8.180000  0.99999796  0.99999796  0.99999802  6.45921294  0.00000690
8.185000  0.99999799  0.99999799  0.99999805  6.46421293  0.00000679
8.190000  0.99999802  0.99999802  0.99999809  6.46921292  0.00000668
8.195000  0.99999806  0.99999806  0.99999812  6.47421291  0.00000657
8.200000  0.99999809  0.99999809  0.99999815  6.47921290  0.00000647
8.205000  0.99999812  0.99999812  0.99999818  6.48421289  0.00000636
8.210000  0.99999815  0.99999815  0.99999821  6.48921288  0.00000626
8.215000  0.99999818  0.99999818  0.99999824  6.49421287  0.00000616
8.220000  0.99999821  0.99999821  0.99999827  6.49921286  0.00000606
8.225000  0.99999824  0.99999824  0.99999830  6.50421285  0.00000596
8.230000  0.99999827  0.99999827  0.99999833  6.50921285  0.00000587
8.235000  0.99999830  0.99999830  0.99999836  6.51421284  0.00000577
8.240000  0.99999833  0.99999833  0.99999839  6.51921283  0.00000568
8.245000  0.99999836  0.99999836  0.99999842  6.52421282  0.00000559
8.250000  0.99999839  0.99999839  0.99999844  6.52921281  0.00000550
8.255000  0.99999842  0.99999841  0.99999847  6.53421280  0.00000541
8.260000  0.99999844  0.99999844  0.99999849  6.53921280  0.00000532
8.265000  0.99999847  0.99999847  0.99999852  6.54421279  0.00000523
8.270000  0.99999849  0.99999849  0.99999855  6.54921278  0.00000515
8.275000  0.99999852  0.99999852  0.99999857  6.55421277  0.00000507
8.280000  0.99999854  0.99999854  0.99999860  6.55921277  0.00000498
8.285000  0.99999857  0.99999857  0.99999862  6.56421276  0.00000490
8.290000  0.99999859  0.99999859  0.99999864  6.56921275  0.00000482
8.295000  0.99999862  0.99999862  0.99999867  6.57421275  0.00000474
8.300000  0.99999864  0.99999864  0.99999869  6.57921274  0.00000467
8.305000  0.99999866  0.99999866  0.99999871  6.58421273  0.00000459
8.310000  0.99999869  0.99999869  0.99999873  6.58921273  0.00000452
8.315000  0.99999871  0.99999871  0.99999876  6.59421272  0.00000444
8.320000  0.99999873  0.99999873  0.99999878  6.59921271  0.00000437
8.325000  0.99999875  0.99999875  0.99999880  6.60421271  0.00000430
8.330000  0.99999877  0.99999877  0.99999882  6.60921270  0.00000423
8.335000  0.99999880  0.99999880  0.99999884  6.61421269  0.00000416
8.340000  0.99999882  0.99999882  0.99999886  6.61921269  0.00000409
8.345000  0.99999884  0.99999884  0.99999888  6.62421268  0.00000402
8.350000  0.99999886  0.99999886  0.99999890  6.62921268  0.00000396
8.355000  0.99999888  0.99999888  0.99999892  6.63421267  0.00000389
8.360000  0.99999890  0.99999890  0.99999894  6.63921266  0.00000383
8.365000  0.99999891  0.99999891  0.99999895  6.64421266  0.00000376
8.370000  0.99999893  0.99999893  0.99999897  6.64921265  0.00000370
8.375000  0.99999895  0.99999895  0.99999899  6.65421265  0.00000364
8.380000  0.99999897  0.99999897  0.99999901  6.65921264  0.00000358
8.385000  0.99999899  0.99999899  0.99999902  6.66421264  0.00000352
8.390000  0.99999900  0.99999900  0.99999904  6.66921263  0.00000346
8.395000  0.99999902  0.99999902  0.99999906  6.67421263  0.00000341
8.400000  0.99999904  0.99999904  0.99999907  6.67921262  0.00000335
8.405000  0.99999906  0.99999906  0.99999909  6.68421262  0.00000329
8.410000  0.99999907  0.99999907  0.99999911  6.68921261  0.00000324
8.415000  0.99999909  0.99999909  0.99999912  6.69421261  0.00000319
8.420000  0.99999910  0.99999910  0.99999914  6.69921261  0.00000313
8.425000  0.99999912  0.99999912  0.99999915  6.70421260  0.00000308
8.430000  0.99999913  0.99999913  0.99999917  6.70921260  0.00000303
8.435000  0.99999915  0.99999915  0.99999918  6.71421259  0.00000298
8.440000  0.99999916  0.99999916  0.99999920  6.71921259  0.00000293
8.445000  0.99999918  0.99999918  0.99999921  6.72421258  0.00000288
8.450000  0.99999919  0.99999919  0.99999922  6.72921258  0.00000283
8.455000  0.99999921  0.99999921  0.99999924  6.73421258  0.00000279
8.460000  0.99999922  0.99999922  0.99999925  6.73921257  0.00000274
8.465000  0.99999923  0.99999923  0.99999926  6.74421257  0.00000269
8.470000  0.99999925  0.99999925  0.99999928  6.74921256  0.00000265
8.475000  0.99999926  0.99999926  0.99999929  6.75421256  0.00000260
8.480000  0.99999927  0.99999927  0.99999930  6.75921256  0.00000256
8.485000  0.99999929  0.99999929  0.99999931  6.76421255  0.00000252
8.490000  0.99999930  0.99999930  0.99999933  6.76921255  0.00000248
8.495000  0.99999931  0.99999931  0.99999934  6.77421255  0.00000243
8.500000  0.99999932  0.99999932  0.99999935  6.77921254  0.00000239
8.505000  0.99999934  0.99999934  0.99999936  6.78421254  0.00000235
8.510000  0.99999935  0.99999935  0.99999937  6.78921254  0.00000231
8.515000  0.99999936  0.99999936  0.99999938  6.79421253  0.00000227
8.520000  0.99999937  0.99999937  0.99999939  6.79921253  0.00000224
8.525000  0.99999938  0.99999938  0.99999941  6.80421253  0.00000220
8.530000  0.99999939  0.99999939  0.99999942  6.80921252  0.00000216
8.535000  0.99999940  0.99999940  0.99999943  6.81421252  0.00000212
8.540000  0.99999941  0.99999941  0.99999944  6.81921252  0.00000209
8.545000  0.99999942  0.99999942  0.99999945  6.82421251  0.00000205
8.550000  0.99999943  0.99999943  0.99999946  6.82921251  0.00000202
8.555000  0.99999944  0.99999944  0.99999947  6.83421251  0.00000198
8.560000  0.99999945  0.99999945  0.99999948  6.83921251  0.00000195
8.565000  0.99999946  0.99999946  0.99999949  6.84421250  0.00000192
8.570000  0.99999947  0.99999947  0.99999949  6.84921250  0.00000189
8.575000  0.99999948  0.99999948  0.99999950  6.85421250  0.00000185
8.580000  0.99999949  0.99999949  0.99999951  6.85921250  0.00000182
8.585000  0.99999950  0.99999950  0.99999952  6.86421249  0.00000179
8.590000  0.99999951  0.99999951  0.99999953  6.86921249  0.00000176
8.595000  0.99999952  0.99999952  0.99999954  6.87421249  0.00000173
8.600000  0.99999953  0.99999953  0.99999955  6.87921249  0.00000170
8.605000  0.99999953  0.99999953  0.99999955  6.88421248  0.00000167
8.610000  0.99999954  0.99999954  0.99999956  6.88921248  0.00000164
8.615000  0.99999955  0.99999955  0.99999957  6.89421248  0.00000162
8.620000  0.99999956  0.99999956  0.99999958  6.89921248  0.00000159
8.625000  0.99999957  0.99999957  0.99999959  6.90421247  0.00000156
8.630000  0.99999957  0.99999957  0.99999959  6.90921247  0.00000153
8.635000  0.99999958  0.99999958  0.99999960  6.91421247  0.00000151
8.640000  0.99999959  0.99999959  0.99999961  6.91921247  0.00000148
8.645000  0.99999960  0.99999960  0.99999961  6.92421247  0.00000146
8.650000  0.99999960  0.99999960  0.99999962  6.92921246  0.00000143
8.655000  0.99999961  0.99999961  0.99999963  6.93421246  0.00000141
8.660000  0.99999962  0.99999962  0.99999963  6.93921246  0.00000138
8.665000  0.99999963  0.99999963  0.99999964  6.94421246  0.00000136
8.670000  0.99999963  0.99999963  0.99999965  6.94921246  0.00000134
8.675000  0.99999964  0.99999964  0.99999965  6.95421245  0.00000131
8.680000  0.99999965  0.99999964  0.99999966  6.95921245  0.00000129
8.685000  0.99999965  0.99999965  0.99999967  6.96421245  0.00000127
8.690000  0.99999966  0.99999966  0.99999967  6.96921245  0.00000125
8.695000  0.99999966  0.99999966  0.99999968  6.97421245  0.00000122
8.700000  0.99999967  0.99999967  0.99999968  6.97921245  0.00000120
8.705000  0.99999968  0.99999968  0.99999969  6.98421244  0.00000118
8.710000  0.99999968  0.99999968  0.99999970  6.98921244  0.00000116
8.715000  0.99999969  0.99999969  0.99999970  6.99421244  0.00000114
8.720000  0.99999969  0.99999969  0.99999971  6.99921244  0.00000112
8.725000  0.99999970  0.99999970  0.99999971  7.00421244  0.00000110
8.730000  0.99999970  0.99999970  0.99999972  7.00921244  0.00000108
8.735000  0.99999971  0.99999971  0.99999972  7.01421244  0.00000106
8.740000  0.99999971  0.99999971  0.99999973  7.01921243  0.00000105
8.745000  0.99999972  0.99999972  0.99999973  7.02421243  0.00000103
8.750000  0.99999973  0.99999973  0.99999974  7.02921243  0.00000101
8.755000  0.99999973  0.99999973  0.99999974  7.03421243  0.00000099
8.760000  0.99999974  0.99999973  0.99999975  7.03921243  0.00000097
8.765000  0.99999974  0.99999974  0.99999975  7.04421243  0.00000096
8.770000  0.99999974  0.99999974  0.99999976  7.04921243  0.00000094
8.775000  0.99999975  0.99999975  0.99999976  7.05421242  0.00000092
8.780000  0.99999975  0.99999975  0.99999977  7.05921242  0.00000091
8.785000  0.99999976  0.99999976  0.99999977  7.06421242  0.00000089
8.790000  0.99999976  0.99999976  0.99999977  7.06921242  0.00000088
8.795000  0.99999977  0.99999977  0.99999978  7.07421242  0.00000086
8.800000  0.99999977  0.99999977  0.99999978  7.07921242  0.00000085
8.805000  0.99999978  0.99999978  0.99999979  7.08421242  0.00000083
8.810000  0.99999978  0.99999978  0.99999979  7.08921242  0.00000082
8.815000  0.99999978  0.99999978  0.99999979  7.09421241  0.00000080
8.820000  0.99999979  0.99999979  0.99999980  7.09921241  0.00000079
8.825000  0.99999979  0.99999979  0.99999980  7.10421241  0.00000077
8.830000  0.99999980  0.99999980  0.99999981  7.10921241  0.00000076
8.835000  0.99999980  0.99999980  0.99999981  7.11421241  0.00000075
8.840000  0.99999980  0.99999980  0.99999981  7.11921241  0.00000073
8.845000  0.99999981  0.99999981  0.99999982  7.12421241  0.00000072
8.850000  0.99999981  0.99999981  0.99999982  7.12921241  0.00000071
8.855000  0.99999981  0.99999981  0.99999982  7.13421241  0.00000070
8.860000  0.99999982  0.99999982  0.99999983  7.13921241  0.00000068
8.865000  0.99999982  0.99999982  0.99999983  7.14421241  0.00000067
8.870000  0.99999982  0.99999982  0.99999983  7.14921240  0.00000066
8.875000  0.99999983  0.99999983  0.99999984  7.15421240  0.00000065
8.880000  0.99999983  0.99999983  0.99999984  7.15921240  0.00000064
8.885000  0.99999983  0.99999983  0.99999984  7.16421240  0.00000063
8.890000  0.99999984  0.99999984  0.99999984  7.16921240  0.00000061
8.895000  0.99999984  0.99999984  0.99999985  7.17421240  0.00000060
8.900000  0.99999984  0.99999984  0.99999985  7.17921240  0.00000059
8.905000  0.99999985  0.99999985  0.99999985  7.18421240  0.00000058
8.910000  0.99999985  0.99999985  0.99999986  7.18921240  0.00000057
8.915000  0.99999985  0.99999985  0.99999986  7.19421240  0.00000056
8.920000  0.99999985  0.99999985  0.99999986  7.19921240  0.00000055
8.925000  0.99999986  0.99999986  0.99999986  7.20421240  0.00000054
8.930000  0.99999986  0.99999986  0.99999987  7.20921239  0.00000053
8.935000  0.99999986  0.99999986  0.99999987  7.21421239  0.00000052
8.940000  0.99999986  0.99999986  0.99999987  7.21921239  0.00000051
8.945000  0.99999987  0.99999987  0.99999987  7.22421239  0.00000050
8.950000  0.99999987  0.99999987  0.99999988  7.22921239  0.00000049
8.955000  0.99999987  0.99999987  0.99999988  7.23421239  0.00000049
8.960000  0.99999987  0.99999987  0.99999988  7.23921239  0.00000048
8.965000  0.99999988  0.99999988  0.99999988  7.24421239  0.00000047
8.970000  0.99999988  0.99999988  0.99999989  7.24921239  0.00000046
8.975000  0.99999988  0.99999988  0.99999989  7.25421239  0.00000045
8.980000  0.99999988  0.99999988  0.99999989  7.25921239  0.00000044
8.985000  0.99999989  0.99999989  0.99999989  7.26421239  0.00000044
8.990000  0.99999989  0.99999989  0.99999989  7.26921239  0.00000043
8.995000  0.99999989  0.99999989  0.99999990  7.27421239  0.00000042
9.000000  0.99999989  0.99999989  0.99999990  7.27921239  0.00000041
9.005000  0.99999989  0.99999989  0.99999990  7.28421239  0.00000041
9.010000  0.99999990  0.99999990  0.99999990  7.28921239  0.00000040
9.015000  0.99999990  0.99999990  0.99999990  7.29421238  0.00000039
9.020000  0.99999990  0.99999990  0.99999991  7.29921238  0.00000038
9.025000  0.99999990  0.99999990  0.99999991  7.30421238  0.00000038
9.030000  0.99999990  0.99999990  0.99999991  7.30921238  0.00000037
9.035000  0.99999991  0.99999991  0.99999991  7.31421238  0.00000036
9.040000  0.99999991  0.99999991  0.99999991  7.31921238  0.00000036
9.045000  0.99999991  0.99999991  0.99999991  7.32421238  0.00000035
9.050000  0.99999991  0.99999991  0.99999992  7.32921238  0.00000034
9.055000  0.99999991  0.99999991  0.99999992  7.33421238  0.00000034
9.060000  0.99999991  0.99999991  0.99999992  7.33921238  0.00000033
9.065000  0.99999992  0.99999992  0.99999992  7.34421238  0.00000033
9.070000  0.99999992  0.99999992  0.99999992  7.34921238  0.00000032
9.075000  0.99999992  0.99999992  0.99999992  7.35421238  0.00000031
9.080000  0.99999992  0.99999992  0.99999993  7.35921238  0.00000031
9.085000  0.99999992  0.99999992  0.99999993  7.36421238  0.00000030
9.090000  0.99999992  0.99999992  0.99999993  7.36921238  0.00000030
9.095000  0.99999993  0.99999993  0.99999993  7.37421238  0.00000029
9.100000  0.99999993  0.99999993  0.99999993  7.37921238  0.00000029
9.105000  0.99999993  0.99999993  0.99999993  7.38421238  0.00000028
9.110000  0.99999993  0.99999993  0.99999993  7.38921238  0.00000028
9.115000  0.99999993  0.99999993  0.99999993  7.39421238  0.00000027
9.120000  0.99999993  0.99999993  0.99999994  7.39921238  0.00000027
9.125000  0.99999993  0.99999993  0.99999994  7.40421238  0.00000026
9.130000  0.99999994  0.99999994  0.99999994  7.40921238  0.00000026
9.135000  0.99999994  0.99999994  0.99999994  7.41421237  0.00000025
9.140000  0.99999994  0.99999994  0.99999994  7.41921237  0.00000025
9.145000  0.99999994  0.99999994  0.99999994  7.42421237  0.00000024
9.150000  0.99999994  0.99999994  0.99999994  7.42921237  0.00000024
9.155000  0.99999994  0.99999994  0.99999994  7.43421237  0.00000023
9.160000  0.99999994  0.99999994  0.99999995  7.43921237  0.00000023
9.165000  0.99999994  0.99999994  0.99999995  7.44421237  0.00000022
9.170000  0.99999994  0.99999994  0.99999995  7.44921237  0.00000022
9.175000  0.99999995  0.99999995  0.99999995  7.45421237  0.00000022
9.180000  0.99999995  0.99999995  0.99999995  7.45921237  0.00000021
9.185000  0.99999995  0.99999995  0.99999995  7.46421237  0.00000021
9.190000  0.99999995  0.99999995  0.99999995  7.46921237  0.00000020
9.195000  0.99999995  0.99999995  0.99999995  7.47421237  0.00000020
9.200000  0.99999995  0.99999995  0.99999995  7.47921237  0.00000020
9.205000  0.99999995  0.99999995  0.99999995  7.48421237  0.00000019
9.210000  0.99999995  0.99999995  0.99999996  7.48921237  0.00000019
9.215000  0.99999995  0.99999995  0.99999996  7.49421237  0.00000019
9.220000  0.99999995  0.99999995  0.99999996  7.49921237  0.00000018
9.225000  0.99999996  0.99999996  0.99999996  7.50421237  0.00000018
9.230000  0.99999996  0.99999996  0.99999996  7.50921237  0.00000018
9.235000  0.99999996  0.99999996  0.99999996  7.51421237  0.00000017
9.240000  0.99999996  0.99999996  0.99999996  7.51921237  0.00000017
9.245000  0.99999996  0.99999996  0.99999996  7.52421237  0.00000017
9.250000  0.99999996  0.99999996  0.99999996  7.52921237  0.00000016
9.255000  0.99999996  0.99999996  0.99999996  7.53421237  0.00000016
9.260000  0.99999996  0.99999996  0.99999996  7.53921237  0.00000016
9.265000  0.99999996  0.99999996  0.99999996  7.54421237  0.00000015
9.270000  0.99999996  0.99999996  0.99999997  7.54921237  0.00000015
9.275000  0.99999996  0.99999996  0.99999997  7.55421237  0.00000015
9.280000  0.99999996  0.99999996  0.99999997  7.55921237  0.00000015
9.285000  0.99999997  0.99999997  0.99999997  7.56421237  0.00000014
9.290000  0.99999997  0.99999997  0.99999997  7.56921237  0.00000014
9.295000  0.99999997  0.99999997  0.99999997  7.57421237  0.00000014
9.300000  0.99999997  0.99999997  0.99999997  7.57921237  0.00000014
9.305000  0.99999997  0.99999997  0.99999997  7.58421237  0.00000013
9.310000  0.99999997  0.99999997  0.99999997  7.58921237  0.00000013
9.315000  0.99999997  0.99999997  0.99999997  7.59421237  0.00000013
9.320000  0.99999997  0.99999997  0.99999997  7.59921237  0.00000013
9.325000  0.99999997  0.99999997  0.99999997  7.60421237  0.00000012
9.330000  0.99999997  0.99999997  0.99999997  7.60921237  0.00000012
9.335000  0.99999997  0.99999997  0.99999997  7.61421237  0.00000012
9.340000  0.99999997  0.99999997  0.99999997  7.61921237  0.00000012
9.345000  0.99999997  0.99999997  0.99999997  7.62421237  0.00000011
9.350000  0.99999997  0.99999997  0.99999998  7.62921237  0.00000011
9.355000  0.99999997  0.99999997  0.99999998  7.63421237  0.00000011
9.360000  0.99999997  0.99999997  0.99999998  7.63921237  0.00000011
9.365000  0.99999998  0.99999998  0.99999998  7.64421237  0.00000011
9.370000  0.99999998  0.99999998  0.99999998  7.64921237  0.00000010
9.375000  0.99999998  0.99999998  0.99999998  7.65421236  0.00000010
9.380000  0.99999998  0.99999998  0.99999998  7.65921236  0.00000010
9.385000  0.99999998  0.99999998  0.99999998  7.66421236  0.00000010
9.390000  0.99999998  0.99999998  0.99999998  7.66921236  0.00000010
9.395000  0.99999998  0.99999998  0.99999998  7.67421236  0.00000009
9.400000  0.99999998  0.99999998  0.99999998  7.67921236  0.00000009
9.405000  0.99999998  0.99999998  0.99999998  7.68421236  0.00000009
9.410000  0.99999998  0.99999998  0.99999998  7.68921236  0.00000009
9.415000  0.99999998  0.99999998  0.99999998  7.69421236  0.00000009
9.420000  0.99999998  0.99999998  0.99999998  7.69921236  0.00000009
9.425000  0.99999998  0.99999998  0.99999998  7.70421236  0.00000008
9.430000  0.99999998  0.99999998  0.99999998  7.70921236  0.00000008
9.435000  0.99999998  0.99999998  0.99999998  7.71421236  0.00000008
9.440000  0.99999998  0.99999998  0.99999998  7.71921236  0.00000008
9.445000  0.99999998  0.99999998  0.99999998  7.72421236  0.00000008
9.450000  0.99999998  0.99999998  0.99999998  7.72921236  0.00000008
9.455000  0.99999998  0.99999998  0.99999998  7.73421236  0.00000007
9.460000  0.99999998  0.99999998  0.99999998  7.73921236  0.00000007
9.465000  0.99999998  0.99999998  0.99999998  7.74421236  0.00000007
9.470000  0.99999998  0.99999998  0.99999999  7.74921236  0.00000007
9.475000  0.99999998  0.99999998  0.99999999  7.75421236  0.00000007
9.480000  0.99999998  0.99999998  0.99999999  7.75921236  0.00000007
9.485000  0.99999999  0.99999999  0.99999999  7.76421236  0.00000007
9.490000  0.99999999  0.99999999  0.99999999  7.76921236  0.00000007
9.495000  0.99999999  0.99999999  0.99999999  7.77421236  0.00000006
9.500000  0.99999999  0.99999999  0.99999999  7.77921236  0.00000006
9.505000  0.99999999  0.99999999  0.99999999  7.78421236  0.00000006
9.510000  0.99999999  0.99999999  0.99999999  7.78921236  0.00000006
9.515000  0.99999999  0.99999999  0.99999999  7.79421236  0.00000006
9.520000  0.99999999  0.99999999  0.99999999  7.79921236  0.00000006
9.525000  0.99999999  0.99999999  0.99999999  7.80421236  0.00000006
9.530000  0.99999999  0.99999999  0.99999999  7.80921236  0.00000006
9.535000  0.99999999  0.99999999  0.99999999  7.81421236  0.00000005
9.540000  0.99999999  0.99999999  0.99999999  7.81921236  0.00000005
9.545000  0.99999999  0.99999999  0.99999999  7.82421236  0.00000005
9.550000  0.99999999  0.99999999  0.99999999  7.82921236  0.00000005
9.555000  0.99999999  0.99999999  0.99999999  7.83421236  0.00000005
9.560000  0.99999999  0.99999999  0.99999999  7.83921236  0.00000005
9.565000  0.99999999  0.99999999  0.99999999  7.84421236  0.00000005
9.570000  0.99999999  0.99999999  0.99999999  7.84921236  0.00000005
9.575000  0.99999999  0.99999999  0.99999999  7.85421236  0.00000005
9.580000  0.99999999  0.99999999  0.99999999  7.85921236  0.00000005
9.585000  0.99999999  0.99999999  0.99999999  7.86421236  0.00000005
9.590000  0.99999999  0.99999999  0.99999999  7.86921236  0.00000004
9.595000  0.99999999  0.99999999  0.99999999  7.87421236  0.00000004
9.600000  0.99999999  0.99999999  0.99999999  7.87921236  0.00000004
9.605000  0.99999999  0.99999999  0.99999999  7.88421236  0.00000004
9.610000  0.99999999  0.99999999  0.99999999  7.88921236  0.00000004
9.615000  0.99999999  0.99999999  0.99999999  7.89421236  0.00000004
9.620000  0.99999999  0.99999999  0.99999999  7.89921236  0.00000004
9.625000  0.99999999  0.99999999  0.99999999  7.90421236  0.00000004
9.630000  0.99999999  0.99999999  0.99999999  7.90921236  0.00000004
9.635000  0.99999999  0.99999999  0.99999999  7.91421236  0.00000004
9.640000  0.99999999  0.99999999  0.99999999  7.91921236  0.00000004
9.645000  0.99999999  0.99999999  0.99999999  7.92421236  0.00000004
9.650000  0.99999999  0.99999999  0.99999999  7.92921236  0.00000003
9.655000  0.99999999  0.99999999  0.99999999  7.93421236  0.00000003
9.660000  0.99999999  0.99999999  0.99999999  7.93921236  0.00000003
9.665000  0.99999999  0.99999999  0.99999999  7.94421236  0.00000003
9.670000  0.99999999  0.99999999  0.99999999  7.94921236  0.00000003
9.675000  0.99999999  0.99999999  0.99999999  7.95421236  0.00000003
9.680000  0.99999999  0.99999999  0.99999999  7.95921236  0.00000003
9.685000  0.99999999  0.99999999  0.99999999  7.96421236  0.00000003
9.690000  0.99999999  0.99999999  1.00000000  7.96921236  0.00000003
9.695000  0.99999999  0.99999999  1.00000000  7.97421236  0.00000003
9.700000  0.99999999  0.99999999  1.00000000  7.97921236  0.00000003
9.705000  1.00000000  1.00000000  1.00000000  7.98421236  0.00000003
9.710000  1.00000000  1.00000000  1.00000000  7.98921236  0.00000003
9.715000  1.00000000  1.00000000  1.00000000  7.99421236  0.00000003
9.720000  1.00000000  1.00000000  1.00000000  7.99921236  0.00000003
9.725000  1.00000000  1.00000000  1.00000000  8.00421236  0.00000003
9.730000  1.00000000  1.00000000  1.00000000  8.00921236  0.00000003
9.735000  1.00000000  1.00000000  1.00000000  8.01421236  0.00000002
9.740000  1.00000000  1.00000000  1.00000000  8.01921236  0.00000002
9.745000  1.00000000  1.00000000  1.00000000  8.02421236  0.00000002
9.750000  1.00000000  1.00000000  1.00000000  8.02921236  0.00000002
9.755000  1.00000000  1.00000000  1.00000000  8.03421236  0.00000002
9.760000  1.00000000  1.00000000  1.00000000  8.03921236  0.00000002
9.765000  1.00000000  1.00000000  1.00000000  8.04421236  0.00000002
9.770000  1.00000000  1.00000000  1.00000000  8.04921236  0.00000002
9.775000  1.00000000  1.00000000  1.00000000  8.05421236  0.00000002
9.780000  1.00000000  1.00000000  1.00000000  8.05921236  0.00000002
9.785000  1.00000000  1.00000000  1.00000000  8.06421236  0.00000002
9.790000  1.00000000  1.00000000  1.00000000  8.06921236  0.00000002
9.795000  1.00000000  1.00000000  1.00000000  8.07421236  0.00000002
9.800000  1.00000000  1.00000000  1.00000000  8.07921236  0.00000002
9.805000  1.00000000  1.00000000  1.00000000  8.08421236  0.00000002
9.810000  1.00000000  1.00000000  1.00000000  8.08921236  0.00000002
9.815000  1.00000000  1.00000000  1.00000000  8.09421236  0.00000002
9.820000  1.00000000  1.00000000  1.00000000  8.09921236  0.00000002
9.825000  1.00000000  1.00000000  1.00000000  8.10421236  0.00000002
9.830000  1.00000000  1.00000000  1.00000000  8.10921236  0.00000002
9.835000  1.00000000  1.00000000  1.00000000  8.11421236  0.00000002
9.840000  1.00000000  1.00000000  1.00000000  8.11921236  0.00000002
9.845000  1.00000000  1.00000000  1.00000000  8.12421236  0.00000002
9.850000  1.00000000  1.00000000  1.00000000  8.12921236  0.00000002
9.855000  1.00000000  1.00000000  1.00000000  8.13421236  0.00000002
9.860000  1.00000000  1.00000000  1.00000000  8.13921236  0.00000001
9.865000  1.00000000  1.00000000  1.00000000  8.14421236  0.00000001
9.870000  1.00000000  1.00000000  1.00000000  8.14921236  0.00000001
9.875000  1.00000000  1.00000000  1.00000000  8.15421236  0.00000001
9.880000  1.00000000  1.00000000  1.00000000  8.15921236  0.00000001
9.885000  1.00000000  1.00000000  1.00000000  8.16421236  0.00000001
9.890000  1.00000000  1.00000000  1.00000000  8.16921236  0.00000001
9.895000  1.00000000  1.00000000  1.00000000  8.17421236  0.00000001
9.900000  1.00000000  1.00000000  1.00000000  8.17921236  0.00000001
9.905000  1.00000000  1.00000000  1.00000000  8.18421236  0.00000001
9.910000  1.00000000  1.00000000  1.00000000  8.18921236  0.00000001
9.915000  1.00000000  1.00000000  1.00000000  8.19421236  0.00000001
9.920000  1.00000000  1.00000000  1.00000000  8.19921236  0.00000001
9.925000  1.00000000  1.00000000  1.00000000  8.20421236  0.00000001
9.930000  1.00000000  1.00000000  1.00000000  8.20921236  0.00000001
9.935000  1.00000000  1.00000000  1.00000000  8.21421236  0.00000001
9.940000  1.00000000  1.00000000  1.00000000  8.21921236  0.00000001
9.945000  1.00000000  1.00000000  1.00000000  8.22421236  0.00000001
9.950000  1.00000000  1.00000000  1.00000000  8.22921236  0.00000001
9.955000  1.00000000  1.00000000  1.00000000  8.23421236  0.00000001
9.960000  1.00000000  1.00000000  1.00000000  8.23921236  0.00000001
9.965000  1.00000000  1.00000000  1.00000000  8.24421236  0.00000001
9.970000  1.00000000  1.00000000  1.00000000  8.24921236  0.00000001
9.975000  1.00000000  1.00000000  1.00000000  8.25421236  0.00000001
9.980000  1.00000000  1.00000000  1.00000000  8.25921236  0.00000001
9.985000  1.00000000  1.00000000  1.00000000  8.26421236  0.00000001
9.990000  1.00000000  1.00000000  1.00000000  8.26921236  0.00000001
9.995000  1.00000000  1.00000000  1.00000000  8.27421236  0.00000001
10.000000  1.00000000  1.00000000  1.00000000  8.27921236  0.00000001
