# Profil demi-parabole - Oracle3D
# u(psi) = 2*eta - eta^2,  eta = psi/H
# H_CANAL =   10.000
# RE_INPUT =  10000.0
#
# Colonnes :
#   1: eta  = psi/H          [-]
#   2: u    = 2*eta - eta^2  [-] (= u/U_inf)
#   3: psi  = eta * H        [delta0]
#   4: du/deta = 2*(1-eta)   [-]
#
# eta         u_parabole  psi_phys    du_deta
  0.000000E+00    0.000000E+00    0.000000E+00    2.000000E+00
  5.000000E-04    9.997500E-04    5.000000E-03    1.999000E+00
  1.000000E-03    1.999000E-03    1.000000E-02    1.998000E+00
  1.500000E-03    2.997750E-03    1.500000E-02    1.997000E+00
  2.000000E-03    3.996000E-03    2.000000E-02    1.996000E+00
  2.500000E-03    4.993750E-03    2.500000E-02    1.995000E+00
  3.000000E-03    5.991000E-03    3.000000E-02    1.994000E+00
  3.500000E-03    6.987750E-03    3.500000E-02    1.993000E+00
  4.000000E-03    7.984000E-03    4.000000E-02    1.992000E+00
  4.500000E-03    8.979750E-03    4.500000E-02    1.991000E+00
  5.000000E-03    9.975000E-03    5.000000E-02    1.990000E+00
  5.500000E-03    1.096975E-02    5.500000E-02    1.989000E+00
  6.000000E-03    1.196400E-02    6.000000E-02    1.988000E+00
  6.500000E-03    1.295775E-02    6.500000E-02    1.987000E+00
  7.000000E-03    1.395100E-02    7.000000E-02    1.986000E+00
  7.500000E-03    1.494375E-02    7.500000E-02    1.985000E+00
  8.000000E-03    1.593600E-02    8.000000E-02    1.984000E+00
  8.500000E-03    1.692775E-02    8.500000E-02    1.983000E+00
  9.000000E-03    1.791900E-02    9.000000E-02    1.982000E+00
  9.500000E-03    1.890975E-02    9.500000E-02    1.981000E+00
  1.000000E-02    1.990000E-02    1.000000E-01    1.980000E+00
  1.050000E-02    2.088975E-02    1.050000E-01    1.979000E+00
  1.100000E-02    2.187900E-02    1.100000E-01    1.978000E+00
  1.150000E-02    2.286775E-02    1.150000E-01    1.977000E+00
  1.200000E-02    2.385600E-02    1.200000E-01    1.976000E+00
  1.250000E-02    2.484375E-02    1.250000E-01    1.975000E+00
  1.300000E-02    2.583100E-02    1.300000E-01    1.974000E+00
  1.350000E-02    2.681775E-02    1.350000E-01    1.973000E+00
  1.400000E-02    2.780400E-02    1.400000E-01    1.972000E+00
  1.450000E-02    2.878975E-02    1.450000E-01    1.971000E+00
  1.500000E-02    2.977500E-02    1.500000E-01    1.970000E+00
  1.550000E-02    3.075975E-02    1.550000E-01    1.969000E+00
  1.600000E-02    3.174400E-02    1.600000E-01    1.968000E+00
  1.650000E-02    3.272775E-02    1.650000E-01    1.967000E+00
  1.700000E-02    3.371100E-02    1.700000E-01    1.966000E+00
  1.750000E-02    3.469375E-02    1.750000E-01    1.965000E+00
  1.800000E-02    3.567600E-02    1.800000E-01    1.964000E+00
  1.850000E-02    3.665775E-02    1.850000E-01    1.963000E+00
  1.900000E-02    3.763900E-02    1.900000E-01    1.962000E+00
  1.950000E-02    3.861975E-02    1.950000E-01    1.961000E+00
  2.000000E-02    3.960000E-02    2.000000E-01    1.960000E+00
  2.050000E-02    4.057975E-02    2.050000E-01    1.959000E+00
  2.100000E-02    4.155900E-02    2.100000E-01    1.958000E+00
  2.150000E-02    4.253775E-02    2.150000E-01    1.957000E+00
  2.200000E-02    4.351600E-02    2.200000E-01    1.956000E+00
  2.250000E-02    4.449375E-02    2.250000E-01    1.955000E+00
  2.300000E-02    4.547100E-02    2.300000E-01    1.954000E+00
  2.350000E-02    4.644775E-02    2.350000E-01    1.953000E+00
  2.400000E-02    4.742400E-02    2.400000E-01    1.952000E+00
  2.450000E-02    4.839975E-02    2.450000E-01    1.951000E+00
  2.500000E-02    4.937500E-02    2.500000E-01    1.950000E+00
  2.550000E-02    5.034975E-02    2.550000E-01    1.949000E+00
  2.600000E-02    5.132400E-02    2.600000E-01    1.948000E+00
  2.650000E-02    5.229775E-02    2.650000E-01    1.947000E+00
  2.700000E-02    5.327100E-02    2.700000E-01    1.946000E+00
  2.750000E-02    5.424375E-02    2.750000E-01    1.945000E+00
  2.800000E-02    5.521600E-02    2.800000E-01    1.944000E+00
  2.850000E-02    5.618775E-02    2.850000E-01    1.943000E+00
  2.900000E-02    5.715900E-02    2.900000E-01    1.942000E+00
  2.950000E-02    5.812975E-02    2.950000E-01    1.941000E+00
  3.000000E-02    5.910000E-02    3.000000E-01    1.940000E+00
  3.050000E-02    6.006975E-02    3.050000E-01    1.939000E+00
  3.100000E-02    6.103900E-02    3.100000E-01    1.938000E+00
  3.150000E-02    6.200775E-02    3.150000E-01    1.937000E+00
  3.200000E-02    6.297600E-02    3.200000E-01    1.936000E+00
  3.250000E-02    6.394375E-02    3.250000E-01    1.935000E+00
  3.300000E-02    6.491100E-02    3.300000E-01    1.934000E+00
  3.350000E-02    6.587775E-02    3.350000E-01    1.933000E+00
  3.400000E-02    6.684400E-02    3.400000E-01    1.932000E+00
  3.450000E-02    6.780975E-02    3.450000E-01    1.931000E+00
  3.500000E-02    6.877500E-02    3.500000E-01    1.930000E+00
  3.550000E-02    6.973975E-02    3.550000E-01    1.929000E+00
  3.600000E-02    7.070400E-02    3.600000E-01    1.928000E+00
  3.650000E-02    7.166775E-02    3.650000E-01    1.927000E+00
  3.700000E-02    7.263100E-02    3.700000E-01    1.926000E+00
  3.750000E-02    7.359375E-02    3.750000E-01    1.925000E+00
  3.800000E-02    7.455600E-02    3.800000E-01    1.924000E+00
  3.850000E-02    7.551775E-02    3.850000E-01    1.923000E+00
  3.900000E-02    7.647900E-02    3.900000E-01    1.922000E+00
  3.950000E-02    7.743975E-02    3.950000E-01    1.921000E+00
  4.000000E-02    7.840000E-02    4.000000E-01    1.920000E+00
  4.050000E-02    7.935975E-02    4.050000E-01    1.919000E+00
  4.100000E-02    8.031900E-02    4.100000E-01    1.918000E+00
  4.150000E-02    8.127775E-02    4.150000E-01    1.917000E+00
  4.200000E-02    8.223600E-02    4.200000E-01    1.916000E+00
  4.250000E-02    8.319375E-02    4.250000E-01    1.915000E+00
  4.300000E-02    8.415100E-02    4.300000E-01    1.914000E+00
  4.350000E-02    8.510775E-02    4.350000E-01    1.913000E+00
  4.400000E-02    8.606400E-02    4.400000E-01    1.912000E+00
  4.450000E-02    8.701975E-02    4.450000E-01    1.911000E+00
  4.500000E-02    8.797500E-02    4.500000E-01    1.910000E+00
  4.550000E-02    8.892975E-02    4.550000E-01    1.909000E+00
  4.600000E-02    8.988400E-02    4.600000E-01    1.908000E+00
  4.650000E-02    9.083775E-02    4.650000E-01    1.907000E+00
  4.700000E-02    9.179100E-02    4.700000E-01    1.906000E+00
  4.750000E-02    9.274375E-02    4.750000E-01    1.905000E+00
  4.800000E-02    9.369600E-02    4.800000E-01    1.904000E+00
  4.850000E-02    9.464775E-02    4.850000E-01    1.903000E+00
  4.900000E-02    9.559900E-02    4.900000E-01    1.902000E+00
  4.950000E-02    9.654975E-02    4.950000E-01    1.901000E+00
  5.000000E-02    9.750000E-02    5.000000E-01    1.900000E+00
  5.050000E-02    9.844975E-02    5.050000E-01    1.899000E+00
  5.100000E-02    9.939900E-02    5.100000E-01    1.898000E+00
  5.150000E-02    1.003477E-01    5.150000E-01    1.897000E+00
  5.200000E-02    1.012960E-01    5.200000E-01    1.896000E+00
  5.250000E-02    1.022437E-01    5.250000E-01    1.895000E+00
  5.300000E-02    1.031910E-01    5.300000E-01    1.894000E+00
  5.350000E-02    1.041378E-01    5.350000E-01    1.893000E+00
  5.400000E-02    1.050840E-01    5.400000E-01    1.892000E+00
  5.450000E-02    1.060298E-01    5.450000E-01    1.891000E+00
  5.500000E-02    1.069750E-01    5.500000E-01    1.890000E+00
  5.550000E-02    1.079197E-01    5.550000E-01    1.889000E+00
  5.600000E-02    1.088640E-01    5.600000E-01    1.888000E+00
  5.650000E-02    1.098078E-01    5.650000E-01    1.887000E+00
  5.700000E-02    1.107510E-01    5.700000E-01    1.886000E+00
  5.750000E-02    1.116938E-01    5.750000E-01    1.885000E+00
  5.800000E-02    1.126360E-01    5.800000E-01    1.884000E+00
  5.850000E-02    1.135778E-01    5.850000E-01    1.883000E+00
  5.900000E-02    1.145190E-01    5.900000E-01    1.882000E+00
  5.950000E-02    1.154597E-01    5.950000E-01    1.881000E+00
  6.000000E-02    1.164000E-01    6.000000E-01    1.880000E+00
  6.050000E-02    1.173397E-01    6.050000E-01    1.879000E+00
  6.100000E-02    1.182790E-01    6.100000E-01    1.878000E+00
  6.150000E-02    1.192177E-01    6.150000E-01    1.877000E+00
  6.200000E-02    1.201560E-01    6.200000E-01    1.876000E+00
  6.250000E-02    1.210938E-01    6.250000E-01    1.875000E+00
  6.300000E-02    1.220310E-01    6.300000E-01    1.874000E+00
  6.350000E-02    1.229678E-01    6.350000E-01    1.873000E+00
  6.400000E-02    1.239040E-01    6.400000E-01    1.872000E+00
  6.450000E-02    1.248397E-01    6.450000E-01    1.871000E+00
  6.500000E-02    1.257750E-01    6.500000E-01    1.870000E+00
  6.550000E-02    1.267098E-01    6.550000E-01    1.869000E+00
  6.600000E-02    1.276440E-01    6.600000E-01    1.868000E+00
  6.650000E-02    1.285778E-01    6.650000E-01    1.867000E+00
  6.700000E-02    1.295110E-01    6.700000E-01    1.866000E+00
  6.750000E-02    1.304437E-01    6.750000E-01    1.865000E+00
  6.800000E-02    1.313760E-01    6.800000E-01    1.864000E+00
  6.850000E-02    1.323078E-01    6.850000E-01    1.863000E+00
  6.900000E-02    1.332390E-01    6.900000E-01    1.862000E+00
  6.950000E-02    1.341698E-01    6.950000E-01    1.861000E+00
  7.000000E-02    1.351000E-01    7.000000E-01    1.860000E+00
  7.050000E-02    1.360297E-01    7.050000E-01    1.859000E+00
  7.100000E-02    1.369590E-01    7.100000E-01    1.858000E+00
  7.150000E-02    1.378877E-01    7.150000E-01    1.857000E+00
  7.200000E-02    1.388160E-01    7.200000E-01    1.856000E+00
  7.250000E-02    1.397437E-01    7.250000E-01    1.855000E+00
  7.300000E-02    1.406710E-01    7.300000E-01    1.854000E+00
  7.350000E-02    1.415977E-01    7.350000E-01    1.853000E+00
  7.400000E-02    1.425240E-01    7.400000E-01    1.852000E+00
  7.450000E-02    1.434497E-01    7.450000E-01    1.851000E+00
  7.500000E-02    1.443750E-01    7.500000E-01    1.850000E+00
  7.550000E-02    1.452998E-01    7.550000E-01    1.849000E+00
  7.600000E-02    1.462240E-01    7.600000E-01    1.848000E+00
  7.650000E-02    1.471477E-01    7.650000E-01    1.847000E+00
  7.700000E-02    1.480710E-01    7.700000E-01    1.846000E+00
  7.750000E-02    1.489938E-01    7.750000E-01    1.845000E+00
  7.800000E-02    1.499160E-01    7.800000E-01    1.844000E+00
  7.850000E-02    1.508377E-01    7.850000E-01    1.843000E+00
  7.900000E-02    1.517590E-01    7.900000E-01    1.842000E+00
  7.950000E-02    1.526798E-01    7.950000E-01    1.841000E+00
  8.000000E-02    1.536000E-01    8.000000E-01    1.840000E+00
  8.050000E-02    1.545198E-01    8.050000E-01    1.839000E+00
  8.100000E-02    1.554390E-01    8.100000E-01    1.838000E+00
  8.150000E-02    1.563578E-01    8.150000E-01    1.837000E+00
  8.200000E-02    1.572760E-01    8.200000E-01    1.836000E+00
  8.250000E-02    1.581937E-01    8.250000E-01    1.835000E+00
  8.300000E-02    1.591110E-01    8.300000E-01    1.834000E+00
  8.350000E-02    1.600277E-01    8.350000E-01    1.833000E+00
  8.400000E-02    1.609440E-01    8.400000E-01    1.832000E+00
  8.450000E-02    1.618598E-01    8.450000E-01    1.831000E+00
  8.500000E-02    1.627750E-01    8.500000E-01    1.830000E+00
  8.550000E-02    1.636898E-01    8.550000E-01    1.829000E+00
  8.600000E-02    1.646040E-01    8.600000E-01    1.828000E+00
  8.650000E-02    1.655177E-01    8.650000E-01    1.827000E+00
  8.700000E-02    1.664310E-01    8.700000E-01    1.826000E+00
  8.750000E-02    1.673437E-01    8.750000E-01    1.825000E+00
  8.800000E-02    1.682560E-01    8.800000E-01    1.824000E+00
  8.850000E-02    1.691678E-01    8.850000E-01    1.823000E+00
  8.900000E-02    1.700790E-01    8.900000E-01    1.822000E+00
  8.950000E-02    1.709897E-01    8.950000E-01    1.821000E+00
  9.000000E-02    1.719000E-01    9.000000E-01    1.820000E+00
  9.050000E-02    1.728097E-01    9.050000E-01    1.819000E+00
  9.100000E-02    1.737190E-01    9.100000E-01    1.818000E+00
  9.150000E-02    1.746277E-01    9.150000E-01    1.817000E+00
  9.200000E-02    1.755360E-01    9.200000E-01    1.816000E+00
  9.250000E-02    1.764438E-01    9.250000E-01    1.815000E+00
  9.300000E-02    1.773510E-01    9.300000E-01    1.814000E+00
  9.350000E-02    1.782577E-01    9.350000E-01    1.813000E+00
  9.400000E-02    1.791640E-01    9.400000E-01    1.812000E+00
  9.450000E-02    1.800698E-01    9.450000E-01    1.811000E+00
  9.500000E-02    1.809750E-01    9.500000E-01    1.810000E+00
  9.550000E-02    1.818798E-01    9.550000E-01    1.809000E+00
  9.600000E-02    1.827840E-01    9.600000E-01    1.808000E+00
  9.650000E-02    1.836878E-01    9.650000E-01    1.807000E+00
  9.700000E-02    1.845910E-01    9.700000E-01    1.806000E+00
  9.750000E-02    1.854938E-01    9.750000E-01    1.805000E+00
  9.800000E-02    1.863960E-01    9.800000E-01    1.804000E+00
  9.850000E-02    1.872978E-01    9.850000E-01    1.803000E+00
  9.900000E-02    1.881990E-01    9.900000E-01    1.802000E+00
  9.950000E-02    1.890998E-01    9.950000E-01    1.801000E+00
  1.000000E-01    1.900000E-01    1.000000E+00    1.800000E+00
  1.005000E-01    1.908998E-01    1.005000E+00    1.799000E+00
  1.010000E-01    1.917990E-01    1.010000E+00    1.798000E+00
  1.015000E-01    1.926978E-01    1.015000E+00    1.797000E+00
  1.020000E-01    1.935960E-01    1.020000E+00    1.796000E+00
  1.025000E-01    1.944937E-01    1.025000E+00    1.795000E+00
  1.030000E-01    1.953910E-01    1.030000E+00    1.794000E+00
  1.035000E-01    1.962877E-01    1.035000E+00    1.793000E+00
  1.040000E-01    1.971840E-01    1.040000E+00    1.792000E+00
  1.045000E-01    1.980797E-01    1.045000E+00    1.791000E+00
  1.050000E-01    1.989750E-01    1.050000E+00    1.790000E+00
  1.055000E-01    1.998697E-01    1.055000E+00    1.789000E+00
  1.060000E-01    2.007640E-01    1.060000E+00    1.788000E+00
  1.065000E-01    2.016577E-01    1.065000E+00    1.787000E+00
  1.070000E-01    2.025510E-01    1.070000E+00    1.786000E+00
  1.075000E-01    2.034438E-01    1.075000E+00    1.785000E+00
  1.080000E-01    2.043360E-01    1.080000E+00    1.784000E+00
  1.085000E-01    2.052277E-01    1.085000E+00    1.783000E+00
  1.090000E-01    2.061190E-01    1.090000E+00    1.782000E+00
  1.095000E-01    2.070097E-01    1.095000E+00    1.781000E+00
  1.100000E-01    2.079000E-01    1.100000E+00    1.780000E+00
  1.105000E-01    2.087897E-01    1.105000E+00    1.779000E+00
  1.110000E-01    2.096790E-01    1.110000E+00    1.778000E+00
  1.115000E-01    2.105677E-01    1.115000E+00    1.777000E+00
  1.120000E-01    2.114560E-01    1.120000E+00    1.776000E+00
  1.125000E-01    2.123437E-01    1.125000E+00    1.775000E+00
  1.130000E-01    2.132310E-01    1.130000E+00    1.774000E+00
  1.135000E-01    2.141177E-01    1.135000E+00    1.773000E+00
  1.140000E-01    2.150040E-01    1.140000E+00    1.772000E+00
  1.145000E-01    2.158898E-01    1.145000E+00    1.771000E+00
  1.150000E-01    2.167750E-01    1.150000E+00    1.770000E+00
  1.155000E-01    2.176598E-01    1.155000E+00    1.769000E+00
  1.160000E-01    2.185440E-01    1.160000E+00    1.768000E+00
  1.165000E-01    2.194278E-01    1.165000E+00    1.767000E+00
  1.170000E-01    2.203110E-01    1.170000E+00    1.766000E+00
  1.175000E-01    2.211937E-01    1.175000E+00    1.765000E+00
  1.180000E-01    2.220760E-01    1.180000E+00    1.764000E+00
  1.185000E-01    2.229577E-01    1.185000E+00    1.763000E+00
  1.190000E-01    2.238390E-01    1.190000E+00    1.762000E+00
  1.195000E-01    2.247197E-01    1.195000E+00    1.761000E+00
  1.200000E-01    2.256000E-01    1.200000E+00    1.760000E+00
  1.205000E-01    2.264797E-01    1.205000E+00    1.759000E+00
  1.210000E-01    2.273590E-01    1.210000E+00    1.758000E+00
  1.215000E-01    2.282377E-01    1.215000E+00    1.757000E+00
  1.220000E-01    2.291160E-01    1.220000E+00    1.756000E+00
  1.225000E-01    2.299937E-01    1.225000E+00    1.755000E+00
  1.230000E-01    2.308710E-01    1.230000E+00    1.754000E+00
  1.235000E-01    2.317478E-01    1.235000E+00    1.753000E+00
  1.240000E-01    2.326240E-01    1.240000E+00    1.752000E+00
  1.245000E-01    2.334998E-01    1.245000E+00    1.751000E+00
  1.250000E-01    2.343750E-01    1.250000E+00    1.750000E+00
  1.255000E-01    2.352498E-01    1.255000E+00    1.749000E+00
  1.260000E-01    2.361240E-01    1.260000E+00    1.748000E+00
  1.265000E-01    2.369978E-01    1.265000E+00    1.747000E+00
  1.270000E-01    2.378710E-01    1.270000E+00    1.746000E+00
  1.275000E-01    2.387438E-01    1.275000E+00    1.745000E+00
  1.280000E-01    2.396160E-01    1.280000E+00    1.744000E+00
  1.285000E-01    2.404878E-01    1.285000E+00    1.743000E+00
  1.290000E-01    2.413590E-01    1.290000E+00    1.742000E+00
  1.295000E-01    2.422298E-01    1.295000E+00    1.741000E+00
  1.300000E-01    2.431000E-01    1.300000E+00    1.740000E+00
  1.305000E-01    2.439698E-01    1.305000E+00    1.739000E+00
  1.310000E-01    2.448390E-01    1.310000E+00    1.738000E+00
  1.315000E-01    2.457078E-01    1.315000E+00    1.737000E+00
  1.320000E-01    2.465760E-01    1.320000E+00    1.736000E+00
  1.325000E-01    2.474438E-01    1.325000E+00    1.735000E+00
  1.330000E-01    2.483110E-01    1.330000E+00    1.734000E+00
  1.335000E-01    2.491778E-01    1.335000E+00    1.733000E+00
  1.340000E-01    2.500440E-01    1.340000E+00    1.732000E+00
  1.345000E-01    2.509098E-01    1.345000E+00    1.731000E+00
  1.350000E-01    2.517750E-01    1.350000E+00    1.730000E+00
  1.355000E-01    2.526397E-01    1.355000E+00    1.729000E+00
  1.360000E-01    2.535040E-01    1.360000E+00    1.728000E+00
  1.365000E-01    2.543678E-01    1.365000E+00    1.727000E+00
  1.370000E-01    2.552310E-01    1.370000E+00    1.726000E+00
  1.375000E-01    2.560938E-01    1.375000E+00    1.725000E+00
  1.380000E-01    2.569560E-01    1.380000E+00    1.724000E+00
  1.385000E-01    2.578178E-01    1.385000E+00    1.723000E+00
  1.390000E-01    2.586790E-01    1.390000E+00    1.722000E+00
  1.395000E-01    2.595398E-01    1.395000E+00    1.721000E+00
  1.400000E-01    2.604000E-01    1.400000E+00    1.720000E+00
  1.405000E-01    2.612598E-01    1.405000E+00    1.719000E+00
  1.410000E-01    2.621190E-01    1.410000E+00    1.718000E+00
  1.415000E-01    2.629777E-01    1.415000E+00    1.717000E+00
  1.420000E-01    2.638360E-01    1.420000E+00    1.716000E+00
  1.425000E-01    2.646937E-01    1.425000E+00    1.715000E+00
  1.430000E-01    2.655510E-01    1.430000E+00    1.714000E+00
  1.435000E-01    2.664077E-01    1.435000E+00    1.713000E+00
  1.440000E-01    2.672640E-01    1.440000E+00    1.712000E+00
  1.445000E-01    2.681197E-01    1.445000E+00    1.711000E+00
  1.450000E-01    2.689750E-01    1.450000E+00    1.710000E+00
  1.455000E-01    2.698297E-01    1.455000E+00    1.709000E+00
  1.460000E-01    2.706840E-01    1.460000E+00    1.708000E+00
  1.465000E-01    2.715377E-01    1.465000E+00    1.707000E+00
  1.470000E-01    2.723910E-01    1.470000E+00    1.706000E+00
  1.475000E-01    2.732438E-01    1.475000E+00    1.705000E+00
  1.480000E-01    2.740960E-01    1.480000E+00    1.704000E+00
  1.485000E-01    2.749477E-01    1.485000E+00    1.703000E+00
  1.490000E-01    2.757990E-01    1.490000E+00    1.702000E+00
  1.495000E-01    2.766497E-01    1.495000E+00    1.701000E+00
  1.500000E-01    2.775000E-01    1.500000E+00    1.700000E+00
  1.505000E-01    2.783498E-01    1.505000E+00    1.699000E+00
  1.510000E-01    2.791990E-01    1.510000E+00    1.698000E+00
  1.515000E-01    2.800477E-01    1.515000E+00    1.697000E+00
  1.520000E-01    2.808960E-01    1.520000E+00    1.696000E+00
  1.525000E-01    2.817438E-01    1.525000E+00    1.695000E+00
  1.530000E-01    2.825910E-01    1.530000E+00    1.694000E+00
  1.535000E-01    2.834377E-01    1.535000E+00    1.693000E+00
  1.540000E-01    2.842840E-01    1.540000E+00    1.692000E+00
  1.545000E-01    2.851298E-01    1.545000E+00    1.691000E+00
  1.550000E-01    2.859750E-01    1.550000E+00    1.690000E+00
  1.555000E-01    2.868197E-01    1.555000E+00    1.689000E+00
  1.560000E-01    2.876640E-01    1.560000E+00    1.688000E+00
  1.565000E-01    2.885078E-01    1.565000E+00    1.687000E+00
  1.570000E-01    2.893510E-01    1.570000E+00    1.686000E+00
  1.575000E-01    2.901938E-01    1.575000E+00    1.685000E+00
  1.580000E-01    2.910360E-01    1.580000E+00    1.684000E+00
  1.585000E-01    2.918777E-01    1.585000E+00    1.683000E+00
  1.590000E-01    2.927190E-01    1.590000E+00    1.682000E+00
  1.595000E-01    2.935598E-01    1.595000E+00    1.681000E+00
  1.600000E-01    2.944000E-01    1.600000E+00    1.680000E+00
  1.605000E-01    2.952398E-01    1.605000E+00    1.679000E+00
  1.610000E-01    2.960790E-01    1.610000E+00    1.678000E+00
  1.615000E-01    2.969177E-01    1.615000E+00    1.677000E+00
  1.620000E-01    2.977560E-01    1.620000E+00    1.676000E+00
  1.625000E-01    2.985937E-01    1.625000E+00    1.675000E+00
  1.630000E-01    2.994310E-01    1.630000E+00    1.674000E+00
  1.635000E-01    3.002677E-01    1.635000E+00    1.673000E+00
  1.640000E-01    3.011040E-01    1.640000E+00    1.672000E+00
  1.645000E-01    3.019398E-01    1.645000E+00    1.671000E+00
  1.650000E-01    3.027750E-01    1.650000E+00    1.670000E+00
  1.655000E-01    3.036098E-01    1.655000E+00    1.669000E+00
  1.660000E-01    3.044440E-01    1.660000E+00    1.668000E+00
  1.665000E-01    3.052778E-01    1.665000E+00    1.667000E+00
  1.670000E-01    3.061110E-01    1.670000E+00    1.666000E+00
  1.675000E-01    3.069438E-01    1.675000E+00    1.665000E+00
  1.680000E-01    3.077760E-01    1.680000E+00    1.664000E+00
  1.685000E-01    3.086078E-01    1.685000E+00    1.663000E+00
  1.690000E-01    3.094390E-01    1.690000E+00    1.662000E+00
  1.695000E-01    3.102698E-01    1.695000E+00    1.661000E+00
  1.700000E-01    3.111000E-01    1.700000E+00    1.660000E+00
  1.705000E-01    3.119298E-01    1.705000E+00    1.659000E+00
  1.710000E-01    3.127590E-01    1.710000E+00    1.658000E+00
  1.715000E-01    3.135877E-01    1.715000E+00    1.657000E+00
  1.720000E-01    3.144160E-01    1.720000E+00    1.656000E+00
  1.725000E-01    3.152437E-01    1.725000E+00    1.655000E+00
  1.730000E-01    3.160710E-01    1.730000E+00    1.654000E+00
  1.735000E-01    3.168977E-01    1.735000E+00    1.653000E+00
  1.740000E-01    3.177240E-01    1.740000E+00    1.652000E+00
  1.745000E-01    3.185497E-01    1.745000E+00    1.651000E+00
  1.750000E-01    3.193750E-01    1.750000E+00    1.650000E+00
  1.755000E-01    3.201998E-01    1.755000E+00    1.649000E+00
  1.760000E-01    3.210240E-01    1.760000E+00    1.648000E+00
  1.765000E-01    3.218477E-01    1.765000E+00    1.647000E+00
  1.770000E-01    3.226710E-01    1.770000E+00    1.646000E+00
  1.775000E-01    3.234937E-01    1.775000E+00    1.645000E+00
  1.780000E-01    3.243160E-01    1.780000E+00    1.644000E+00
  1.785000E-01    3.251378E-01    1.785000E+00    1.643000E+00
  1.790000E-01    3.259590E-01    1.790000E+00    1.642000E+00
  1.795000E-01    3.267797E-01    1.795000E+00    1.641000E+00
  1.800000E-01    3.276000E-01    1.800000E+00    1.640000E+00
  1.805000E-01    3.284198E-01    1.805000E+00    1.639000E+00
  1.810000E-01    3.292390E-01    1.810000E+00    1.638000E+00
  1.815000E-01    3.300577E-01    1.815000E+00    1.637000E+00
  1.820000E-01    3.308760E-01    1.820000E+00    1.636000E+00
  1.825000E-01    3.316938E-01    1.825000E+00    1.635000E+00
  1.830000E-01    3.325110E-01    1.830000E+00    1.634000E+00
  1.835000E-01    3.333277E-01    1.835000E+00    1.633000E+00
  1.840000E-01    3.341440E-01    1.840000E+00    1.632000E+00
  1.845000E-01    3.349598E-01    1.845000E+00    1.631000E+00
  1.850000E-01    3.357750E-01    1.850000E+00    1.630000E+00
  1.855000E-01    3.365898E-01    1.855000E+00    1.629000E+00
  1.860000E-01    3.374040E-01    1.860000E+00    1.628000E+00
  1.865000E-01    3.382177E-01    1.865000E+00    1.627000E+00
  1.870000E-01    3.390310E-01    1.870000E+00    1.626000E+00
  1.875000E-01    3.398438E-01    1.875000E+00    1.625000E+00
  1.880000E-01    3.406560E-01    1.880000E+00    1.624000E+00
  1.885000E-01    3.414678E-01    1.885000E+00    1.623000E+00
  1.890000E-01    3.422790E-01    1.890000E+00    1.622000E+00
  1.895000E-01    3.430898E-01    1.895000E+00    1.621000E+00
  1.900000E-01    3.439000E-01    1.900000E+00    1.620000E+00
  1.905000E-01    3.447097E-01    1.905000E+00    1.619000E+00
  1.910000E-01    3.455190E-01    1.910000E+00    1.618000E+00
  1.915000E-01    3.463277E-01    1.915000E+00    1.617000E+00
  1.920000E-01    3.471360E-01    1.920000E+00    1.616000E+00
  1.925000E-01    3.479437E-01    1.925000E+00    1.615000E+00
  1.930000E-01    3.487510E-01    1.930000E+00    1.614000E+00
  1.935000E-01    3.495578E-01    1.935000E+00    1.613000E+00
  1.940000E-01    3.503640E-01    1.940000E+00    1.612000E+00
  1.945000E-01    3.511698E-01    1.945000E+00    1.611000E+00
  1.950000E-01    3.519750E-01    1.950000E+00    1.610000E+00
  1.955000E-01    3.527798E-01    1.955000E+00    1.609000E+00
  1.960000E-01    3.535840E-01    1.960000E+00    1.608000E+00
  1.965000E-01    3.543878E-01    1.965000E+00    1.607000E+00
  1.970000E-01    3.551910E-01    1.970000E+00    1.606000E+00
  1.975000E-01    3.559937E-01    1.975000E+00    1.605000E+00
  1.980000E-01    3.567960E-01    1.980000E+00    1.604000E+00
  1.985000E-01    3.575977E-01    1.985000E+00    1.603000E+00
  1.990000E-01    3.583990E-01    1.990000E+00    1.602000E+00
  1.995000E-01    3.591998E-01    1.995000E+00    1.601000E+00
  2.000000E-01    3.600000E-01    2.000000E+00    1.600000E+00
  2.005000E-01    3.607998E-01    2.005000E+00    1.599000E+00
  2.010000E-01    3.615990E-01    2.010000E+00    1.598000E+00
  2.015000E-01    3.623978E-01    2.015000E+00    1.597000E+00
  2.020000E-01    3.631960E-01    2.020000E+00    1.596000E+00
  2.025000E-01    3.639938E-01    2.025000E+00    1.595000E+00
  2.030000E-01    3.647910E-01    2.030000E+00    1.594000E+00
  2.035000E-01    3.655877E-01    2.035000E+00    1.593000E+00
  2.040000E-01    3.663840E-01    2.040000E+00    1.592000E+00
  2.045000E-01    3.671797E-01    2.045000E+00    1.591000E+00
  2.050000E-01    3.679750E-01    2.050000E+00    1.590000E+00
  2.055000E-01    3.687698E-01    2.055000E+00    1.589000E+00
  2.060000E-01    3.695640E-01    2.060000E+00    1.588000E+00
  2.065000E-01    3.703577E-01    2.065000E+00    1.587000E+00
  2.070000E-01    3.711510E-01    2.070000E+00    1.586000E+00
  2.075000E-01    3.719437E-01    2.075000E+00    1.585000E+00
  2.080000E-01    3.727360E-01    2.080000E+00    1.584000E+00
  2.085000E-01    3.735277E-01    2.085000E+00    1.583000E+00
  2.090000E-01    3.743190E-01    2.090000E+00    1.582000E+00
  2.095000E-01    3.751097E-01    2.095000E+00    1.581000E+00
  2.100000E-01    3.759000E-01    2.100000E+00    1.580000E+00
  2.105000E-01    3.766897E-01    2.105000E+00    1.579000E+00
  2.110000E-01    3.774790E-01    2.110000E+00    1.578000E+00
  2.115000E-01    3.782678E-01    2.115000E+00    1.577000E+00
  2.120000E-01    3.790560E-01    2.120000E+00    1.576000E+00
  2.125000E-01    3.798437E-01    2.125000E+00    1.575000E+00
  2.130000E-01    3.806310E-01    2.130000E+00    1.574000E+00
  2.135000E-01    3.814177E-01    2.135000E+00    1.573000E+00
  2.140000E-01    3.822040E-01    2.140000E+00    1.572000E+00
  2.145000E-01    3.829898E-01    2.145000E+00    1.571000E+00
  2.150000E-01    3.837750E-01    2.150000E+00    1.570000E+00
  2.155000E-01    3.845597E-01    2.155000E+00    1.569000E+00
  2.160000E-01    3.853440E-01    2.160000E+00    1.568000E+00
  2.165000E-01    3.861277E-01    2.165000E+00    1.567000E+00
  2.170000E-01    3.869110E-01    2.170000E+00    1.566000E+00
  2.175000E-01    3.876938E-01    2.175000E+00    1.565000E+00
  2.180000E-01    3.884760E-01    2.180000E+00    1.564000E+00
  2.185000E-01    3.892578E-01    2.185000E+00    1.563000E+00
  2.190000E-01    3.900390E-01    2.190000E+00    1.562000E+00
  2.195000E-01    3.908198E-01    2.195000E+00    1.561000E+00
  2.200000E-01    3.916000E-01    2.200000E+00    1.560000E+00
  2.205000E-01    3.923798E-01    2.205000E+00    1.559000E+00
  2.210000E-01    3.931590E-01    2.210000E+00    1.558000E+00
  2.215000E-01    3.939377E-01    2.215000E+00    1.557000E+00
  2.220000E-01    3.947160E-01    2.220000E+00    1.556000E+00
  2.225000E-01    3.954937E-01    2.225000E+00    1.555000E+00
  2.230000E-01    3.962710E-01    2.230000E+00    1.554000E+00
  2.235000E-01    3.970478E-01    2.235000E+00    1.553000E+00
  2.240000E-01    3.978240E-01    2.240000E+00    1.552000E+00
  2.245000E-01    3.985998E-01    2.245000E+00    1.551000E+00
  2.250000E-01    3.993750E-01    2.250000E+00    1.550000E+00
  2.255000E-01    4.001498E-01    2.255000E+00    1.549000E+00
  2.260000E-01    4.009240E-01    2.260000E+00    1.548000E+00
  2.265000E-01    4.016978E-01    2.265000E+00    1.547000E+00
  2.270000E-01    4.024710E-01    2.270000E+00    1.546000E+00
  2.275000E-01    4.032438E-01    2.275000E+00    1.545000E+00
  2.280000E-01    4.040160E-01    2.280000E+00    1.544000E+00
  2.285000E-01    4.047878E-01    2.285000E+00    1.543000E+00
  2.290000E-01    4.055590E-01    2.290000E+00    1.542000E+00
  2.295000E-01    4.063298E-01    2.295000E+00    1.541000E+00
  2.300000E-01    4.071000E-01    2.300000E+00    1.540000E+00
  2.305000E-01    4.078698E-01    2.305000E+00    1.539000E+00
  2.310000E-01    4.086390E-01    2.310000E+00    1.538000E+00
  2.315000E-01    4.094078E-01    2.315000E+00    1.537000E+00
  2.320000E-01    4.101760E-01    2.320000E+00    1.536000E+00
  2.325000E-01    4.109437E-01    2.325000E+00    1.535000E+00
  2.330000E-01    4.117110E-01    2.330000E+00    1.534000E+00
  2.335000E-01    4.124778E-01    2.335000E+00    1.533000E+00
  2.340000E-01    4.132440E-01    2.340000E+00    1.532000E+00
  2.345000E-01    4.140097E-01    2.345000E+00    1.531000E+00
  2.350000E-01    4.147750E-01    2.350000E+00    1.530000E+00
  2.355000E-01    4.155397E-01    2.355000E+00    1.529000E+00
  2.360000E-01    4.163040E-01    2.360000E+00    1.528000E+00
  2.365000E-01    4.170677E-01    2.365000E+00    1.527000E+00
  2.370000E-01    4.178310E-01    2.370000E+00    1.526000E+00
  2.375000E-01    4.185937E-01    2.375000E+00    1.525000E+00
  2.380000E-01    4.193560E-01    2.380000E+00    1.524000E+00
  2.385000E-01    4.201177E-01    2.385000E+00    1.523000E+00
  2.390000E-01    4.208790E-01    2.390000E+00    1.522000E+00
  2.395000E-01    4.216397E-01    2.395000E+00    1.521000E+00
  2.400000E-01    4.224000E-01    2.400000E+00    1.520000E+00
  2.405000E-01    4.231598E-01    2.405000E+00    1.519000E+00
  2.410000E-01    4.239190E-01    2.410000E+00    1.518000E+00
  2.415000E-01    4.246777E-01    2.415000E+00    1.517000E+00
  2.420000E-01    4.254360E-01    2.420000E+00    1.516000E+00
  2.425000E-01    4.261937E-01    2.425000E+00    1.515000E+00
  2.430000E-01    4.269510E-01    2.430000E+00    1.514000E+00
  2.435000E-01    4.277077E-01    2.435000E+00    1.513000E+00
  2.440000E-01    4.284640E-01    2.440000E+00    1.512000E+00
  2.445000E-01    4.292198E-01    2.445000E+00    1.511000E+00
  2.450000E-01    4.299750E-01    2.450000E+00    1.510000E+00
  2.455000E-01    4.307298E-01    2.455000E+00    1.509000E+00
  2.460000E-01    4.314840E-01    2.460000E+00    1.508000E+00
  2.465000E-01    4.322377E-01    2.465000E+00    1.507000E+00
  2.470000E-01    4.329910E-01    2.470000E+00    1.506000E+00
  2.475000E-01    4.337437E-01    2.475000E+00    1.505000E+00
  2.480000E-01    4.344960E-01    2.480000E+00    1.504000E+00
  2.485000E-01    4.352477E-01    2.485000E+00    1.503000E+00
  2.490000E-01    4.359990E-01    2.490000E+00    1.502000E+00
  2.495000E-01    4.367497E-01    2.495000E+00    1.501000E+00
  2.500000E-01    4.375000E-01    2.500000E+00    1.500000E+00
  2.505000E-01    4.382497E-01    2.505000E+00    1.499000E+00
  2.510000E-01    4.389990E-01    2.510000E+00    1.498000E+00
  2.515000E-01    4.397477E-01    2.515000E+00    1.497000E+00
  2.520000E-01    4.404960E-01    2.520000E+00    1.496000E+00
  2.525000E-01    4.412437E-01    2.525000E+00    1.495000E+00
  2.530000E-01    4.419910E-01    2.530000E+00    1.494000E+00
  2.535000E-01    4.427377E-01    2.535000E+00    1.493000E+00
  2.540000E-01    4.434840E-01    2.540000E+00    1.492000E+00
  2.545000E-01    4.442297E-01    2.545000E+00    1.491000E+00
  2.550000E-01    4.449750E-01    2.550000E+00    1.490000E+00
  2.555000E-01    4.457198E-01    2.555000E+00    1.489000E+00
  2.560000E-01    4.464640E-01    2.560000E+00    1.488000E+00
  2.565000E-01    4.472078E-01    2.565000E+00    1.487000E+00
  2.570000E-01    4.479510E-01    2.570000E+00    1.486000E+00
  2.575000E-01    4.486938E-01    2.575000E+00    1.485000E+00
  2.580000E-01    4.494360E-01    2.580000E+00    1.484000E+00
  2.585000E-01    4.501778E-01    2.585000E+00    1.483000E+00
  2.590000E-01    4.509190E-01    2.590000E+00    1.482000E+00
  2.595000E-01    4.516598E-01    2.595000E+00    1.481000E+00
  2.600000E-01    4.524000E-01    2.600000E+00    1.480000E+00
  2.605000E-01    4.531398E-01    2.605000E+00    1.479000E+00
  2.610000E-01    4.538790E-01    2.610000E+00    1.478000E+00
  2.615000E-01    4.546178E-01    2.615000E+00    1.477000E+00
  2.620000E-01    4.553560E-01    2.620000E+00    1.476000E+00
  2.625000E-01    4.560938E-01    2.625000E+00    1.475000E+00
  2.630000E-01    4.568310E-01    2.630000E+00    1.474000E+00
  2.635000E-01    4.575678E-01    2.635000E+00    1.473000E+00
  2.640000E-01    4.583040E-01    2.640000E+00    1.472000E+00
  2.645000E-01    4.590398E-01    2.645000E+00    1.471000E+00
  2.650000E-01    4.597750E-01    2.650000E+00    1.470000E+00
  2.655000E-01    4.605098E-01    2.655000E+00    1.469000E+00
  2.660000E-01    4.612440E-01    2.660000E+00    1.468000E+00
  2.665000E-01    4.619778E-01    2.665000E+00    1.467000E+00
  2.670000E-01    4.627110E-01    2.670000E+00    1.466000E+00
  2.675000E-01    4.634438E-01    2.675000E+00    1.465000E+00
  2.680000E-01    4.641760E-01    2.680000E+00    1.464000E+00
  2.685000E-01    4.649078E-01    2.685000E+00    1.463000E+00
  2.690000E-01    4.656390E-01    2.690000E+00    1.462000E+00
  2.695000E-01    4.663698E-01    2.695000E+00    1.461000E+00
  2.700000E-01    4.671000E-01    2.700000E+00    1.460000E+00
  2.705000E-01    4.678298E-01    2.705000E+00    1.459000E+00
  2.710000E-01    4.685590E-01    2.710000E+00    1.458000E+00
  2.715000E-01    4.692878E-01    2.715000E+00    1.457000E+00
  2.720000E-01    4.700160E-01    2.720000E+00    1.456000E+00
  2.725000E-01    4.707438E-01    2.725000E+00    1.455000E+00
  2.730000E-01    4.714710E-01    2.730000E+00    1.454000E+00
  2.735000E-01    4.721978E-01    2.735000E+00    1.453000E+00
  2.740000E-01    4.729240E-01    2.740000E+00    1.452000E+00
  2.745000E-01    4.736498E-01    2.745000E+00    1.451000E+00
  2.750000E-01    4.743750E-01    2.750000E+00    1.450000E+00
  2.755000E-01    4.750998E-01    2.755000E+00    1.449000E+00
  2.760000E-01    4.758240E-01    2.760000E+00    1.448000E+00
  2.765000E-01    4.765478E-01    2.765000E+00    1.447000E+00
  2.770000E-01    4.772710E-01    2.770000E+00    1.446000E+00
  2.775000E-01    4.779938E-01    2.775000E+00    1.445000E+00
  2.780000E-01    4.787160E-01    2.780000E+00    1.444000E+00
  2.785000E-01    4.794378E-01    2.785000E+00    1.443000E+00
  2.790000E-01    4.801590E-01    2.790000E+00    1.442000E+00
  2.795000E-01    4.808798E-01    2.795000E+00    1.441000E+00
  2.800000E-01    4.816000E-01    2.800000E+00    1.440000E+00
  2.805000E-01    4.823198E-01    2.805000E+00    1.439000E+00
  2.810000E-01    4.830390E-01    2.810000E+00    1.438000E+00
  2.815000E-01    4.837577E-01    2.815000E+00    1.437000E+00
  2.820000E-01    4.844760E-01    2.820000E+00    1.436000E+00
  2.825000E-01    4.851937E-01    2.825000E+00    1.435000E+00
  2.830000E-01    4.859110E-01    2.830000E+00    1.434000E+00
  2.835000E-01    4.866277E-01    2.835000E+00    1.433000E+00
  2.840000E-01    4.873440E-01    2.840000E+00    1.432000E+00
  2.845000E-01    4.880597E-01    2.845000E+00    1.431000E+00
  2.850000E-01    4.887750E-01    2.850000E+00    1.430000E+00
  2.855000E-01    4.894897E-01    2.855000E+00    1.429000E+00
  2.860000E-01    4.902040E-01    2.860000E+00    1.428000E+00
  2.865000E-01    4.909177E-01    2.865000E+00    1.427000E+00
  2.870000E-01    4.916310E-01    2.870000E+00    1.426000E+00
  2.875000E-01    4.923437E-01    2.875000E+00    1.425000E+00
  2.880000E-01    4.930560E-01    2.880000E+00    1.424000E+00
  2.885000E-01    4.937677E-01    2.885000E+00    1.423000E+00
  2.890000E-01    4.944790E-01    2.890000E+00    1.422000E+00
  2.895000E-01    4.951897E-01    2.895000E+00    1.421000E+00
  2.900000E-01    4.959000E-01    2.900000E+00    1.420000E+00
  2.905000E-01    4.966097E-01    2.905000E+00    1.419000E+00
  2.910000E-01    4.973190E-01    2.910000E+00    1.418000E+00
  2.915000E-01    4.980277E-01    2.915000E+00    1.417000E+00
  2.920000E-01    4.987360E-01    2.920000E+00    1.416000E+00
  2.925000E-01    4.994437E-01    2.925000E+00    1.415000E+00
  2.930000E-01    5.001510E-01    2.930000E+00    1.414000E+00
  2.935000E-01    5.008577E-01    2.935000E+00    1.413000E+00
  2.940000E-01    5.015640E-01    2.940000E+00    1.412000E+00
  2.945000E-01    5.022697E-01    2.945000E+00    1.411000E+00
  2.950000E-01    5.029750E-01    2.950000E+00    1.410000E+00
  2.955000E-01    5.036797E-01    2.955000E+00    1.409000E+00
  2.960000E-01    5.043840E-01    2.960000E+00    1.408000E+00
  2.965000E-01    5.050877E-01    2.965000E+00    1.407000E+00
  2.970000E-01    5.057910E-01    2.970000E+00    1.406000E+00
  2.975000E-01    5.064937E-01    2.975000E+00    1.405000E+00
  2.980000E-01    5.071960E-01    2.980000E+00    1.404000E+00
  2.985000E-01    5.078977E-01    2.985000E+00    1.403000E+00
  2.990000E-01    5.085990E-01    2.990000E+00    1.402000E+00
  2.995000E-01    5.092997E-01    2.995000E+00    1.401000E+00
  3.000000E-01    5.100000E-01    3.000000E+00    1.400000E+00
  3.005000E-01    5.106998E-01    3.005000E+00    1.399000E+00
  3.010000E-01    5.113990E-01    3.010000E+00    1.398000E+00
  3.015000E-01    5.120978E-01    3.015000E+00    1.397000E+00
  3.020000E-01    5.127960E-01    3.020000E+00    1.396000E+00
  3.025000E-01    5.134937E-01    3.025000E+00    1.395000E+00
  3.030000E-01    5.141910E-01    3.030000E+00    1.394000E+00
  3.035000E-01    5.148877E-01    3.035000E+00    1.393000E+00
  3.040000E-01    5.155840E-01    3.040000E+00    1.392000E+00
  3.045000E-01    5.162798E-01    3.045000E+00    1.391000E+00
  3.050000E-01    5.169750E-01    3.050000E+00    1.390000E+00
  3.055000E-01    5.176698E-01    3.055000E+00    1.389000E+00
  3.060000E-01    5.183640E-01    3.060000E+00    1.388000E+00
  3.065000E-01    5.190577E-01    3.065000E+00    1.387000E+00
  3.070000E-01    5.197510E-01    3.070000E+00    1.386000E+00
  3.075000E-01    5.204437E-01    3.075000E+00    1.385000E+00
  3.080000E-01    5.211360E-01    3.080000E+00    1.384000E+00
  3.085000E-01    5.218278E-01    3.085000E+00    1.383000E+00
  3.090000E-01    5.225190E-01    3.090000E+00    1.382000E+00
  3.095000E-01    5.232098E-01    3.095000E+00    1.381000E+00
  3.100000E-01    5.239000E-01    3.100000E+00    1.380000E+00
  3.105000E-01    5.245897E-01    3.105000E+00    1.379000E+00
  3.110000E-01    5.252790E-01    3.110000E+00    1.378000E+00
  3.115000E-01    5.259677E-01    3.115000E+00    1.377000E+00
  3.120000E-01    5.266560E-01    3.120000E+00    1.376000E+00
  3.125000E-01    5.273438E-01    3.125000E+00    1.375000E+00
  3.130000E-01    5.280310E-01    3.130000E+00    1.374000E+00
  3.135000E-01    5.287177E-01    3.135000E+00    1.373000E+00
  3.140000E-01    5.294040E-01    3.140000E+00    1.372000E+00
  3.145000E-01    5.300898E-01    3.145000E+00    1.371000E+00
  3.150000E-01    5.307750E-01    3.150000E+00    1.370000E+00
  3.155000E-01    5.314598E-01    3.155000E+00    1.369000E+00
  3.160000E-01    5.321440E-01    3.160000E+00    1.368000E+00
  3.165000E-01    5.328278E-01    3.165000E+00    1.367000E+00
  3.170000E-01    5.335110E-01    3.170000E+00    1.366000E+00
  3.175000E-01    5.341938E-01    3.175000E+00    1.365000E+00
  3.180000E-01    5.348760E-01    3.180000E+00    1.364000E+00
  3.185000E-01    5.355578E-01    3.185000E+00    1.363000E+00
  3.190000E-01    5.362390E-01    3.190000E+00    1.362000E+00
  3.195000E-01    5.369198E-01    3.195000E+00    1.361000E+00
  3.200000E-01    5.376000E-01    3.200000E+00    1.360000E+00
  3.205000E-01    5.382798E-01    3.205000E+00    1.359000E+00
  3.210000E-01    5.389590E-01    3.210000E+00    1.358000E+00
  3.215000E-01    5.396378E-01    3.215000E+00    1.357000E+00
  3.220000E-01    5.403160E-01    3.220000E+00    1.356000E+00
  3.225000E-01    5.409938E-01    3.225000E+00    1.355000E+00
  3.230000E-01    5.416710E-01    3.230000E+00    1.354000E+00
  3.235000E-01    5.423478E-01    3.235000E+00    1.353000E+00
  3.240000E-01    5.430240E-01    3.240000E+00    1.352000E+00
  3.245000E-01    5.436998E-01    3.245000E+00    1.351000E+00
  3.250000E-01    5.443750E-01    3.250000E+00    1.350000E+00
  3.255000E-01    5.450497E-01    3.255000E+00    1.349000E+00
  3.260000E-01    5.457240E-01    3.260000E+00    1.348000E+00
  3.265000E-01    5.463978E-01    3.265000E+00    1.347000E+00
  3.270000E-01    5.470710E-01    3.270000E+00    1.346000E+00
  3.275000E-01    5.477437E-01    3.275000E+00    1.345000E+00
  3.280000E-01    5.484160E-01    3.280000E+00    1.344000E+00
  3.285000E-01    5.490877E-01    3.285000E+00    1.343000E+00
  3.290000E-01    5.497590E-01    3.290000E+00    1.342000E+00
  3.295000E-01    5.504298E-01    3.295000E+00    1.341000E+00
  3.300000E-01    5.511000E-01    3.300000E+00    1.340000E+00
  3.305000E-01    5.517698E-01    3.305000E+00    1.339000E+00
  3.310000E-01    5.524390E-01    3.310000E+00    1.338000E+00
  3.315000E-01    5.531078E-01    3.315000E+00    1.337000E+00
  3.320000E-01    5.537760E-01    3.320000E+00    1.336000E+00
  3.325000E-01    5.544438E-01    3.325000E+00    1.335000E+00
  3.330000E-01    5.551110E-01    3.330000E+00    1.334000E+00
  3.335000E-01    5.557778E-01    3.335000E+00    1.333000E+00
  3.340000E-01    5.564440E-01    3.340000E+00    1.332000E+00
  3.345000E-01    5.571098E-01    3.345000E+00    1.331000E+00
  3.350000E-01    5.577750E-01    3.350000E+00    1.330000E+00
  3.355000E-01    5.584398E-01    3.355000E+00    1.329000E+00
  3.360000E-01    5.591040E-01    3.360000E+00    1.328000E+00
  3.365000E-01    5.597678E-01    3.365000E+00    1.327000E+00
  3.370000E-01    5.604310E-01    3.370000E+00    1.326000E+00
  3.375000E-01    5.610938E-01    3.375000E+00    1.325000E+00
  3.380000E-01    5.617560E-01    3.380000E+00    1.324000E+00
  3.385000E-01    5.624178E-01    3.385000E+00    1.323000E+00
  3.390000E-01    5.630790E-01    3.390000E+00    1.322000E+00
  3.395000E-01    5.637397E-01    3.395000E+00    1.321000E+00
  3.400000E-01    5.644000E-01    3.400000E+00    1.320000E+00
  3.405000E-01    5.650598E-01    3.405000E+00    1.319000E+00
  3.410000E-01    5.657190E-01    3.410000E+00    1.318000E+00
  3.415000E-01    5.663778E-01    3.415000E+00    1.317000E+00
  3.420000E-01    5.670360E-01    3.420000E+00    1.316000E+00
  3.425000E-01    5.676937E-01    3.425000E+00    1.315000E+00
  3.430000E-01    5.683510E-01    3.430000E+00    1.314000E+00
  3.435000E-01    5.690078E-01    3.435000E+00    1.313000E+00
  3.440000E-01    5.696640E-01    3.440000E+00    1.312000E+00
  3.445000E-01    5.703197E-01    3.445000E+00    1.311000E+00
  3.450000E-01    5.709750E-01    3.450000E+00    1.310000E+00
  3.455000E-01    5.716297E-01    3.455000E+00    1.309000E+00
  3.460000E-01    5.722840E-01    3.460000E+00    1.308000E+00
  3.465000E-01    5.729377E-01    3.465000E+00    1.307000E+00
  3.470000E-01    5.735910E-01    3.470000E+00    1.306000E+00
  3.475000E-01    5.742437E-01    3.475000E+00    1.305000E+00
  3.480000E-01    5.748960E-01    3.480000E+00    1.304000E+00
  3.485000E-01    5.755477E-01    3.485000E+00    1.303000E+00
  3.490000E-01    5.761990E-01    3.490000E+00    1.302000E+00
  3.495000E-01    5.768497E-01    3.495000E+00    1.301000E+00
  3.500000E-01    5.775000E-01    3.500000E+00    1.300000E+00
  3.505000E-01    5.781498E-01    3.505000E+00    1.299000E+00
  3.510000E-01    5.787990E-01    3.510000E+00    1.298000E+00
  3.515000E-01    5.794477E-01    3.515000E+00    1.297000E+00
  3.520000E-01    5.800960E-01    3.520000E+00    1.296000E+00
  3.525000E-01    5.807438E-01    3.525000E+00    1.295000E+00
  3.530000E-01    5.813910E-01    3.530000E+00    1.294000E+00
  3.535000E-01    5.820378E-01    3.535000E+00    1.293000E+00
  3.540000E-01    5.826840E-01    3.540000E+00    1.292000E+00
  3.545000E-01    5.833297E-01    3.545000E+00    1.291000E+00
  3.550000E-01    5.839750E-01    3.550000E+00    1.290000E+00
  3.555000E-01    5.846197E-01    3.555000E+00    1.289000E+00
  3.560000E-01    5.852640E-01    3.560000E+00    1.288000E+00
  3.565000E-01    5.859077E-01    3.565000E+00    1.287000E+00
  3.570000E-01    5.865510E-01    3.570000E+00    1.286000E+00
  3.575000E-01    5.871937E-01    3.575000E+00    1.285000E+00
  3.580000E-01    5.878360E-01    3.580000E+00    1.284000E+00
  3.585000E-01    5.884778E-01    3.585000E+00    1.283000E+00
  3.590000E-01    5.891190E-01    3.590000E+00    1.282000E+00
  3.595000E-01    5.897598E-01    3.595000E+00    1.281000E+00
  3.600000E-01    5.904000E-01    3.600000E+00    1.280000E+00
  3.605000E-01    5.910397E-01    3.605000E+00    1.279000E+00
  3.610000E-01    5.916790E-01    3.610000E+00    1.278000E+00
  3.615000E-01    5.923177E-01    3.615000E+00    1.277000E+00
  3.620000E-01    5.929560E-01    3.620000E+00    1.276000E+00
  3.625000E-01    5.935937E-01    3.625000E+00    1.275000E+00
  3.630000E-01    5.942310E-01    3.630000E+00    1.274000E+00
  3.635000E-01    5.948678E-01    3.635000E+00    1.273000E+00
  3.640000E-01    5.955040E-01    3.640000E+00    1.272000E+00
  3.645000E-01    5.961397E-01    3.645000E+00    1.271000E+00
  3.650000E-01    5.967750E-01    3.650000E+00    1.270000E+00
  3.655000E-01    5.974097E-01    3.655000E+00    1.269000E+00
  3.660000E-01    5.980440E-01    3.660000E+00    1.268000E+00
  3.665000E-01    5.986778E-01    3.665000E+00    1.267000E+00
  3.670000E-01    5.993110E-01    3.670000E+00    1.266000E+00
  3.675000E-01    5.999437E-01    3.675000E+00    1.265000E+00
  3.680000E-01    6.005760E-01    3.680000E+00    1.264000E+00
  3.685000E-01    6.012077E-01    3.685000E+00    1.263000E+00
  3.690000E-01    6.018390E-01    3.690000E+00    1.262000E+00
  3.695000E-01    6.024698E-01    3.695000E+00    1.261000E+00
  3.700000E-01    6.031000E-01    3.700000E+00    1.260000E+00
  3.705000E-01    6.037297E-01    3.705000E+00    1.259000E+00
  3.710000E-01    6.043590E-01    3.710000E+00    1.258000E+00
  3.715000E-01    6.049878E-01    3.715000E+00    1.257000E+00
  3.720000E-01    6.056160E-01    3.720000E+00    1.256000E+00
  3.725000E-01    6.062437E-01    3.725000E+00    1.255000E+00
  3.730000E-01    6.068710E-01    3.730000E+00    1.254000E+00
  3.735000E-01    6.074978E-01    3.735000E+00    1.253000E+00
  3.740000E-01    6.081240E-01    3.740000E+00    1.252000E+00
  3.745000E-01    6.087497E-01    3.745000E+00    1.251000E+00
  3.750000E-01    6.093750E-01    3.750000E+00    1.250000E+00
  3.755000E-01    6.099998E-01    3.755000E+00    1.249000E+00
  3.760000E-01    6.106240E-01    3.760000E+00    1.248000E+00
  3.765000E-01    6.112477E-01    3.765000E+00    1.247000E+00
  3.770000E-01    6.118710E-01    3.770000E+00    1.246000E+00
  3.775000E-01    6.124938E-01    3.775000E+00    1.245000E+00
  3.780000E-01    6.131160E-01    3.780000E+00    1.244000E+00
  3.785000E-01    6.137377E-01    3.785000E+00    1.243000E+00
  3.790000E-01    6.143590E-01    3.790000E+00    1.242000E+00
  3.795000E-01    6.149798E-01    3.795000E+00    1.241000E+00
  3.800000E-01    6.156000E-01    3.800000E+00    1.240000E+00
  3.805000E-01    6.162197E-01    3.805000E+00    1.239000E+00
  3.810000E-01    6.168390E-01    3.810000E+00    1.238000E+00
  3.815000E-01    6.174578E-01    3.815000E+00    1.237000E+00
  3.820000E-01    6.180760E-01    3.820000E+00    1.236000E+00
  3.825000E-01    6.186938E-01    3.825000E+00    1.235000E+00
  3.830000E-01    6.193110E-01    3.830000E+00    1.234000E+00
  3.835000E-01    6.199277E-01    3.835000E+00    1.233000E+00
  3.840000E-01    6.205440E-01    3.840000E+00    1.232000E+00
  3.845000E-01    6.211598E-01    3.845000E+00    1.231000E+00
  3.850000E-01    6.217750E-01    3.850000E+00    1.230000E+00
  3.855000E-01    6.223897E-01    3.855000E+00    1.229000E+00
  3.860000E-01    6.230040E-01    3.860000E+00    1.228000E+00
  3.865000E-01    6.236177E-01    3.865000E+00    1.227000E+00
  3.870000E-01    6.242310E-01    3.870000E+00    1.226000E+00
  3.875000E-01    6.248438E-01    3.875000E+00    1.225000E+00
  3.880000E-01    6.254560E-01    3.880000E+00    1.224000E+00
  3.885000E-01    6.260678E-01    3.885000E+00    1.223000E+00
  3.890000E-01    6.266790E-01    3.890000E+00    1.222000E+00
  3.895000E-01    6.272897E-01    3.895000E+00    1.221000E+00
  3.900000E-01    6.279000E-01    3.900000E+00    1.220000E+00
  3.905000E-01    6.285097E-01    3.905000E+00    1.219000E+00
  3.910000E-01    6.291190E-01    3.910000E+00    1.218000E+00
  3.915000E-01    6.297278E-01    3.915000E+00    1.217000E+00
  3.920000E-01    6.303360E-01    3.920000E+00    1.216000E+00
  3.925000E-01    6.309438E-01    3.925000E+00    1.215000E+00
  3.930000E-01    6.315510E-01    3.930000E+00    1.214000E+00
  3.935000E-01    6.321577E-01    3.935000E+00    1.213000E+00
  3.940000E-01    6.327640E-01    3.940000E+00    1.212000E+00
  3.945000E-01    6.333697E-01    3.945000E+00    1.211000E+00
  3.950000E-01    6.339750E-01    3.950000E+00    1.210000E+00
  3.955000E-01    6.345797E-01    3.955000E+00    1.209000E+00
  3.960000E-01    6.351840E-01    3.960000E+00    1.208000E+00
  3.965000E-01    6.357877E-01    3.965000E+00    1.207000E+00
  3.970000E-01    6.363910E-01    3.970000E+00    1.206000E+00
  3.975000E-01    6.369938E-01    3.975000E+00    1.205000E+00
  3.980000E-01    6.375960E-01    3.980000E+00    1.204000E+00
  3.985000E-01    6.381978E-01    3.985000E+00    1.203000E+00
  3.990000E-01    6.387990E-01    3.990000E+00    1.202000E+00
  3.995000E-01    6.393998E-01    3.995000E+00    1.201000E+00
  4.000000E-01    6.400000E-01    4.000000E+00    1.200000E+00
  4.005000E-01    6.405998E-01    4.005000E+00    1.199000E+00
  4.010000E-01    6.411990E-01    4.010000E+00    1.198000E+00
  4.015000E-01    6.417978E-01    4.015000E+00    1.197000E+00
  4.020000E-01    6.423960E-01    4.020000E+00    1.196000E+00
  4.025000E-01    6.429938E-01    4.025000E+00    1.195000E+00
  4.030000E-01    6.435910E-01    4.030000E+00    1.194000E+00
  4.035000E-01    6.441878E-01    4.035000E+00    1.193000E+00
  4.040000E-01    6.447840E-01    4.040000E+00    1.192000E+00
  4.045000E-01    6.453798E-01    4.045000E+00    1.191000E+00
  4.050000E-01    6.459750E-01    4.050000E+00    1.190000E+00
  4.055000E-01    6.465698E-01    4.055000E+00    1.189000E+00
  4.060000E-01    6.471640E-01    4.060000E+00    1.188000E+00
  4.065000E-01    6.477578E-01    4.065000E+00    1.187000E+00
  4.070000E-01    6.483510E-01    4.070000E+00    1.186000E+00
  4.075000E-01    6.489437E-01    4.075000E+00    1.185000E+00
  4.080000E-01    6.495360E-01    4.080000E+00    1.184000E+00
  4.085000E-01    6.501278E-01    4.085000E+00    1.183000E+00
  4.090000E-01    6.507190E-01    4.090000E+00    1.182000E+00
  4.095000E-01    6.513098E-01    4.095000E+00    1.181000E+00
  4.100000E-01    6.519000E-01    4.100000E+00    1.180000E+00
  4.105000E-01    6.524897E-01    4.105000E+00    1.179000E+00
  4.110000E-01    6.530790E-01    4.110000E+00    1.178000E+00
  4.115000E-01    6.536677E-01    4.115000E+00    1.177000E+00
  4.120000E-01    6.542560E-01    4.120000E+00    1.176000E+00
  4.125000E-01    6.548437E-01    4.125000E+00    1.175000E+00
  4.130000E-01    6.554310E-01    4.130000E+00    1.174000E+00
  4.135000E-01    6.560177E-01    4.135000E+00    1.173000E+00
  4.140000E-01    6.566040E-01    4.140000E+00    1.172000E+00
  4.145000E-01    6.571898E-01    4.145000E+00    1.171000E+00
  4.150000E-01    6.577750E-01    4.150000E+00    1.170000E+00
  4.155000E-01    6.583598E-01    4.155000E+00    1.169000E+00
  4.160000E-01    6.589440E-01    4.160000E+00    1.168000E+00
  4.165000E-01    6.595277E-01    4.165000E+00    1.167000E+00
  4.170000E-01    6.601110E-01    4.170000E+00    1.166000E+00
  4.175000E-01    6.606937E-01    4.175000E+00    1.165000E+00
  4.180000E-01    6.612760E-01    4.180000E+00    1.164000E+00
  4.185000E-01    6.618578E-01    4.185000E+00    1.163000E+00
  4.190000E-01    6.624390E-01    4.190000E+00    1.162000E+00
  4.195000E-01    6.630198E-01    4.195000E+00    1.161000E+00
  4.200000E-01    6.636000E-01    4.200000E+00    1.160000E+00
  4.205000E-01    6.641797E-01    4.205000E+00    1.159000E+00
  4.210000E-01    6.647590E-01    4.210000E+00    1.158000E+00
  4.215000E-01    6.653377E-01    4.215000E+00    1.157000E+00
  4.220000E-01    6.659160E-01    4.220000E+00    1.156000E+00
  4.225000E-01    6.664937E-01    4.225000E+00    1.155000E+00
  4.230000E-01    6.670710E-01    4.230000E+00    1.154000E+00
  4.235000E-01    6.676477E-01    4.235000E+00    1.153000E+00
  4.240000E-01    6.682240E-01    4.240000E+00    1.152000E+00
  4.245000E-01    6.687998E-01    4.245000E+00    1.151000E+00
  4.250000E-01    6.693750E-01    4.250000E+00    1.150000E+00
  4.255000E-01    6.699498E-01    4.255000E+00    1.149000E+00
  4.260000E-01    6.705240E-01    4.260000E+00    1.148000E+00
  4.265000E-01    6.710977E-01    4.265000E+00    1.147000E+00
  4.270000E-01    6.716710E-01    4.270000E+00    1.146000E+00
  4.275000E-01    6.722438E-01    4.275000E+00    1.145000E+00
  4.280000E-01    6.728160E-01    4.280000E+00    1.144000E+00
  4.285000E-01    6.733877E-01    4.285000E+00    1.143000E+00
  4.290000E-01    6.739590E-01    4.290000E+00    1.142000E+00
  4.295000E-01    6.745298E-01    4.295000E+00    1.141000E+00
  4.300000E-01    6.751000E-01    4.300000E+00    1.140000E+00
  4.305000E-01    6.756697E-01    4.305000E+00    1.139000E+00
  4.310000E-01    6.762390E-01    4.310000E+00    1.138000E+00
  4.315000E-01    6.768078E-01    4.315000E+00    1.137000E+00
  4.320000E-01    6.773760E-01    4.320000E+00    1.136000E+00
  4.325000E-01    6.779437E-01    4.325000E+00    1.135000E+00
  4.330000E-01    6.785110E-01    4.330000E+00    1.134000E+00
  4.335000E-01    6.790778E-01    4.335000E+00    1.133000E+00
  4.340000E-01    6.796440E-01    4.340000E+00    1.132000E+00
  4.345000E-01    6.802097E-01    4.345000E+00    1.131000E+00
  4.350000E-01    6.807750E-01    4.350000E+00    1.130000E+00
  4.355000E-01    6.813398E-01    4.355000E+00    1.129000E+00
  4.360000E-01    6.819040E-01    4.360000E+00    1.128000E+00
  4.365000E-01    6.824678E-01    4.365000E+00    1.127000E+00
  4.370000E-01    6.830310E-01    4.370000E+00    1.126000E+00
  4.375000E-01    6.835938E-01    4.375000E+00    1.125000E+00
  4.380000E-01    6.841560E-01    4.380000E+00    1.124000E+00
  4.385000E-01    6.847178E-01    4.385000E+00    1.123000E+00
  4.390000E-01    6.852790E-01    4.390000E+00    1.122000E+00
  4.395000E-01    6.858397E-01    4.395000E+00    1.121000E+00
  4.400000E-01    6.864000E-01    4.400000E+00    1.120000E+00
  4.405000E-01    6.869597E-01    4.405000E+00    1.119000E+00
  4.410000E-01    6.875190E-01    4.410000E+00    1.118000E+00
  4.415000E-01    6.880778E-01    4.415000E+00    1.117000E+00
  4.420000E-01    6.886360E-01    4.420000E+00    1.116000E+00
  4.425000E-01    6.891938E-01    4.425000E+00    1.115000E+00
  4.430000E-01    6.897510E-01    4.430000E+00    1.114000E+00
  4.435000E-01    6.903077E-01    4.435000E+00    1.113000E+00
  4.440000E-01    6.908640E-01    4.440000E+00    1.112000E+00
  4.445000E-01    6.914197E-01    4.445000E+00    1.111000E+00
  4.450000E-01    6.919750E-01    4.450000E+00    1.110000E+00
  4.455000E-01    6.925298E-01    4.455000E+00    1.109000E+00
  4.460000E-01    6.930840E-01    4.460000E+00    1.108000E+00
  4.465000E-01    6.936377E-01    4.465000E+00    1.107000E+00
  4.470000E-01    6.941910E-01    4.470000E+00    1.106000E+00
  4.475000E-01    6.947437E-01    4.475000E+00    1.105000E+00
  4.480000E-01    6.952960E-01    4.480000E+00    1.104000E+00
  4.485000E-01    6.958477E-01    4.485000E+00    1.103000E+00
  4.490000E-01    6.963990E-01    4.490000E+00    1.102000E+00
  4.495000E-01    6.969498E-01    4.495000E+00    1.101000E+00
  4.500000E-01    6.975000E-01    4.500000E+00    1.100000E+00
  4.505000E-01    6.980498E-01    4.505000E+00    1.099000E+00
  4.510000E-01    6.985990E-01    4.510000E+00    1.098000E+00
  4.515000E-01    6.991478E-01    4.515000E+00    1.097000E+00
  4.520000E-01    6.996960E-01    4.520000E+00    1.096000E+00
  4.525000E-01    7.002438E-01    4.525000E+00    1.095000E+00
  4.530000E-01    7.007910E-01    4.530000E+00    1.094000E+00
  4.535000E-01    7.013377E-01    4.535000E+00    1.093000E+00
  4.540000E-01    7.018840E-01    4.540000E+00    1.092000E+00
  4.545000E-01    7.024298E-01    4.545000E+00    1.091000E+00
  4.550000E-01    7.029750E-01    4.550000E+00    1.090000E+00
  4.555000E-01    7.035197E-01    4.555000E+00    1.089000E+00
  4.560000E-01    7.040640E-01    4.560000E+00    1.088000E+00
  4.565000E-01    7.046077E-01    4.565000E+00    1.087000E+00
  4.570000E-01    7.051510E-01    4.570000E+00    1.086000E+00
  4.575000E-01    7.056938E-01    4.575000E+00    1.085000E+00
  4.580000E-01    7.062360E-01    4.580000E+00    1.084000E+00
  4.585000E-01    7.067777E-01    4.585000E+00    1.083000E+00
  4.590000E-01    7.073190E-01    4.590000E+00    1.082000E+00
  4.595000E-01    7.078598E-01    4.595000E+00    1.081000E+00
  4.600000E-01    7.084000E-01    4.600000E+00    1.080000E+00
  4.605000E-01    7.089398E-01    4.605000E+00    1.079000E+00
  4.610000E-01    7.094790E-01    4.610000E+00    1.078000E+00
  4.615000E-01    7.100178E-01    4.615000E+00    1.077000E+00
  4.620000E-01    7.105560E-01    4.620000E+00    1.076000E+00
  4.625000E-01    7.110938E-01    4.625000E+00    1.075000E+00
  4.630000E-01    7.116310E-01    4.630000E+00    1.074000E+00
  4.635000E-01    7.121677E-01    4.635000E+00    1.073000E+00
  4.640000E-01    7.127040E-01    4.640000E+00    1.072000E+00
  4.645000E-01    7.132398E-01    4.645000E+00    1.071000E+00
  4.650000E-01    7.137750E-01    4.650000E+00    1.070000E+00
  4.655000E-01    7.143097E-01    4.655000E+00    1.069000E+00
  4.660000E-01    7.148440E-01    4.660000E+00    1.068000E+00
  4.665000E-01    7.153778E-01    4.665000E+00    1.067000E+00
  4.670000E-01    7.159110E-01    4.670000E+00    1.066000E+00
  4.675000E-01    7.164438E-01    4.675000E+00    1.065000E+00
  4.680000E-01    7.169760E-01    4.680000E+00    1.064000E+00
  4.685000E-01    7.175077E-01    4.685000E+00    1.063000E+00
  4.690000E-01    7.180390E-01    4.690000E+00    1.062000E+00
  4.695000E-01    7.185698E-01    4.695000E+00    1.061000E+00
  4.700000E-01    7.191000E-01    4.700000E+00    1.060000E+00
  4.705000E-01    7.196297E-01    4.705000E+00    1.059000E+00
  4.710000E-01    7.201590E-01    4.710000E+00    1.058000E+00
  4.715000E-01    7.206877E-01    4.715000E+00    1.057000E+00
  4.720000E-01    7.212160E-01    4.720000E+00    1.056000E+00
  4.725000E-01    7.217437E-01    4.725000E+00    1.055000E+00
  4.730000E-01    7.222710E-01    4.730000E+00    1.054000E+00
  4.735000E-01    7.227978E-01    4.735000E+00    1.053000E+00
  4.740000E-01    7.233240E-01    4.740000E+00    1.052000E+00
  4.745000E-01    7.238497E-01    4.745000E+00    1.051000E+00
  4.750000E-01    7.243750E-01    4.750000E+00    1.050000E+00
  4.755000E-01    7.248997E-01    4.755000E+00    1.049000E+00
  4.760000E-01    7.254240E-01    4.760000E+00    1.048000E+00
  4.765000E-01    7.259478E-01    4.765000E+00    1.047000E+00
  4.770000E-01    7.264710E-01    4.770000E+00    1.046000E+00
  4.775000E-01    7.269937E-01    4.775000E+00    1.045000E+00
  4.780000E-01    7.275160E-01    4.780000E+00    1.044000E+00
  4.785000E-01    7.280377E-01    4.785000E+00    1.043000E+00
  4.790000E-01    7.285590E-01    4.790000E+00    1.042000E+00
  4.795000E-01    7.290797E-01    4.795000E+00    1.041000E+00
  4.800000E-01    7.296000E-01    4.800000E+00    1.040000E+00
  4.805000E-01    7.301197E-01    4.805000E+00    1.039000E+00
  4.810000E-01    7.306390E-01    4.810000E+00    1.038000E+00
  4.815000E-01    7.311577E-01    4.815000E+00    1.037000E+00
  4.820000E-01    7.316760E-01    4.820000E+00    1.036000E+00
  4.825000E-01    7.321937E-01    4.825000E+00    1.035000E+00
  4.830000E-01    7.327110E-01    4.830000E+00    1.034000E+00
  4.835000E-01    7.332277E-01    4.835000E+00    1.033000E+00
  4.840000E-01    7.337440E-01    4.840000E+00    1.032000E+00
  4.845000E-01    7.342597E-01    4.845000E+00    1.031000E+00
  4.850000E-01    7.347750E-01    4.850000E+00    1.030000E+00
  4.855000E-01    7.352897E-01    4.855000E+00    1.029000E+00
  4.860000E-01    7.358040E-01    4.860000E+00    1.028000E+00
  4.865000E-01    7.363177E-01    4.865000E+00    1.027000E+00
  4.870000E-01    7.368310E-01    4.870000E+00    1.026000E+00
  4.875000E-01    7.373437E-01    4.875000E+00    1.025000E+00
  4.880000E-01    7.378560E-01    4.880000E+00    1.024000E+00
  4.885000E-01    7.383677E-01    4.885000E+00    1.023000E+00
  4.890000E-01    7.388790E-01    4.890000E+00    1.022000E+00
  4.895000E-01    7.393897E-01    4.895000E+00    1.021000E+00
  4.900000E-01    7.399000E-01    4.900000E+00    1.020000E+00
  4.905000E-01    7.404097E-01    4.905000E+00    1.019000E+00
  4.910000E-01    7.409190E-01    4.910000E+00    1.018000E+00
  4.915000E-01    7.414277E-01    4.915000E+00    1.017000E+00
  4.920000E-01    7.419360E-01    4.920000E+00    1.016000E+00
  4.925000E-01    7.424437E-01    4.925000E+00    1.015000E+00
  4.930000E-01    7.429510E-01    4.930000E+00    1.014000E+00
  4.935000E-01    7.434578E-01    4.935000E+00    1.013000E+00
  4.940000E-01    7.439640E-01    4.940000E+00    1.012000E+00
  4.945000E-01    7.444697E-01    4.945000E+00    1.011000E+00
  4.950000E-01    7.449750E-01    4.950000E+00    1.010000E+00
  4.955000E-01    7.454797E-01    4.955000E+00    1.009000E+00
  4.960000E-01    7.459840E-01    4.960000E+00    1.008000E+00
  4.965000E-01    7.464878E-01    4.965000E+00    1.007000E+00
  4.970000E-01    7.469910E-01    4.970000E+00    1.006000E+00
  4.975000E-01    7.474937E-01    4.975000E+00    1.005000E+00
  4.980000E-01    7.479960E-01    4.980000E+00    1.004000E+00
  4.985000E-01    7.484977E-01    4.985000E+00    1.003000E+00
  4.990000E-01    7.489990E-01    4.990000E+00    1.002000E+00
  4.995000E-01    7.494998E-01    4.995000E+00    1.001000E+00
  5.000000E-01    7.500000E-01    5.000000E+00    1.000000E+00
  5.005000E-01    7.504997E-01    5.005000E+00    9.990000E-01
  5.010000E-01    7.509990E-01    5.010000E+00    9.980000E-01
  5.015000E-01    7.514977E-01    5.015000E+00    9.970000E-01
  5.020000E-01    7.519960E-01    5.020000E+00    9.960000E-01
  5.025000E-01    7.524937E-01    5.025000E+00    9.950000E-01
  5.030000E-01    7.529910E-01    5.030000E+00    9.940000E-01
  5.035000E-01    7.534877E-01    5.035000E+00    9.930000E-01
  5.040000E-01    7.539840E-01    5.040000E+00    9.920000E-01
  5.045000E-01    7.544798E-01    5.045000E+00    9.910000E-01
  5.050000E-01    7.549750E-01    5.050000E+00    9.900000E-01
  5.055000E-01    7.554697E-01    5.055000E+00    9.890000E-01
  5.060000E-01    7.559640E-01    5.060000E+00    9.880000E-01
  5.065000E-01    7.564577E-01    5.065000E+00    9.870000E-01
  5.070000E-01    7.569510E-01    5.070000E+00    9.860000E-01
  5.075000E-01    7.574437E-01    5.075000E+00    9.850000E-01
  5.080000E-01    7.579360E-01    5.080000E+00    9.840000E-01
  5.085000E-01    7.584277E-01    5.085000E+00    9.830000E-01
  5.090000E-01    7.589190E-01    5.090000E+00    9.820000E-01
  5.095000E-01    7.594097E-01    5.095000E+00    9.810000E-01
  5.100000E-01    7.599000E-01    5.100000E+00    9.800000E-01
  5.105000E-01    7.603897E-01    5.105000E+00    9.790000E-01
  5.110000E-01    7.608790E-01    5.110000E+00    9.780000E-01
  5.115000E-01    7.613678E-01    5.115000E+00    9.770000E-01
  5.120000E-01    7.618560E-01    5.120000E+00    9.760000E-01
  5.125000E-01    7.623437E-01    5.125000E+00    9.750000E-01
  5.130000E-01    7.628310E-01    5.130000E+00    9.740000E-01
  5.135000E-01    7.633177E-01    5.135000E+00    9.730000E-01
  5.140000E-01    7.638040E-01    5.140000E+00    9.720000E-01
  5.145000E-01    7.642897E-01    5.145000E+00    9.710000E-01
  5.150000E-01    7.647750E-01    5.150000E+00    9.700000E-01
  5.155000E-01    7.652598E-01    5.155000E+00    9.690000E-01
  5.160000E-01    7.657440E-01    5.160000E+00    9.680000E-01
  5.165000E-01    7.662277E-01    5.165000E+00    9.670000E-01
  5.170000E-01    7.667110E-01    5.170000E+00    9.660000E-01
  5.175000E-01    7.671937E-01    5.175000E+00    9.650000E-01
  5.180000E-01    7.676760E-01    5.180000E+00    9.640000E-01
  5.185000E-01    7.681577E-01    5.185000E+00    9.630000E-01
  5.190000E-01    7.686390E-01    5.190000E+00    9.620000E-01
  5.195000E-01    7.691197E-01    5.195000E+00    9.610000E-01
  5.200000E-01    7.696000E-01    5.200000E+00    9.600000E-01
  5.205000E-01    7.700797E-01    5.205000E+00    9.590000E-01
  5.210000E-01    7.705590E-01    5.210000E+00    9.580000E-01
  5.215000E-01    7.710377E-01    5.215000E+00    9.570000E-01
  5.220000E-01    7.715160E-01    5.220000E+00    9.560000E-01
  5.225000E-01    7.719938E-01    5.225000E+00    9.550000E-01
  5.230000E-01    7.724710E-01    5.230000E+00    9.540000E-01
  5.235000E-01    7.729477E-01    5.235000E+00    9.530000E-01
  5.240000E-01    7.734240E-01    5.240000E+00    9.520000E-01
  5.245000E-01    7.738997E-01    5.245000E+00    9.510000E-01
  5.250000E-01    7.743750E-01    5.250000E+00    9.500000E-01
  5.255000E-01    7.748498E-01    5.255000E+00    9.490000E-01
  5.260000E-01    7.753240E-01    5.260000E+00    9.480000E-01
  5.265000E-01    7.757977E-01    5.265000E+00    9.470000E-01
  5.270000E-01    7.762710E-01    5.270000E+00    9.460000E-01
  5.275000E-01    7.767437E-01    5.275000E+00    9.450000E-01
  5.280000E-01    7.772160E-01    5.280000E+00    9.440000E-01
  5.285000E-01    7.776877E-01    5.285000E+00    9.430000E-01
  5.290000E-01    7.781590E-01    5.290000E+00    9.420000E-01
  5.295000E-01    7.786297E-01    5.295000E+00    9.410000E-01
  5.300000E-01    7.791000E-01    5.300000E+00    9.400000E-01
  5.305000E-01    7.795697E-01    5.305000E+00    9.390000E-01
  5.310000E-01    7.800390E-01    5.310000E+00    9.380000E-01
  5.315000E-01    7.805077E-01    5.315000E+00    9.370000E-01
  5.320000E-01    7.809760E-01    5.320000E+00    9.360000E-01
  5.325000E-01    7.814437E-01    5.325000E+00    9.350000E-01
  5.330000E-01    7.819110E-01    5.330000E+00    9.340000E-01
  5.335000E-01    7.823777E-01    5.335000E+00    9.330000E-01
  5.340000E-01    7.828440E-01    5.340000E+00    9.320000E-01
  5.345000E-01    7.833097E-01    5.345000E+00    9.310000E-01
  5.350000E-01    7.837750E-01    5.350000E+00    9.300000E-01
  5.355000E-01    7.842398E-01    5.355000E+00    9.290000E-01
  5.360000E-01    7.847040E-01    5.360000E+00    9.280000E-01
  5.365000E-01    7.851678E-01    5.365000E+00    9.270000E-01
  5.370000E-01    7.856310E-01    5.370000E+00    9.260000E-01
  5.375000E-01    7.860938E-01    5.375000E+00    9.250000E-01
  5.380000E-01    7.865560E-01    5.380000E+00    9.240000E-01
  5.385000E-01    7.870177E-01    5.385000E+00    9.230000E-01
  5.390000E-01    7.874790E-01    5.390000E+00    9.220000E-01
  5.395000E-01    7.879398E-01    5.395000E+00    9.210000E-01
  5.400000E-01    7.884000E-01    5.400000E+00    9.200000E-01
  5.405000E-01    7.888597E-01    5.405000E+00    9.190000E-01
  5.410000E-01    7.893190E-01    5.410000E+00    9.180000E-01
  5.415000E-01    7.897778E-01    5.415000E+00    9.170000E-01
  5.420000E-01    7.902360E-01    5.420000E+00    9.160000E-01
  5.425000E-01    7.906937E-01    5.425000E+00    9.150000E-01
  5.430000E-01    7.911510E-01    5.430000E+00    9.140000E-01
  5.435000E-01    7.916078E-01    5.435000E+00    9.130000E-01
  5.440000E-01    7.920640E-01    5.440000E+00    9.120000E-01
  5.445000E-01    7.925197E-01    5.445000E+00    9.110000E-01
  5.450000E-01    7.929750E-01    5.450000E+00    9.100000E-01
  5.455000E-01    7.934298E-01    5.455000E+00    9.090000E-01
  5.460000E-01    7.938840E-01    5.460000E+00    9.080000E-01
  5.465000E-01    7.943377E-01    5.465000E+00    9.070000E-01
  5.470000E-01    7.947910E-01    5.470000E+00    9.060000E-01
  5.475000E-01    7.952438E-01    5.475000E+00    9.050000E-01
  5.480000E-01    7.956960E-01    5.480000E+00    9.040000E-01
  5.485000E-01    7.961478E-01    5.485000E+00    9.030000E-01
  5.490000E-01    7.965990E-01    5.490000E+00    9.020000E-01
  5.495000E-01    7.970498E-01    5.495000E+00    9.010000E-01
  5.500000E-01    7.975000E-01    5.500000E+00    9.000000E-01
  5.505000E-01    7.979498E-01    5.505000E+00    8.990000E-01
  5.510000E-01    7.983990E-01    5.510000E+00    8.980000E-01
  5.515000E-01    7.988477E-01    5.515000E+00    8.970000E-01
  5.520000E-01    7.992960E-01    5.520000E+00    8.960000E-01
  5.525000E-01    7.997437E-01    5.525000E+00    8.950000E-01
  5.530000E-01    8.001910E-01    5.530000E+00    8.940000E-01
  5.535000E-01    8.006377E-01    5.535000E+00    8.930000E-01
  5.540000E-01    8.010840E-01    5.540000E+00    8.920000E-01
  5.545000E-01    8.015298E-01    5.545000E+00    8.910000E-01
  5.550000E-01    8.019750E-01    5.550000E+00    8.900000E-01
  5.555000E-01    8.024197E-01    5.555000E+00    8.890000E-01
  5.560000E-01    8.028640E-01    5.560000E+00    8.880000E-01
  5.565000E-01    8.033077E-01    5.565000E+00    8.870000E-01
  5.570000E-01    8.037510E-01    5.570000E+00    8.860000E-01
  5.575000E-01    8.041938E-01    5.575000E+00    8.850000E-01
  5.580000E-01    8.046360E-01    5.580000E+00    8.840000E-01
  5.585000E-01    8.050777E-01    5.585000E+00    8.830000E-01
  5.590000E-01    8.055190E-01    5.590000E+00    8.820000E-01
  5.595000E-01    8.059597E-01    5.595000E+00    8.810000E-01
  5.600000E-01    8.064000E-01    5.600000E+00    8.800000E-01
  5.605000E-01    8.068397E-01    5.605000E+00    8.790000E-01
  5.610000E-01    8.072790E-01    5.610000E+00    8.780000E-01
  5.615000E-01    8.077178E-01    5.615000E+00    8.770000E-01
  5.620000E-01    8.081560E-01    5.620000E+00    8.760000E-01
  5.625000E-01    8.085938E-01    5.625000E+00    8.750000E-01
  5.630000E-01    8.090310E-01    5.630000E+00    8.740000E-01
  5.635000E-01    8.094678E-01    5.635000E+00    8.730000E-01
  5.640000E-01    8.099040E-01    5.640000E+00    8.720000E-01
  5.645000E-01    8.103398E-01    5.645000E+00    8.710000E-01
  5.650000E-01    8.107750E-01    5.650000E+00    8.700000E-01
  5.655000E-01    8.112097E-01    5.655000E+00    8.690000E-01
  5.660000E-01    8.116440E-01    5.660000E+00    8.680000E-01
  5.665000E-01    8.120778E-01    5.665000E+00    8.670000E-01
  5.670000E-01    8.125110E-01    5.670000E+00    8.660000E-01
  5.675000E-01    8.129438E-01    5.675000E+00    8.650000E-01
  5.680000E-01    8.133760E-01    5.680000E+00    8.640000E-01
  5.685000E-01    8.138078E-01    5.685000E+00    8.630000E-01
  5.690000E-01    8.142390E-01    5.690000E+00    8.620000E-01
  5.695000E-01    8.146697E-01    5.695000E+00    8.610000E-01
  5.700000E-01    8.151000E-01    5.700000E+00    8.600000E-01
  5.705000E-01    8.155298E-01    5.705000E+00    8.590000E-01
  5.710000E-01    8.159590E-01    5.710000E+00    8.580000E-01
  5.715000E-01    8.163878E-01    5.715000E+00    8.570000E-01
  5.720000E-01    8.168160E-01    5.720000E+00    8.560000E-01
  5.725000E-01    8.172438E-01    5.725000E+00    8.550000E-01
  5.730000E-01    8.176710E-01    5.730000E+00    8.540000E-01
  5.735000E-01    8.180977E-01    5.735000E+00    8.530000E-01
  5.740000E-01    8.185240E-01    5.740000E+00    8.520000E-01
  5.745000E-01    8.189498E-01    5.745000E+00    8.510000E-01
  5.750000E-01    8.193750E-01    5.750000E+00    8.500000E-01
  5.755000E-01    8.197998E-01    5.755000E+00    8.490000E-01
  5.760000E-01    8.202240E-01    5.760000E+00    8.480000E-01
  5.765000E-01    8.206478E-01    5.765000E+00    8.470000E-01
  5.770000E-01    8.210710E-01    5.770000E+00    8.460000E-01
  5.775000E-01    8.214938E-01    5.775000E+00    8.450000E-01
  5.780000E-01    8.219160E-01    5.780000E+00    8.440000E-01
  5.785000E-01    8.223377E-01    5.785000E+00    8.430000E-01
  5.790000E-01    8.227590E-01    5.790000E+00    8.420000E-01
  5.795000E-01    8.231797E-01    5.795000E+00    8.410000E-01
  5.800000E-01    8.236000E-01    5.800000E+00    8.400000E-01
  5.805000E-01    8.240197E-01    5.805000E+00    8.390000E-01
  5.810000E-01    8.244390E-01    5.810000E+00    8.380000E-01
  5.815000E-01    8.248578E-01    5.815000E+00    8.370000E-01
  5.820000E-01    8.252760E-01    5.820000E+00    8.360000E-01
  5.825000E-01    8.256938E-01    5.825000E+00    8.350000E-01
  5.830000E-01    8.261110E-01    5.830000E+00    8.340000E-01
  5.835000E-01    8.265278E-01    5.835000E+00    8.330000E-01
  5.840000E-01    8.269440E-01    5.840000E+00    8.320000E-01
  5.845000E-01    8.273598E-01    5.845000E+00    8.310000E-01
  5.850000E-01    8.277750E-01    5.850000E+00    8.300000E-01
  5.855000E-01    8.281897E-01    5.855000E+00    8.290000E-01
  5.860000E-01    8.286040E-01    5.860000E+00    8.280000E-01
  5.865000E-01    8.290177E-01    5.865000E+00    8.270000E-01
  5.870000E-01    8.294310E-01    5.870000E+00    8.260000E-01
  5.875000E-01    8.298437E-01    5.875000E+00    8.250000E-01
  5.880000E-01    8.302560E-01    5.880000E+00    8.240000E-01
  5.885000E-01    8.306678E-01    5.885000E+00    8.230000E-01
  5.890000E-01    8.310790E-01    5.890000E+00    8.220000E-01
  5.895000E-01    8.314898E-01    5.895000E+00    8.210000E-01
  5.900000E-01    8.319000E-01    5.900000E+00    8.200000E-01
  5.905000E-01    8.323098E-01    5.905000E+00    8.190000E-01
  5.910000E-01    8.327190E-01    5.910000E+00    8.180000E-01
  5.915000E-01    8.331278E-01    5.915000E+00    8.170000E-01
  5.920000E-01    8.335360E-01    5.920000E+00    8.160000E-01
  5.925000E-01    8.339437E-01    5.925000E+00    8.150000E-01
  5.930000E-01    8.343510E-01    5.930000E+00    8.140000E-01
  5.935000E-01    8.347578E-01    5.935000E+00    8.130000E-01
  5.940000E-01    8.351640E-01    5.940000E+00    8.120000E-01
  5.945000E-01    8.355697E-01    5.945000E+00    8.110000E-01
  5.950000E-01    8.359750E-01    5.950000E+00    8.100000E-01
  5.955000E-01    8.363798E-01    5.955000E+00    8.090000E-01
  5.960000E-01    8.367840E-01    5.960000E+00    8.080000E-01
  5.965000E-01    8.371878E-01    5.965000E+00    8.070000E-01
  5.970000E-01    8.375910E-01    5.970000E+00    8.060000E-01
  5.975000E-01    8.379938E-01    5.975000E+00    8.050000E-01
  5.980000E-01    8.383960E-01    5.980000E+00    8.040000E-01
  5.985000E-01    8.387978E-01    5.985000E+00    8.030000E-01
  5.990000E-01    8.391990E-01    5.990000E+00    8.020000E-01
  5.995000E-01    8.395998E-01    5.995000E+00    8.010000E-01
  6.000000E-01    8.400000E-01    6.000000E+00    8.000000E-01
  6.005000E-01    8.403998E-01    6.005000E+00    7.990000E-01
  6.010000E-01    8.407990E-01    6.010000E+00    7.980000E-01
  6.015000E-01    8.411978E-01    6.015000E+00    7.970000E-01
  6.020000E-01    8.415960E-01    6.020000E+00    7.960000E-01
  6.025000E-01    8.419938E-01    6.025000E+00    7.950000E-01
  6.030000E-01    8.423910E-01    6.030000E+00    7.940000E-01
  6.035000E-01    8.427878E-01    6.035000E+00    7.930000E-01
  6.040000E-01    8.431840E-01    6.040000E+00    7.920000E-01
  6.045000E-01    8.435797E-01    6.045000E+00    7.910000E-01
  6.050000E-01    8.439750E-01    6.050000E+00    7.900000E-01
  6.055000E-01    8.443698E-01    6.055000E+00    7.890000E-01
  6.060000E-01    8.447640E-01    6.060000E+00    7.880000E-01
  6.065000E-01    8.451578E-01    6.065000E+00    7.870000E-01
  6.070000E-01    8.455510E-01    6.070000E+00    7.860000E-01
  6.075000E-01    8.459437E-01    6.075000E+00    7.850000E-01
  6.080000E-01    8.463360E-01    6.080000E+00    7.840000E-01
  6.085000E-01    8.467278E-01    6.085000E+00    7.830000E-01
  6.090000E-01    8.471190E-01    6.090000E+00    7.820000E-01
  6.095000E-01    8.475097E-01    6.095000E+00    7.810000E-01
  6.100000E-01    8.479000E-01    6.100000E+00    7.800000E-01
  6.105000E-01    8.482897E-01    6.105000E+00    7.790000E-01
  6.110000E-01    8.486790E-01    6.110000E+00    7.780000E-01
  6.115000E-01    8.490678E-01    6.115000E+00    7.770000E-01
  6.120000E-01    8.494560E-01    6.120000E+00    7.760000E-01
  6.125000E-01    8.498438E-01    6.125000E+00    7.750000E-01
  6.130000E-01    8.502310E-01    6.130000E+00    7.740000E-01
  6.135000E-01    8.506178E-01    6.135000E+00    7.730000E-01
  6.140000E-01    8.510040E-01    6.140000E+00    7.720000E-01
  6.145000E-01    8.513898E-01    6.145000E+00    7.710000E-01
  6.150000E-01    8.517750E-01    6.150000E+00    7.700000E-01
  6.155000E-01    8.521597E-01    6.155000E+00    7.690000E-01
  6.160000E-01    8.525440E-01    6.160000E+00    7.680000E-01
  6.165000E-01    8.529278E-01    6.165000E+00    7.670000E-01
  6.170000E-01    8.533110E-01    6.170000E+00    7.660000E-01
  6.175000E-01    8.536938E-01    6.175000E+00    7.650000E-01
  6.180000E-01    8.540760E-01    6.180000E+00    7.640000E-01
  6.185000E-01    8.544578E-01    6.185000E+00    7.630000E-01
  6.190000E-01    8.548390E-01    6.190000E+00    7.620000E-01
  6.195000E-01    8.552198E-01    6.195000E+00    7.610000E-01
  6.200000E-01    8.556000E-01    6.200000E+00    7.600000E-01
  6.205000E-01    8.559798E-01    6.205000E+00    7.590000E-01
  6.210000E-01    8.563590E-01    6.210000E+00    7.580000E-01
  6.215000E-01    8.567377E-01    6.215000E+00    7.570000E-01
  6.220000E-01    8.571160E-01    6.220000E+00    7.560000E-01
  6.225000E-01    8.574938E-01    6.225000E+00    7.550000E-01
  6.230000E-01    8.578710E-01    6.230000E+00    7.540000E-01
  6.235000E-01    8.582478E-01    6.235000E+00    7.530000E-01
  6.240000E-01    8.586240E-01    6.240000E+00    7.520000E-01
  6.245000E-01    8.589998E-01    6.245000E+00    7.510000E-01
  6.250000E-01    8.593750E-01    6.250000E+00    7.500000E-01
  6.255000E-01    8.597497E-01    6.255000E+00    7.490000E-01
  6.260000E-01    8.601240E-01    6.260000E+00    7.480000E-01
  6.265000E-01    8.604977E-01    6.265000E+00    7.470000E-01
  6.270000E-01    8.608710E-01    6.270000E+00    7.460000E-01
  6.275000E-01    8.612437E-01    6.275000E+00    7.450000E-01
  6.280000E-01    8.616160E-01    6.280000E+00    7.440000E-01
  6.285000E-01    8.619877E-01    6.285000E+00    7.430000E-01
  6.290000E-01    8.623590E-01    6.290000E+00    7.420000E-01
  6.295000E-01    8.627297E-01    6.295000E+00    7.410000E-01
  6.300000E-01    8.631000E-01    6.300000E+00    7.400000E-01
  6.305000E-01    8.634697E-01    6.305000E+00    7.390000E-01
  6.310000E-01    8.638390E-01    6.310000E+00    7.380000E-01
  6.315000E-01    8.642077E-01    6.315000E+00    7.370000E-01
  6.320000E-01    8.645760E-01    6.320000E+00    7.360000E-01
  6.325000E-01    8.649437E-01    6.325000E+00    7.350000E-01
  6.330000E-01    8.653110E-01    6.330000E+00    7.340000E-01
  6.335000E-01    8.656777E-01    6.335000E+00    7.330000E-01
  6.340000E-01    8.660440E-01    6.340000E+00    7.320000E-01
  6.345000E-01    8.664097E-01    6.345000E+00    7.310000E-01
  6.350000E-01    8.667750E-01    6.350000E+00    7.300000E-01
  6.355000E-01    8.671397E-01    6.355000E+00    7.290000E-01
  6.360000E-01    8.675040E-01    6.360000E+00    7.280000E-01
  6.365000E-01    8.678678E-01    6.365000E+00    7.270000E-01
  6.370000E-01    8.682310E-01    6.370000E+00    7.260000E-01
  6.375000E-01    8.685937E-01    6.375000E+00    7.250000E-01
  6.380000E-01    8.689560E-01    6.380000E+00    7.240000E-01
  6.385000E-01    8.693178E-01    6.385000E+00    7.230000E-01
  6.390000E-01    8.696790E-01    6.390000E+00    7.220000E-01
  6.395000E-01    8.700397E-01    6.395000E+00    7.210000E-01
  6.400000E-01    8.704000E-01    6.400000E+00    7.200000E-01
  6.405000E-01    8.707597E-01    6.405000E+00    7.190000E-01
  6.410000E-01    8.711190E-01    6.410000E+00    7.180000E-01
  6.415000E-01    8.714777E-01    6.415000E+00    7.170000E-01
  6.420000E-01    8.718360E-01    6.420000E+00    7.160000E-01
  6.425000E-01    8.721937E-01    6.425000E+00    7.150000E-01
  6.430000E-01    8.725510E-01    6.430000E+00    7.140000E-01
  6.435000E-01    8.729077E-01    6.435000E+00    7.130000E-01
  6.440000E-01    8.732640E-01    6.440000E+00    7.120000E-01
  6.445000E-01    8.736198E-01    6.445000E+00    7.110000E-01
  6.450000E-01    8.739750E-01    6.450000E+00    7.100000E-01
  6.455000E-01    8.743298E-01    6.455000E+00    7.090000E-01
  6.460000E-01    8.746840E-01    6.460000E+00    7.080000E-01
  6.465000E-01    8.750377E-01    6.465000E+00    7.070000E-01
  6.470000E-01    8.753910E-01    6.470000E+00    7.060000E-01
  6.475000E-01    8.757438E-01    6.475000E+00    7.050000E-01
  6.480000E-01    8.760960E-01    6.480000E+00    7.040000E-01
  6.485000E-01    8.764477E-01    6.485000E+00    7.030000E-01
  6.490000E-01    8.767990E-01    6.490000E+00    7.020000E-01
  6.495000E-01    8.771497E-01    6.495000E+00    7.010000E-01
  6.500000E-01    8.775000E-01    6.500000E+00    7.000000E-01
  6.505000E-01    8.778497E-01    6.505000E+00    6.990000E-01
  6.510000E-01    8.781990E-01    6.510000E+00    6.980000E-01
  6.515000E-01    8.785477E-01    6.515000E+00    6.970000E-01
  6.520000E-01    8.788960E-01    6.520000E+00    6.960000E-01
  6.525000E-01    8.792437E-01    6.525000E+00    6.950000E-01
  6.530000E-01    8.795910E-01    6.530000E+00    6.940000E-01
  6.535000E-01    8.799377E-01    6.535000E+00    6.930000E-01
  6.540000E-01    8.802840E-01    6.540000E+00    6.920000E-01
  6.545000E-01    8.806297E-01    6.545000E+00    6.910000E-01
  6.550000E-01    8.809750E-01    6.550000E+00    6.900000E-01
  6.555000E-01    8.813197E-01    6.555000E+00    6.890000E-01
  6.560000E-01    8.816640E-01    6.560000E+00    6.880000E-01
  6.565000E-01    8.820077E-01    6.565000E+00    6.870000E-01
  6.570000E-01    8.823510E-01    6.570000E+00    6.860000E-01
  6.575000E-01    8.826938E-01    6.575000E+00    6.850000E-01
  6.580000E-01    8.830360E-01    6.580000E+00    6.840000E-01
  6.585000E-01    8.833777E-01    6.585000E+00    6.830000E-01
  6.590000E-01    8.837190E-01    6.590000E+00    6.820000E-01
  6.595000E-01    8.840598E-01    6.595000E+00    6.810000E-01
  6.600000E-01    8.844000E-01    6.600000E+00    6.800000E-01
  6.605000E-01    8.847398E-01    6.605000E+00    6.790000E-01
  6.610000E-01    8.850790E-01    6.610000E+00    6.780000E-01
  6.615000E-01    8.854178E-01    6.615000E+00    6.770000E-01
  6.620000E-01    8.857560E-01    6.620000E+00    6.760000E-01
  6.625000E-01    8.860937E-01    6.625000E+00    6.750000E-01
  6.630000E-01    8.864310E-01    6.630000E+00    6.740000E-01
  6.635000E-01    8.867677E-01    6.635000E+00    6.730000E-01
  6.640000E-01    8.871040E-01    6.640000E+00    6.720000E-01
  6.645000E-01    8.874397E-01    6.645000E+00    6.710000E-01
  6.650000E-01    8.877750E-01    6.650000E+00    6.700000E-01
  6.655000E-01    8.881097E-01    6.655000E+00    6.690000E-01
  6.660000E-01    8.884440E-01    6.660000E+00    6.680000E-01
  6.665000E-01    8.887778E-01    6.665000E+00    6.670000E-01
  6.670000E-01    8.891110E-01    6.670000E+00    6.660000E-01
  6.675000E-01    8.894437E-01    6.675000E+00    6.650000E-01
  6.680000E-01    8.897760E-01    6.680000E+00    6.640000E-01
  6.685000E-01    8.901077E-01    6.685000E+00    6.630000E-01
  6.690000E-01    8.904390E-01    6.690000E+00    6.620000E-01
  6.695000E-01    8.907698E-01    6.695000E+00    6.610000E-01
  6.700000E-01    8.911000E-01    6.700000E+00    6.600000E-01
  6.705000E-01    8.914297E-01    6.705000E+00    6.590000E-01
  6.710000E-01    8.917590E-01    6.710000E+00    6.580000E-01
  6.715000E-01    8.920877E-01    6.715000E+00    6.570000E-01
  6.720000E-01    8.924160E-01    6.720000E+00    6.560000E-01
  6.725000E-01    8.927437E-01    6.725000E+00    6.550000E-01
  6.730000E-01    8.930710E-01    6.730000E+00    6.540000E-01
  6.735000E-01    8.933977E-01    6.735000E+00    6.530000E-01
  6.740000E-01    8.937240E-01    6.740000E+00    6.520000E-01
  6.745000E-01    8.940497E-01    6.745000E+00    6.510000E-01
  6.750000E-01    8.943750E-01    6.750000E+00    6.500000E-01
  6.755000E-01    8.946998E-01    6.755000E+00    6.490000E-01
  6.760000E-01    8.950240E-01    6.760000E+00    6.480000E-01
  6.765000E-01    8.953477E-01    6.765000E+00    6.470000E-01
  6.770000E-01    8.956710E-01    6.770000E+00    6.460000E-01
  6.775000E-01    8.959937E-01    6.775000E+00    6.450000E-01
  6.780000E-01    8.963160E-01    6.780000E+00    6.440000E-01
  6.785000E-01    8.966378E-01    6.785000E+00    6.430000E-01
  6.790000E-01    8.969590E-01    6.790000E+00    6.420000E-01
  6.795000E-01    8.972798E-01    6.795000E+00    6.410000E-01
  6.800000E-01    8.976000E-01    6.800000E+00    6.400000E-01
  6.805000E-01    8.979198E-01    6.805000E+00    6.390000E-01
  6.810000E-01    8.982390E-01    6.810000E+00    6.380000E-01
  6.815000E-01    8.985577E-01    6.815000E+00    6.370000E-01
  6.820000E-01    8.988760E-01    6.820000E+00    6.360000E-01
  6.825000E-01    8.991938E-01    6.825000E+00    6.350000E-01
  6.830000E-01    8.995110E-01    6.830000E+00    6.340000E-01
  6.835000E-01    8.998278E-01    6.835000E+00    6.330000E-01
  6.840000E-01    9.001440E-01    6.840000E+00    6.320000E-01
  6.845000E-01    9.004598E-01    6.845000E+00    6.310000E-01
  6.850000E-01    9.007750E-01    6.850000E+00    6.300000E-01
  6.855000E-01    9.010898E-01    6.855000E+00    6.290000E-01
  6.860000E-01    9.014040E-01    6.860000E+00    6.280000E-01
  6.865000E-01    9.017177E-01    6.865000E+00    6.270000E-01
  6.870000E-01    9.020310E-01    6.870000E+00    6.260000E-01
  6.875000E-01    9.023438E-01    6.875000E+00    6.250000E-01
  6.880000E-01    9.026560E-01    6.880000E+00    6.240000E-01
  6.885000E-01    9.029677E-01    6.885000E+00    6.230000E-01
  6.890000E-01    9.032790E-01    6.890000E+00    6.220000E-01
  6.895000E-01    9.035898E-01    6.895000E+00    6.210000E-01
  6.900000E-01    9.039000E-01    6.900000E+00    6.200000E-01
  6.905000E-01    9.042097E-01    6.905000E+00    6.190000E-01
  6.910000E-01    9.045190E-01    6.910000E+00    6.180000E-01
  6.915000E-01    9.048277E-01    6.915000E+00    6.170000E-01
  6.920000E-01    9.051360E-01    6.920000E+00    6.160000E-01
  6.925000E-01    9.054437E-01    6.925000E+00    6.150000E-01
  6.930000E-01    9.057510E-01    6.930000E+00    6.140000E-01
  6.935000E-01    9.060577E-01    6.935000E+00    6.130000E-01
  6.940000E-01    9.063640E-01    6.940000E+00    6.120000E-01
  6.945000E-01    9.066698E-01    6.945000E+00    6.110000E-01
  6.950000E-01    9.069750E-01    6.950000E+00    6.100000E-01
  6.955000E-01    9.072798E-01    6.955000E+00    6.090000E-01
  6.960000E-01    9.075840E-01    6.960000E+00    6.080000E-01
  6.965000E-01    9.078877E-01    6.965000E+00    6.070000E-01
  6.970000E-01    9.081910E-01    6.970000E+00    6.060000E-01
  6.975000E-01    9.084937E-01    6.975000E+00    6.050000E-01
  6.980000E-01    9.087960E-01    6.980000E+00    6.040000E-01
  6.985000E-01    9.090977E-01    6.985000E+00    6.030000E-01
  6.990000E-01    9.093990E-01    6.990000E+00    6.020000E-01
  6.995000E-01    9.096998E-01    6.995000E+00    6.010000E-01
  7.000000E-01    9.100000E-01    7.000000E+00    6.000000E-01
  7.005000E-01    9.102998E-01    7.005000E+00    5.990000E-01
  7.010000E-01    9.105990E-01    7.010000E+00    5.980000E-01
  7.015000E-01    9.108977E-01    7.015000E+00    5.970000E-01
  7.020000E-01    9.111960E-01    7.020000E+00    5.960000E-01
  7.025000E-01    9.114937E-01    7.025000E+00    5.950000E-01
  7.030000E-01    9.117910E-01    7.030000E+00    5.940000E-01
  7.035000E-01    9.120877E-01    7.035000E+00    5.930000E-01
  7.040000E-01    9.123840E-01    7.040000E+00    5.920000E-01
  7.045000E-01    9.126798E-01    7.045000E+00    5.910000E-01
  7.050000E-01    9.129750E-01    7.050000E+00    5.900000E-01
  7.055000E-01    9.132697E-01    7.055000E+00    5.890000E-01
  7.060000E-01    9.135640E-01    7.060000E+00    5.880000E-01
  7.065000E-01    9.138578E-01    7.065000E+00    5.870000E-01
  7.070000E-01    9.141510E-01    7.070000E+00    5.860000E-01
  7.075000E-01    9.144437E-01    7.075000E+00    5.850000E-01
  7.080000E-01    9.147360E-01    7.080000E+00    5.840000E-01
  7.085000E-01    9.150278E-01    7.085000E+00    5.830000E-01
  7.090000E-01    9.153190E-01    7.090000E+00    5.820000E-01
  7.095000E-01    9.156098E-01    7.095000E+00    5.810000E-01
  7.100000E-01    9.159000E-01    7.100000E+00    5.800000E-01
  7.105000E-01    9.161898E-01    7.105000E+00    5.790000E-01
  7.110000E-01    9.164790E-01    7.110000E+00    5.780000E-01
  7.115000E-01    9.167677E-01    7.115000E+00    5.770000E-01
  7.120000E-01    9.170560E-01    7.120000E+00    5.760000E-01
  7.125000E-01    9.173438E-01    7.125000E+00    5.750000E-01
  7.130000E-01    9.176310E-01    7.130000E+00    5.740000E-01
  7.135000E-01    9.179177E-01    7.135000E+00    5.730000E-01
  7.140000E-01    9.182040E-01    7.140000E+00    5.720000E-01
  7.145000E-01    9.184897E-01    7.145000E+00    5.710000E-01
  7.150000E-01    9.187750E-01    7.150000E+00    5.700000E-01
  7.155000E-01    9.190598E-01    7.155000E+00    5.690000E-01
  7.160000E-01    9.193440E-01    7.160000E+00    5.680000E-01
  7.165000E-01    9.196277E-01    7.165000E+00    5.670000E-01
  7.170000E-01    9.199110E-01    7.170000E+00    5.660000E-01
  7.175000E-01    9.201938E-01    7.175000E+00    5.650000E-01
  7.180000E-01    9.204760E-01    7.180000E+00    5.640000E-01
  7.185000E-01    9.207578E-01    7.185000E+00    5.630000E-01
  7.190000E-01    9.210390E-01    7.190000E+00    5.620000E-01
  7.195000E-01    9.213197E-01    7.195000E+00    5.610000E-01
  7.200000E-01    9.216000E-01    7.200000E+00    5.600000E-01
  7.205000E-01    9.218797E-01    7.205000E+00    5.590000E-01
  7.210000E-01    9.221590E-01    7.210000E+00    5.580000E-01
  7.215000E-01    9.224378E-01    7.215000E+00    5.570000E-01
  7.220000E-01    9.227160E-01    7.220000E+00    5.560000E-01
  7.225000E-01    9.229938E-01    7.225000E+00    5.550000E-01
  7.230000E-01    9.232710E-01    7.230000E+00    5.540000E-01
  7.235000E-01    9.235478E-01    7.235000E+00    5.530000E-01
  7.240000E-01    9.238240E-01    7.240000E+00    5.520000E-01
  7.245000E-01    9.240997E-01    7.245000E+00    5.510000E-01
  7.250000E-01    9.243750E-01    7.250000E+00    5.500000E-01
  7.255000E-01    9.246498E-01    7.255000E+00    5.490000E-01
  7.260000E-01    9.249240E-01    7.260000E+00    5.480000E-01
  7.265000E-01    9.251978E-01    7.265000E+00    5.470000E-01
  7.270000E-01    9.254710E-01    7.270000E+00    5.460000E-01
  7.275000E-01    9.257437E-01    7.275000E+00    5.450000E-01
  7.280000E-01    9.260160E-01    7.280000E+00    5.440000E-01
  7.285000E-01    9.262877E-01    7.285000E+00    5.430000E-01
  7.290000E-01    9.265590E-01    7.290000E+00    5.420000E-01
  7.295000E-01    9.268298E-01    7.295000E+00    5.410000E-01
  7.300000E-01    9.271000E-01    7.300000E+00    5.400000E-01
  7.305000E-01    9.273697E-01    7.305000E+00    5.390000E-01
  7.310000E-01    9.276390E-01    7.310000E+00    5.380000E-01
  7.315000E-01    9.279078E-01    7.315000E+00    5.370000E-01
  7.320000E-01    9.281760E-01    7.320000E+00    5.360000E-01
  7.325000E-01    9.284438E-01    7.325000E+00    5.350000E-01
  7.330000E-01    9.287110E-01    7.330000E+00    5.340000E-01
  7.335000E-01    9.289778E-01    7.335000E+00    5.330000E-01
  7.340000E-01    9.292440E-01    7.340000E+00    5.320000E-01
  7.345000E-01    9.295098E-01    7.345000E+00    5.310000E-01
  7.350000E-01    9.297750E-01    7.350000E+00    5.300000E-01
  7.355000E-01    9.300398E-01    7.355000E+00    5.290000E-01
  7.360000E-01    9.303040E-01    7.360000E+00    5.280000E-01
  7.365000E-01    9.305678E-01    7.365000E+00    5.270000E-01
  7.370000E-01    9.308310E-01    7.370000E+00    5.260000E-01
  7.375000E-01    9.310938E-01    7.375000E+00    5.250000E-01
  7.380000E-01    9.313560E-01    7.380000E+00    5.240000E-01
  7.385000E-01    9.316178E-01    7.385000E+00    5.230000E-01
  7.390000E-01    9.318790E-01    7.390000E+00    5.220000E-01
  7.395000E-01    9.321398E-01    7.395000E+00    5.210000E-01
  7.400000E-01    9.324000E-01    7.400000E+00    5.200000E-01
  7.405000E-01    9.326598E-01    7.405000E+00    5.190000E-01
  7.410000E-01    9.329190E-01    7.410000E+00    5.180000E-01
  7.415000E-01    9.331778E-01    7.415000E+00    5.170000E-01
  7.420000E-01    9.334360E-01    7.420000E+00    5.160000E-01
  7.425000E-01    9.336937E-01    7.425000E+00    5.150000E-01
  7.430000E-01    9.339510E-01    7.430000E+00    5.140000E-01
  7.435000E-01    9.342078E-01    7.435000E+00    5.130000E-01
  7.440000E-01    9.344640E-01    7.440000E+00    5.120000E-01
  7.445000E-01    9.347198E-01    7.445000E+00    5.110000E-01
  7.450000E-01    9.349750E-01    7.450000E+00    5.100000E-01
  7.455000E-01    9.352297E-01    7.455000E+00    5.090000E-01
  7.460000E-01    9.354840E-01    7.460000E+00    5.080000E-01
  7.465000E-01    9.357378E-01    7.465000E+00    5.070000E-01
  7.470000E-01    9.359910E-01    7.470000E+00    5.060000E-01
  7.475000E-01    9.362438E-01    7.475000E+00    5.050000E-01
  7.480000E-01    9.364960E-01    7.480000E+00    5.040000E-01
  7.485000E-01    9.367477E-01    7.485000E+00    5.030000E-01
  7.490000E-01    9.369990E-01    7.490000E+00    5.020000E-01
  7.495000E-01    9.372497E-01    7.495000E+00    5.010000E-01
  7.500000E-01    9.375000E-01    7.500000E+00    5.000000E-01
  7.505000E-01    9.377497E-01    7.505000E+00    4.990000E-01
  7.510000E-01    9.379990E-01    7.510000E+00    4.980000E-01
  7.515000E-01    9.382477E-01    7.515000E+00    4.970000E-01
  7.520000E-01    9.384960E-01    7.520000E+00    4.960000E-01
  7.525000E-01    9.387437E-01    7.525000E+00    4.950000E-01
  7.530000E-01    9.389910E-01    7.530000E+00    4.940000E-01
  7.535000E-01    9.392377E-01    7.535000E+00    4.930000E-01
  7.540000E-01    9.394840E-01    7.540000E+00    4.920000E-01
  7.545000E-01    9.397297E-01    7.545000E+00    4.910000E-01
  7.550000E-01    9.399750E-01    7.550000E+00    4.900000E-01
  7.555000E-01    9.402198E-01    7.555000E+00    4.890000E-01
  7.560000E-01    9.404640E-01    7.560000E+00    4.880000E-01
  7.565000E-01    9.407077E-01    7.565000E+00    4.870000E-01
  7.570000E-01    9.409510E-01    7.570000E+00    4.860000E-01
  7.575000E-01    9.411937E-01    7.575000E+00    4.850000E-01
  7.580000E-01    9.414360E-01    7.580000E+00    4.840000E-01
  7.585000E-01    9.416777E-01    7.585000E+00    4.830000E-01
  7.590000E-01    9.419190E-01    7.590000E+00    4.820000E-01
  7.595000E-01    9.421597E-01    7.595000E+00    4.810000E-01
  7.600000E-01    9.424000E-01    7.600000E+00    4.800000E-01
  7.605000E-01    9.426397E-01    7.605000E+00    4.790000E-01
  7.610000E-01    9.428790E-01    7.610000E+00    4.780000E-01
  7.615000E-01    9.431177E-01    7.615000E+00    4.770000E-01
  7.620000E-01    9.433560E-01    7.620000E+00    4.760000E-01
  7.625000E-01    9.435938E-01    7.625000E+00    4.750000E-01
  7.630000E-01    9.438310E-01    7.630000E+00    4.740000E-01
  7.635000E-01    9.440677E-01    7.635000E+00    4.730000E-01
  7.640000E-01    9.443040E-01    7.640000E+00    4.720000E-01
  7.645000E-01    9.445398E-01    7.645000E+00    4.710000E-01
  7.650000E-01    9.447750E-01    7.650000E+00    4.700000E-01
  7.655000E-01    9.450097E-01    7.655000E+00    4.690000E-01
  7.660000E-01    9.452440E-01    7.660000E+00    4.680000E-01
  7.665000E-01    9.454778E-01    7.665000E+00    4.670000E-01
  7.670000E-01    9.457110E-01    7.670000E+00    4.660000E-01
  7.675000E-01    9.459437E-01    7.675000E+00    4.650000E-01
  7.680000E-01    9.461760E-01    7.680000E+00    4.640000E-01
  7.685000E-01    9.464077E-01    7.685000E+00    4.630000E-01
  7.690000E-01    9.466390E-01    7.690000E+00    4.620000E-01
  7.695000E-01    9.468697E-01    7.695000E+00    4.610000E-01
  7.700000E-01    9.471000E-01    7.700000E+00    4.600000E-01
  7.705000E-01    9.473297E-01    7.705000E+00    4.590000E-01
  7.710000E-01    9.475590E-01    7.710000E+00    4.580000E-01
  7.715000E-01    9.477877E-01    7.715000E+00    4.570000E-01
  7.720000E-01    9.480160E-01    7.720000E+00    4.560000E-01
  7.725000E-01    9.482437E-01    7.725000E+00    4.550000E-01
  7.730000E-01    9.484710E-01    7.730000E+00    4.540000E-01
  7.735000E-01    9.486978E-01    7.735000E+00    4.530000E-01
  7.740000E-01    9.489240E-01    7.740000E+00    4.520000E-01
  7.745000E-01    9.491498E-01    7.745000E+00    4.510000E-01
  7.750000E-01    9.493750E-01    7.750000E+00    4.500000E-01
  7.755000E-01    9.495997E-01    7.755000E+00    4.490000E-01
  7.760000E-01    9.498240E-01    7.760000E+00    4.480000E-01
  7.765000E-01    9.500477E-01    7.765000E+00    4.470000E-01
  7.770000E-01    9.502710E-01    7.770000E+00    4.460000E-01
  7.775000E-01    9.504938E-01    7.775000E+00    4.450000E-01
  7.780000E-01    9.507160E-01    7.780000E+00    4.440000E-01
  7.785000E-01    9.509378E-01    7.785000E+00    4.430000E-01
  7.790000E-01    9.511590E-01    7.790000E+00    4.420000E-01
  7.795000E-01    9.513797E-01    7.795000E+00    4.410000E-01
  7.800000E-01    9.516000E-01    7.800000E+00    4.400000E-01
  7.805000E-01    9.518197E-01    7.805000E+00    4.390000E-01
  7.810000E-01    9.520390E-01    7.810000E+00    4.380000E-01
  7.815000E-01    9.522578E-01    7.815000E+00    4.370000E-01
  7.820000E-01    9.524760E-01    7.820000E+00    4.360000E-01
  7.825000E-01    9.526938E-01    7.825000E+00    4.350000E-01
  7.830000E-01    9.529110E-01    7.830000E+00    4.340000E-01
  7.835000E-01    9.531277E-01    7.835000E+00    4.330000E-01
  7.840000E-01    9.533440E-01    7.840000E+00    4.320000E-01
  7.845000E-01    9.535598E-01    7.845000E+00    4.310000E-01
  7.850000E-01    9.537750E-01    7.850000E+00    4.300000E-01
  7.855000E-01    9.539897E-01    7.855000E+00    4.290000E-01
  7.860000E-01    9.542040E-01    7.860000E+00    4.280000E-01
  7.865000E-01    9.544177E-01    7.865000E+00    4.270000E-01
  7.870000E-01    9.546310E-01    7.870000E+00    4.260000E-01
  7.875000E-01    9.548437E-01    7.875000E+00    4.250000E-01
  7.880000E-01    9.550560E-01    7.880000E+00    4.240000E-01
  7.885000E-01    9.552677E-01    7.885000E+00    4.230000E-01
  7.890000E-01    9.554790E-01    7.890000E+00    4.220000E-01
  7.895000E-01    9.556898E-01    7.895000E+00    4.210000E-01
  7.900000E-01    9.559000E-01    7.900000E+00    4.200000E-01
  7.905000E-01    9.561097E-01    7.905000E+00    4.190000E-01
  7.910000E-01    9.563190E-01    7.910000E+00    4.180000E-01
  7.915000E-01    9.565278E-01    7.915000E+00    4.170000E-01
  7.920000E-01    9.567360E-01    7.920000E+00    4.160000E-01
  7.925000E-01    9.569437E-01    7.925000E+00    4.150000E-01
  7.930000E-01    9.571510E-01    7.930000E+00    4.140000E-01
  7.935000E-01    9.573578E-01    7.935000E+00    4.130000E-01
  7.940000E-01    9.575640E-01    7.940000E+00    4.120000E-01
  7.945000E-01    9.577697E-01    7.945000E+00    4.110000E-01
  7.950000E-01    9.579750E-01    7.950000E+00    4.100000E-01
  7.955000E-01    9.581797E-01    7.955000E+00    4.090000E-01
  7.960000E-01    9.583840E-01    7.960000E+00    4.080000E-01
  7.965000E-01    9.585877E-01    7.965000E+00    4.070000E-01
  7.970000E-01    9.587910E-01    7.970000E+00    4.060000E-01
  7.975000E-01    9.589937E-01    7.975000E+00    4.050000E-01
  7.980000E-01    9.591960E-01    7.980000E+00    4.040000E-01
  7.985000E-01    9.593978E-01    7.985000E+00    4.030000E-01
  7.990000E-01    9.595990E-01    7.990000E+00    4.020000E-01
  7.995000E-01    9.597997E-01    7.995000E+00    4.010000E-01
  8.000000E-01    9.600000E-01    8.000000E+00    4.000000E-01
  8.005000E-01    9.601998E-01    8.005000E+00    3.990000E-01
  8.010000E-01    9.603990E-01    8.010000E+00    3.980000E-01
  8.015000E-01    9.605978E-01    8.015000E+00    3.970000E-01
  8.020000E-01    9.607960E-01    8.020000E+00    3.960000E-01
  8.025000E-01    9.609937E-01    8.025000E+00    3.950000E-01
  8.030000E-01    9.611910E-01    8.030000E+00    3.940000E-01
  8.035000E-01    9.613877E-01    8.035000E+00    3.930000E-01
  8.040000E-01    9.615840E-01    8.040000E+00    3.920000E-01
  8.045000E-01    9.617798E-01    8.045000E+00    3.910000E-01
  8.050000E-01    9.619750E-01    8.050000E+00    3.900000E-01
  8.055000E-01    9.621698E-01    8.055000E+00    3.890000E-01
  8.060000E-01    9.623640E-01    8.060000E+00    3.880000E-01
  8.065000E-01    9.625577E-01    8.065000E+00    3.870000E-01
  8.070000E-01    9.627510E-01    8.070000E+00    3.860000E-01
  8.075000E-01    9.629437E-01    8.075000E+00    3.850000E-01
  8.080000E-01    9.631360E-01    8.080000E+00    3.840000E-01
  8.085000E-01    9.633278E-01    8.085000E+00    3.830000E-01
  8.090000E-01    9.635190E-01    8.090000E+00    3.820000E-01
  8.095000E-01    9.637098E-01    8.095000E+00    3.810000E-01
  8.100000E-01    9.639000E-01    8.100000E+00    3.800000E-01
  8.105000E-01    9.640897E-01    8.105000E+00    3.790000E-01
  8.110000E-01    9.642790E-01    8.110000E+00    3.780000E-01
  8.115000E-01    9.644677E-01    8.115000E+00    3.770000E-01
  8.120000E-01    9.646560E-01    8.120000E+00    3.760000E-01
  8.125000E-01    9.648438E-01    8.125000E+00    3.750000E-01
  8.130000E-01    9.650310E-01    8.130000E+00    3.740000E-01
  8.135000E-01    9.652177E-01    8.135000E+00    3.730000E-01
  8.140000E-01    9.654040E-01    8.140000E+00    3.720000E-01
  8.145000E-01    9.655898E-01    8.145000E+00    3.710000E-01
  8.150000E-01    9.657750E-01    8.150000E+00    3.700000E-01
  8.155000E-01    9.659598E-01    8.155000E+00    3.690000E-01
  8.160000E-01    9.661440E-01    8.160000E+00    3.680000E-01
  8.165000E-01    9.663278E-01    8.165000E+00    3.670000E-01
  8.170000E-01    9.665110E-01    8.170000E+00    3.660000E-01
  8.175000E-01    9.666938E-01    8.175000E+00    3.650000E-01
  8.180000E-01    9.668760E-01    8.180000E+00    3.640000E-01
  8.185000E-01    9.670578E-01    8.185000E+00    3.630000E-01
  8.190000E-01    9.672390E-01    8.190000E+00    3.620000E-01
  8.195000E-01    9.674198E-01    8.195000E+00    3.610000E-01
  8.200000E-01    9.676000E-01    8.200000E+00    3.600000E-01
  8.205000E-01    9.677798E-01    8.205000E+00    3.590000E-01
  8.210000E-01    9.679590E-01    8.210000E+00    3.580000E-01
  8.215000E-01    9.681378E-01    8.215000E+00    3.570000E-01
  8.220000E-01    9.683160E-01    8.220000E+00    3.560000E-01
  8.225000E-01    9.684938E-01    8.225000E+00    3.550000E-01
  8.230000E-01    9.686710E-01    8.230000E+00    3.540000E-01
  8.235000E-01    9.688478E-01    8.235000E+00    3.530000E-01
  8.240000E-01    9.690240E-01    8.240000E+00    3.520000E-01
  8.245000E-01    9.691998E-01    8.245000E+00    3.510000E-01
  8.250000E-01    9.693750E-01    8.250000E+00    3.500000E-01
  8.255000E-01    9.695497E-01    8.255000E+00    3.490000E-01
  8.260000E-01    9.697240E-01    8.260000E+00    3.480000E-01
  8.265000E-01    9.698978E-01    8.265000E+00    3.470000E-01
  8.270000E-01    9.700710E-01    8.270000E+00    3.460000E-01
  8.275000E-01    9.702437E-01    8.275000E+00    3.450000E-01
  8.280000E-01    9.704160E-01    8.280000E+00    3.440000E-01
  8.285000E-01    9.705877E-01    8.285000E+00    3.430000E-01
  8.290000E-01    9.707590E-01    8.290000E+00    3.420000E-01
  8.295000E-01    9.709298E-01    8.295000E+00    3.410000E-01
  8.300000E-01    9.711000E-01    8.300000E+00    3.400000E-01
  8.305000E-01    9.712698E-01    8.305000E+00    3.390000E-01
  8.310000E-01    9.714390E-01    8.310000E+00    3.380000E-01
  8.315000E-01    9.716077E-01    8.315000E+00    3.370000E-01
  8.320000E-01    9.717760E-01    8.320000E+00    3.360000E-01
  8.325000E-01    9.719437E-01    8.325000E+00    3.350000E-01
  8.330000E-01    9.721110E-01    8.330000E+00    3.340000E-01
  8.335000E-01    9.722778E-01    8.335000E+00    3.330000E-01
  8.340000E-01    9.724440E-01    8.340000E+00    3.320000E-01
  8.345000E-01    9.726098E-01    8.345000E+00    3.310000E-01
  8.350000E-01    9.727750E-01    8.350000E+00    3.300000E-01
  8.355000E-01    9.729397E-01    8.355000E+00    3.290000E-01
  8.360000E-01    9.731040E-01    8.360000E+00    3.280000E-01
  8.365000E-01    9.732677E-01    8.365000E+00    3.270000E-01
  8.370000E-01    9.734310E-01    8.370000E+00    3.260000E-01
  8.375000E-01    9.735938E-01    8.375000E+00    3.250000E-01
  8.380000E-01    9.737560E-01    8.380000E+00    3.240000E-01
  8.385000E-01    9.739178E-01    8.385000E+00    3.230000E-01
  8.390000E-01    9.740790E-01    8.390000E+00    3.220000E-01
  8.395000E-01    9.742397E-01    8.395000E+00    3.210000E-01
  8.400000E-01    9.744000E-01    8.400000E+00    3.200000E-01
  8.405000E-01    9.745598E-01    8.405000E+00    3.190000E-01
  8.410000E-01    9.747190E-01    8.410000E+00    3.180000E-01
  8.415000E-01    9.748777E-01    8.415000E+00    3.170000E-01
  8.420000E-01    9.750360E-01    8.420000E+00    3.160000E-01
  8.425000E-01    9.751937E-01    8.425000E+00    3.150000E-01
  8.430000E-01    9.753510E-01    8.430000E+00    3.140000E-01
  8.435000E-01    9.755078E-01    8.435000E+00    3.130000E-01
  8.440000E-01    9.756640E-01    8.440000E+00    3.120000E-01
  8.445000E-01    9.758197E-01    8.445000E+00    3.110000E-01
  8.450000E-01    9.759750E-01    8.450000E+00    3.100000E-01
  8.455000E-01    9.761298E-01    8.455000E+00    3.090000E-01
  8.460000E-01    9.762840E-01    8.460000E+00    3.080000E-01
  8.465000E-01    9.764377E-01    8.465000E+00    3.070000E-01
  8.470000E-01    9.765910E-01    8.470000E+00    3.060000E-01
  8.475000E-01    9.767438E-01    8.475000E+00    3.050000E-01
  8.480000E-01    9.768960E-01    8.480000E+00    3.040000E-01
  8.485000E-01    9.770477E-01    8.485000E+00    3.030000E-01
  8.490000E-01    9.771990E-01    8.490000E+00    3.020000E-01
  8.495000E-01    9.773498E-01    8.495000E+00    3.010000E-01
  8.500000E-01    9.775000E-01    8.500000E+00    3.000000E-01
  8.505000E-01    9.776497E-01    8.505000E+00    2.990000E-01
  8.510000E-01    9.777990E-01    8.510000E+00    2.980000E-01
  8.515000E-01    9.779478E-01    8.515000E+00    2.970000E-01
  8.520000E-01    9.780960E-01    8.520000E+00    2.960000E-01
  8.525000E-01    9.782437E-01    8.525000E+00    2.950000E-01
  8.530000E-01    9.783910E-01    8.530000E+00    2.940000E-01
  8.535000E-01    9.785377E-01    8.535000E+00    2.930000E-01
  8.540000E-01    9.786840E-01    8.540000E+00    2.920000E-01
  8.545000E-01    9.788298E-01    8.545000E+00    2.910000E-01
  8.550000E-01    9.789750E-01    8.550000E+00    2.900000E-01
  8.555000E-01    9.791198E-01    8.555000E+00    2.890000E-01
  8.560000E-01    9.792640E-01    8.560000E+00    2.880000E-01
  8.565000E-01    9.794078E-01    8.565000E+00    2.870000E-01
  8.570000E-01    9.795510E-01    8.570000E+00    2.860000E-01
  8.575000E-01    9.796938E-01    8.575000E+00    2.850000E-01
  8.580000E-01    9.798360E-01    8.580000E+00    2.840000E-01
  8.585000E-01    9.799777E-01    8.585000E+00    2.830000E-01
  8.590000E-01    9.801190E-01    8.590000E+00    2.820000E-01
  8.595000E-01    9.802597E-01    8.595000E+00    2.810000E-01
  8.600000E-01    9.804000E-01    8.600000E+00    2.800000E-01
  8.605000E-01    9.805398E-01    8.605000E+00    2.790000E-01
  8.610000E-01    9.806790E-01    8.610000E+00    2.780000E-01
  8.615000E-01    9.808178E-01    8.615000E+00    2.770000E-01
  8.620000E-01    9.809560E-01    8.620000E+00    2.760000E-01
  8.625000E-01    9.810937E-01    8.625000E+00    2.750000E-01
  8.630000E-01    9.812310E-01    8.630000E+00    2.740000E-01
  8.635000E-01    9.813677E-01    8.635000E+00    2.730000E-01
  8.640000E-01    9.815040E-01    8.640000E+00    2.720000E-01
  8.645000E-01    9.816398E-01    8.645000E+00    2.710000E-01
  8.650000E-01    9.817750E-01    8.650000E+00    2.700000E-01
  8.655000E-01    9.819098E-01    8.655000E+00    2.690000E-01
  8.660000E-01    9.820440E-01    8.660000E+00    2.680000E-01
  8.665000E-01    9.821777E-01    8.665000E+00    2.670000E-01
  8.670000E-01    9.823110E-01    8.670000E+00    2.660000E-01
  8.675000E-01    9.824438E-01    8.675000E+00    2.650000E-01
  8.680000E-01    9.825760E-01    8.680000E+00    2.640000E-01
  8.685000E-01    9.827077E-01    8.685000E+00    2.630000E-01
  8.690000E-01    9.828390E-01    8.690000E+00    2.620000E-01
  8.695000E-01    9.829697E-01    8.695000E+00    2.610000E-01
  8.700000E-01    9.831000E-01    8.700000E+00    2.600000E-01
  8.705000E-01    9.832298E-01    8.705000E+00    2.590000E-01
  8.710000E-01    9.833590E-01    8.710000E+00    2.580000E-01
  8.715000E-01    9.834877E-01    8.715000E+00    2.570000E-01
  8.720000E-01    9.836160E-01    8.720000E+00    2.560000E-01
  8.725000E-01    9.837438E-01    8.725000E+00    2.550000E-01
  8.730000E-01    9.838710E-01    8.730000E+00    2.540000E-01
  8.735000E-01    9.839978E-01    8.735000E+00    2.530000E-01
  8.740000E-01    9.841240E-01    8.740000E+00    2.520000E-01
  8.745000E-01    9.842498E-01    8.745000E+00    2.510000E-01
  8.750000E-01    9.843750E-01    8.750000E+00    2.500000E-01
  8.755000E-01    9.844998E-01    8.755000E+00    2.490000E-01
  8.760000E-01    9.846240E-01    8.760000E+00    2.480000E-01
  8.765000E-01    9.847478E-01    8.765000E+00    2.470000E-01
  8.770000E-01    9.848710E-01    8.770000E+00    2.460000E-01
  8.775000E-01    9.849938E-01    8.775000E+00    2.450000E-01
  8.780000E-01    9.851160E-01    8.780000E+00    2.440000E-01
  8.785000E-01    9.852378E-01    8.785000E+00    2.430000E-01
  8.790000E-01    9.853590E-01    8.790000E+00    2.420000E-01
  8.795000E-01    9.854797E-01    8.795000E+00    2.410000E-01
  8.800000E-01    9.856000E-01    8.800000E+00    2.400000E-01
  8.805000E-01    9.857198E-01    8.805000E+00    2.390000E-01
  8.810000E-01    9.858390E-01    8.810000E+00    2.380000E-01
  8.815000E-01    9.859577E-01    8.815000E+00    2.370000E-01
  8.820000E-01    9.860760E-01    8.820000E+00    2.360000E-01
  8.825000E-01    9.861937E-01    8.825000E+00    2.350000E-01
  8.830000E-01    9.863110E-01    8.830000E+00    2.340000E-01
  8.835000E-01    9.864277E-01    8.835000E+00    2.330000E-01
  8.840000E-01    9.865440E-01    8.840000E+00    2.320000E-01
  8.845000E-01    9.866597E-01    8.845000E+00    2.310000E-01
  8.850000E-01    9.867750E-01    8.850000E+00    2.300000E-01
  8.855000E-01    9.868898E-01    8.855000E+00    2.290000E-01
  8.860000E-01    9.870040E-01    8.860000E+00    2.280000E-01
  8.865000E-01    9.871178E-01    8.865000E+00    2.270000E-01
  8.870000E-01    9.872310E-01    8.870000E+00    2.260000E-01
  8.875000E-01    9.873437E-01    8.875000E+00    2.250000E-01
  8.880000E-01    9.874560E-01    8.880000E+00    2.240000E-01
  8.885000E-01    9.875677E-01    8.885000E+00    2.230000E-01
  8.890000E-01    9.876790E-01    8.890000E+00    2.220000E-01
  8.895000E-01    9.877898E-01    8.895000E+00    2.210000E-01
  8.900000E-01    9.879000E-01    8.900000E+00    2.200000E-01
  8.905000E-01    9.880098E-01    8.905000E+00    2.190000E-01
  8.910000E-01    9.881190E-01    8.910000E+00    2.180000E-01
  8.915000E-01    9.882277E-01    8.915000E+00    2.170000E-01
  8.920000E-01    9.883360E-01    8.920000E+00    2.160000E-01
  8.925000E-01    9.884437E-01    8.925000E+00    2.150000E-01
  8.930000E-01    9.885510E-01    8.930000E+00    2.140000E-01
  8.935000E-01    9.886578E-01    8.935000E+00    2.130000E-01
  8.940000E-01    9.887640E-01    8.940000E+00    2.120000E-01
  8.945000E-01    9.888697E-01    8.945000E+00    2.110000E-01
  8.950000E-01    9.889750E-01    8.950000E+00    2.100000E-01
  8.955000E-01    9.890798E-01    8.955000E+00    2.090000E-01
  8.960000E-01    9.891840E-01    8.960000E+00    2.080000E-01
  8.965000E-01    9.892878E-01    8.965000E+00    2.070000E-01
  8.970000E-01    9.893910E-01    8.970000E+00    2.060000E-01
  8.975000E-01    9.894937E-01    8.975000E+00    2.050000E-01
  8.980000E-01    9.895960E-01    8.980000E+00    2.040000E-01
  8.985000E-01    9.896978E-01    8.985000E+00    2.030000E-01
  8.990000E-01    9.897990E-01    8.990000E+00    2.020000E-01
  8.995000E-01    9.898997E-01    8.995000E+00    2.010000E-01
  9.000000E-01    9.900000E-01    9.000000E+00    2.000000E-01
  9.005000E-01    9.900997E-01    9.005000E+00    1.990000E-01
  9.010000E-01    9.901990E-01    9.010000E+00    1.980000E-01
  9.015000E-01    9.902977E-01    9.015000E+00    1.970000E-01
  9.020000E-01    9.903960E-01    9.020000E+00    1.960000E-01
  9.025000E-01    9.904937E-01    9.025000E+00    1.950000E-01
  9.030000E-01    9.905910E-01    9.030000E+00    1.940000E-01
  9.035000E-01    9.906877E-01    9.035000E+00    1.930000E-01
  9.040000E-01    9.907840E-01    9.040000E+00    1.920000E-01
  9.045000E-01    9.908797E-01    9.045000E+00    1.910000E-01
  9.050000E-01    9.909750E-01    9.050000E+00    1.900000E-01
  9.055000E-01    9.910697E-01    9.055000E+00    1.890000E-01
  9.060000E-01    9.911640E-01    9.060000E+00    1.880000E-01
  9.065000E-01    9.912578E-01    9.065000E+00    1.870000E-01
  9.070000E-01    9.913510E-01    9.070000E+00    1.860000E-01
  9.075000E-01    9.914437E-01    9.075000E+00    1.850000E-01
  9.080000E-01    9.915360E-01    9.080000E+00    1.840000E-01
  9.085000E-01    9.916278E-01    9.085000E+00    1.830000E-01
  9.090000E-01    9.917190E-01    9.090000E+00    1.820000E-01
  9.095000E-01    9.918098E-01    9.095000E+00    1.810000E-01
  9.100000E-01    9.919000E-01    9.100000E+00    1.800000E-01
  9.105000E-01    9.919898E-01    9.105000E+00    1.790000E-01
  9.110000E-01    9.920790E-01    9.110000E+00    1.780000E-01
  9.115000E-01    9.921678E-01    9.115000E+00    1.770000E-01
  9.120000E-01    9.922560E-01    9.120000E+00    1.760000E-01
  9.125000E-01    9.923437E-01    9.125000E+00    1.750000E-01
  9.130000E-01    9.924310E-01    9.130000E+00    1.740000E-01
  9.135000E-01    9.925177E-01    9.135000E+00    1.730000E-01
  9.140000E-01    9.926040E-01    9.140000E+00    1.720000E-01
  9.145000E-01    9.926898E-01    9.145000E+00    1.710000E-01
  9.150000E-01    9.927750E-01    9.150000E+00    1.700000E-01
  9.155000E-01    9.928598E-01    9.155000E+00    1.690000E-01
  9.160000E-01    9.929440E-01    9.160000E+00    1.680000E-01
  9.165000E-01    9.930277E-01    9.165000E+00    1.670000E-01
  9.170000E-01    9.931110E-01    9.170000E+00    1.660000E-01
  9.175000E-01    9.931937E-01    9.175000E+00    1.650000E-01
  9.180000E-01    9.932760E-01    9.180000E+00    1.640000E-01
  9.185000E-01    9.933578E-01    9.185000E+00    1.630000E-01
  9.190000E-01    9.934390E-01    9.190000E+00    1.620000E-01
  9.195000E-01    9.935198E-01    9.195000E+00    1.610000E-01
  9.200000E-01    9.936000E-01    9.200000E+00    1.600000E-01
  9.205000E-01    9.936797E-01    9.205000E+00    1.590000E-01
  9.210000E-01    9.937590E-01    9.210000E+00    1.580000E-01
  9.215000E-01    9.938377E-01    9.215000E+00    1.570000E-01
  9.220000E-01    9.939160E-01    9.220000E+00    1.560000E-01
  9.225000E-01    9.939938E-01    9.225000E+00    1.550000E-01
  9.230000E-01    9.940710E-01    9.230000E+00    1.540000E-01
  9.235000E-01    9.941477E-01    9.235000E+00    1.530000E-01
  9.240000E-01    9.942240E-01    9.240000E+00    1.520000E-01
  9.245000E-01    9.942998E-01    9.245000E+00    1.510000E-01
  9.250000E-01    9.943750E-01    9.250000E+00    1.500000E-01
  9.255000E-01    9.944498E-01    9.255000E+00    1.490000E-01
  9.260000E-01    9.945240E-01    9.260000E+00    1.480000E-01
  9.265000E-01    9.945977E-01    9.265000E+00    1.470000E-01
  9.270000E-01    9.946710E-01    9.270000E+00    1.460000E-01
  9.275000E-01    9.947438E-01    9.275000E+00    1.450000E-01
  9.280000E-01    9.948160E-01    9.280000E+00    1.440000E-01
  9.285000E-01    9.948877E-01    9.285000E+00    1.430000E-01
  9.290000E-01    9.949590E-01    9.290000E+00    1.420000E-01
  9.295000E-01    9.950298E-01    9.295000E+00    1.410000E-01
  9.300000E-01    9.951000E-01    9.300000E+00    1.400000E-01
  9.305000E-01    9.951697E-01    9.305000E+00    1.390000E-01
  9.310000E-01    9.952390E-01    9.310000E+00    1.380000E-01
  9.315000E-01    9.953078E-01    9.315000E+00    1.370000E-01
  9.320000E-01    9.953760E-01    9.320000E+00    1.360000E-01
  9.325000E-01    9.954437E-01    9.325000E+00    1.350000E-01
  9.330000E-01    9.955110E-01    9.330000E+00    1.340000E-01
  9.335000E-01    9.955778E-01    9.335000E+00    1.330000E-01
  9.340000E-01    9.956440E-01    9.340000E+00    1.320000E-01
  9.345000E-01    9.957097E-01    9.345000E+00    1.310000E-01
  9.350000E-01    9.957750E-01    9.350000E+00    1.300000E-01
  9.355000E-01    9.958398E-01    9.355000E+00    1.290000E-01
  9.360000E-01    9.959040E-01    9.360000E+00    1.280000E-01
  9.365000E-01    9.959678E-01    9.365000E+00    1.270000E-01
  9.370000E-01    9.960310E-01    9.370000E+00    1.260000E-01
  9.375000E-01    9.960938E-01    9.375000E+00    1.250000E-01
  9.380000E-01    9.961560E-01    9.380000E+00    1.240000E-01
  9.385000E-01    9.962178E-01    9.385000E+00    1.230000E-01
  9.390000E-01    9.962790E-01    9.390000E+00    1.220000E-01
  9.395000E-01    9.963397E-01    9.395000E+00    1.210000E-01
  9.400000E-01    9.964000E-01    9.400000E+00    1.200000E-01
  9.405000E-01    9.964597E-01    9.405000E+00    1.190000E-01
  9.410000E-01    9.965190E-01    9.410000E+00    1.180000E-01
  9.415000E-01    9.965778E-01    9.415000E+00    1.170000E-01
  9.420000E-01    9.966360E-01    9.420000E+00    1.160000E-01
  9.425000E-01    9.966938E-01    9.425000E+00    1.150000E-01
  9.430000E-01    9.967510E-01    9.430000E+00    1.140000E-01
  9.435000E-01    9.968077E-01    9.435000E+00    1.130000E-01
  9.440000E-01    9.968640E-01    9.440000E+00    1.120000E-01
  9.445000E-01    9.969197E-01    9.445000E+00    1.110000E-01
  9.450000E-01    9.969750E-01    9.450000E+00    1.100000E-01
  9.455000E-01    9.970298E-01    9.455000E+00    1.090000E-01
  9.460000E-01    9.970840E-01    9.460000E+00    1.080000E-01
  9.465000E-01    9.971378E-01    9.465000E+00    1.070000E-01
  9.470000E-01    9.971910E-01    9.470000E+00    1.060000E-01
  9.475000E-01    9.972437E-01    9.475000E+00    1.050000E-01
  9.480000E-01    9.972960E-01    9.480000E+00    1.040000E-01
  9.485000E-01    9.973477E-01    9.485000E+00    1.030000E-01
  9.490000E-01    9.973990E-01    9.490000E+00    1.020000E-01
  9.495000E-01    9.974498E-01    9.495000E+00    1.010000E-01
  9.500000E-01    9.975000E-01    9.500000E+00    1.000000E-01
  9.505000E-01    9.975498E-01    9.505000E+00    9.900000E-02
  9.510000E-01    9.975990E-01    9.510000E+00    9.800000E-02
  9.515000E-01    9.976478E-01    9.515000E+00    9.700000E-02
  9.520000E-01    9.976960E-01    9.520000E+00    9.600000E-02
  9.525000E-01    9.977438E-01    9.525000E+00    9.500000E-02
  9.530000E-01    9.977910E-01    9.530000E+00    9.400000E-02
  9.535000E-01    9.978377E-01    9.535000E+00    9.300000E-02
  9.540000E-01    9.978840E-01    9.540000E+00    9.200000E-02
  9.545000E-01    9.979297E-01    9.545000E+00    9.100000E-02
  9.550000E-01    9.979750E-01    9.550000E+00    9.000000E-02
  9.555000E-01    9.980197E-01    9.555000E+00    8.900000E-02
  9.560000E-01    9.980640E-01    9.560000E+00    8.800000E-02
  9.565000E-01    9.981077E-01    9.565000E+00    8.700000E-02
  9.570000E-01    9.981510E-01    9.570000E+00    8.600000E-02
  9.575000E-01    9.981937E-01    9.575000E+00    8.500000E-02
  9.580000E-01    9.982360E-01    9.580000E+00    8.400000E-02
  9.585000E-01    9.982777E-01    9.585000E+00    8.300000E-02
  9.590000E-01    9.983190E-01    9.590000E+00    8.200000E-02
  9.595000E-01    9.983597E-01    9.595000E+00    8.100000E-02
  9.600000E-01    9.984000E-01    9.600000E+00    8.000000E-02
  9.605000E-01    9.984397E-01    9.605000E+00    7.900000E-02
  9.610000E-01    9.984790E-01    9.610000E+00    7.800000E-02
  9.615000E-01    9.985177E-01    9.615000E+00    7.700000E-02
  9.620000E-01    9.985560E-01    9.620000E+00    7.600000E-02
  9.625000E-01    9.985937E-01    9.625000E+00    7.500000E-02
  9.630000E-01    9.986310E-01    9.630000E+00    7.400000E-02
  9.635000E-01    9.986677E-01    9.635000E+00    7.300000E-02
  9.640000E-01    9.987040E-01    9.640000E+00    7.200000E-02
  9.645000E-01    9.987398E-01    9.645000E+00    7.100000E-02
  9.650000E-01    9.987750E-01    9.650000E+00    7.000000E-02
  9.655000E-01    9.988098E-01    9.655000E+00    6.900000E-02
  9.660000E-01    9.988440E-01    9.660000E+00    6.800000E-02
  9.665000E-01    9.988778E-01    9.665000E+00    6.700000E-02
  9.670000E-01    9.989110E-01    9.670000E+00    6.600000E-02
  9.675000E-01    9.989438E-01    9.675000E+00    6.500000E-02
  9.680000E-01    9.989760E-01    9.680000E+00    6.400000E-02
  9.685000E-01    9.990077E-01    9.685000E+00    6.300000E-02
  9.690000E-01    9.990390E-01    9.690000E+00    6.200000E-02
  9.695000E-01    9.990697E-01    9.695000E+00    6.100000E-02
  9.700000E-01    9.991000E-01    9.700000E+00    6.000000E-02
  9.705000E-01    9.991298E-01    9.705000E+00    5.900000E-02
  9.710000E-01    9.991590E-01    9.710000E+00    5.800000E-02
  9.715000E-01    9.991878E-01    9.715000E+00    5.700000E-02
  9.720000E-01    9.992160E-01    9.720000E+00    5.600000E-02
  9.725000E-01    9.992437E-01    9.725000E+00    5.500000E-02
  9.730000E-01    9.992710E-01    9.730000E+00    5.400000E-02
  9.735000E-01    9.992977E-01    9.735000E+00    5.300000E-02
  9.740000E-01    9.993240E-01    9.740000E+00    5.200000E-02
  9.745000E-01    9.993498E-01    9.745000E+00    5.100000E-02
  9.750000E-01    9.993750E-01    9.750000E+00    5.000000E-02
  9.755000E-01    9.993998E-01    9.755000E+00    4.900000E-02
  9.760000E-01    9.994240E-01    9.760000E+00    4.800000E-02
  9.765000E-01    9.994477E-01    9.765000E+00    4.700000E-02
  9.770000E-01    9.994710E-01    9.770000E+00    4.600000E-02
  9.775000E-01    9.994937E-01    9.775000E+00    4.500000E-02
  9.780000E-01    9.995160E-01    9.780000E+00    4.400000E-02
  9.785000E-01    9.995378E-01    9.785000E+00    4.300000E-02
  9.790000E-01    9.995590E-01    9.790000E+00    4.200000E-02
  9.795000E-01    9.995797E-01    9.795000E+00    4.100000E-02
  9.800000E-01    9.996000E-01    9.800000E+00    4.000000E-02
  9.805000E-01    9.996198E-01    9.805000E+00    3.900000E-02
  9.810000E-01    9.996390E-01    9.810000E+00    3.800000E-02
  9.815000E-01    9.996578E-01    9.815000E+00    3.700000E-02
  9.820000E-01    9.996760E-01    9.820000E+00    3.600000E-02
  9.825000E-01    9.996938E-01    9.825000E+00    3.500000E-02
  9.830000E-01    9.997110E-01    9.830000E+00    3.400000E-02
  9.835000E-01    9.997278E-01    9.835000E+00    3.300000E-02
  9.840000E-01    9.997440E-01    9.840000E+00    3.200000E-02
  9.845000E-01    9.997597E-01    9.845000E+00    3.100000E-02
  9.850000E-01    9.997750E-01    9.850000E+00    3.000000E-02
  9.855000E-01    9.997898E-01    9.855000E+00    2.900000E-02
  9.860000E-01    9.998040E-01    9.860000E+00    2.800000E-02
  9.865000E-01    9.998177E-01    9.865000E+00    2.700000E-02
  9.870000E-01    9.998310E-01    9.870000E+00    2.600000E-02
  9.875000E-01    9.998438E-01    9.875000E+00    2.500000E-02
  9.880000E-01    9.998560E-01    9.880000E+00    2.400000E-02
  9.885000E-01    9.998678E-01    9.885000E+00    2.300000E-02
  9.890000E-01    9.998790E-01    9.890000E+00    2.200000E-02
  9.895000E-01    9.998898E-01    9.895000E+00    2.100000E-02
  9.900000E-01    9.999000E-01    9.900000E+00    2.000000E-02
  9.905000E-01    9.999098E-01    9.905000E+00    1.900000E-02
  9.910000E-01    9.999190E-01    9.910000E+00    1.800000E-02
  9.915000E-01    9.999278E-01    9.915000E+00    1.700000E-02
  9.920000E-01    9.999360E-01    9.920000E+00    1.600000E-02
  9.925000E-01    9.999438E-01    9.925000E+00    1.500000E-02
  9.930000E-01    9.999510E-01    9.930000E+00    1.400000E-02
  9.935000E-01    9.999577E-01    9.935000E+00    1.300000E-02
  9.940000E-01    9.999640E-01    9.940000E+00    1.200000E-02
  9.945000E-01    9.999697E-01    9.945000E+00    1.100000E-02
  9.950000E-01    9.999750E-01    9.950000E+00    1.000000E-02
  9.955000E-01    9.999797E-01    9.955000E+00    9.000000E-03
  9.960000E-01    9.999840E-01    9.960000E+00    8.000000E-03
  9.965000E-01    9.999877E-01    9.965000E+00    7.000000E-03
  9.970000E-01    9.999910E-01    9.970000E+00    6.000000E-03
  9.975000E-01    9.999938E-01    9.975000E+00    5.000000E-03
  9.980000E-01    9.999960E-01    9.980000E+00    4.000000E-03
  9.985000E-01    9.999978E-01    9.985000E+00    3.000000E-03
  9.990000E-01    9.999990E-01    9.990000E+00    2.000000E-03
  9.995000E-01    9.999997E-01    9.995000E+00    1.000000E-03
  1.000000E+00    1.000000E+00    1.000000E+01    0.000000E+00
