    0.100000000000000E-03    0.431452854671444E-04    0.315409069601416E-09    0.394798069760860E-04    0.481049944934441E-04
    0.200000000000000E-03    0.762220595360530E-04    0.556960175976016E-09    0.699045346058524E-04    0.841233104612645E-04
    0.300000000000000E-03    0.108289948083301E-03    0.729532655131409E-09    0.990485058436195E-04    0.118726147722457E-03
    0.400000000000000E-03    0.140255221249464E-03    0.867596025037032E-09    0.127936411412609E-03    0.153056218283840E-03
    0.500000000000000E-03    0.172208439676509E-03    0.982342478099985E-09    0.156709140974135E-03    0.187261147992578E-03
    0.600000000000000E-03    0.204158755683394E-03    0.107901124834493E-08    0.185401397010861E-03    0.221378841993592E-03
    0.700000000000000E-03    0.236107119830920E-03    0.116119951594526E-08    0.214030867379257E-03    0.255429317679054E-03
    0.800000000000000E-03    0.268053668041674E-03    0.123170750528631E-08    0.242609561125048E-03    0.289426120352442E-03
    0.900000000000000E-03    0.299998424462105E-03    0.129277545733009E-08    0.271146259833292E-03    0.323379018566711E-03
    0.100000000000000E-02    0.331941377376623E-03    0.135403991755594E-08    0.299647616727812E-03    0.357295276805406E-03
    0.110000000000000E-02    0.363882502007202E-03    0.148253322499475E-08    0.328118732246762E-03    0.391180428717549E-03
    0.120000000000000E-02    0.395821772987373E-03    0.161116491417589E-08    0.356563623894810E-03    0.425038778541239E-03
    0.130000000000000E-02    0.427759169976048E-03    0.174005887069343E-08    0.384985514178194E-03    0.458873736360317E-03
    0.140000000000000E-02    0.459694679559350E-03    0.186931746816421E-08    0.413387021647112E-03    0.492688047980613E-03
    0.150000000000000E-02    0.491628295327122E-03    0.199901511309965E-08    0.441770302537631E-03    0.526483956195464E-03
    0.160000000000000E-02    0.523560017067278E-03    0.212920319445755E-08    0.470137153492724E-03    0.560263316304528E-03
    0.170000000000000E-02    0.555489849380397E-03    0.225992051841049E-08    0.498489087390956E-03    0.594027680433868E-03
    0.180000000000000E-02    0.587417800606709E-03    0.239119059332164E-08    0.526827390255414E-03    0.627778360217092E-03
    0.190000000000000E-02    0.619343881719015E-03    0.252302551590597E-08    0.555153164593912E-03    0.661516474092389E-03
    0.200000000000000E-02    0.651268105444789E-03    0.265542733446693E-08    0.583467362862218E-03    0.695242983532769E-03
    0.210000000000000E-02    0.683190485445972E-03    0.278839416155865E-08    0.611770813621156E-03    0.728958721149968E-03
    0.220000000000000E-02    0.715111035904819E-03    0.292191569479330E-08    0.640064242227098E-03    0.762664412794682E-03
    0.230000000000000E-02    0.747029771024798E-03    0.305597767326692E-08    0.668348287360930E-03    0.796360695084978E-03
    0.240000000000000E-02    0.778946704662021E-03    0.319056572534884E-08    0.696623514365539E-03    0.830048129474444E-03
    0.250000000000000E-02    0.810861850259701E-03    0.332565991708254E-08    0.724890426110289E-03    0.863727213666567E-03
    0.260000000000000E-02    0.842775220536971E-03    0.350214567439259E-08    0.753149471901629E-03    0.897398390905686E-03
    0.270000000000000E-02    0.874686827561221E-03    0.368325636291545E-08    0.781401054862359E-03    0.931062057664237E-03
    0.280000000000000E-02    0.906596682563415E-03    0.386547166164322E-08    0.809645538071653E-03    0.964718569986209E-03
    0.290000000000000E-02    0.938504795998951E-03    0.404873457962293E-08    0.837883249719344E-03    0.998368248810914E-03
    0.300000000000000E-02    0.970411177534104E-03    0.423299360590337E-08    0.866114487452481E-03    0.103201138443587E-02
    0.310000000000000E-02    0.100231583606696E-02    0.441820204817579E-08    0.894339522064124E-03    0.106564824029404E-02
    0.320000000000000E-02    0.103421877977538E-02    0.460431803981040E-08    0.922558600640749E-03    0.109927905616735E-02
    0.330000000000000E-02    0.106612001608952E-02    0.479130168254208E-08    0.950771949258624E-03    0.113290405092493E-02
    0.340000000000000E-02    0.109801955184875E-02    0.497911881131633E-08    0.978979775311108E-03    0.116652342489464E-02
    0.350000000000000E-02    0.112991739324713E-02    0.516773695251256E-08    0.100718226951697E-02    0.120013736188539E-02
    0.360000000000000E-02    0.116181354589545E-02    0.535712578549733E-08    0.103537960766792E-02    0.123374603095460E-02
    0.370000000000000E-02    0.119370801492345E-02    0.554725894080302E-08    0.106357195215401E-02    0.126734958794858E-02
    0.380000000000000E-02    0.122560080492861E-02    0.573811037270762E-08    0.109175945329519E-02    0.130094817683207E-02
    0.390000000000000E-02    0.125749192011989E-02    0.592965802336325E-08    0.111994225051551E-02    0.133454193087634E-02
    0.400000000000000E-02    0.128938136425357E-02    0.612188065359611E-08    0.114812047337005E-02    0.136813097368213E-02
    0.410000000000000E-02    0.132126914014163E-02    0.631473474900602E-08    0.117629424246718E-02    0.140171542002748E-02
    0.420000000000000E-02    0.135315525209139E-02    0.650824737669203E-08    0.120446367029732E-02    0.143529537695516E-02
    0.430000000000000E-02    0.138503970226478E-02    0.670238016332551E-08    0.123262886188884E-02    0.146887094405192E-02
    0.440000000000000E-02    0.141692249312616E-02    0.689711631301437E-08    0.126078991551544E-02    0.150244221440056E-02
    0.450000000000000E-02    0.144880362694411E-02    0.709244231101911E-08    0.128894692324351E-02    0.153600927506172E-02
    0.460000000000000E-02    0.148068310572401E-02    0.728834440326402E-08    0.131709997144932E-02    0.156957220757886E-02
    0.470000000000000E-02    0.151256093126959E-02    0.748481000806374E-08    0.134524914128242E-02    0.160313108844159E-02
    0.480000000000000E-02    0.154443710521169E-02    0.768182793568380E-08    0.137339450908205E-02    0.163668598949708E-02
    0.490000000000000E-02    0.157631162900127E-02    0.787938741577303E-08    0.140153614675212E-02    0.167023697831777E-02
    0.500000000000000E-02    0.160818450392640E-02    0.807747809665231E-08    0.142967412210080E-02    0.170378411853631E-02
    0.510000000000000E-02    0.164005573115982E-02    0.827609117057800E-08    0.145780849914919E-02    0.173732747015143E-02
    0.520000000000000E-02    0.167192531173888E-02    0.847521807774633E-08    0.148593933840964E-02    0.177086708979804E-02
    0.530000000000000E-02    0.170379324658858E-02    0.867485089519151E-08    0.151406669714009E-02    0.180440303099797E-02
    0.540000000000000E-02    0.173565953652250E-02    0.887498192212737E-08    0.154219062957513E-02    0.183793534438521E-02
    0.550000000000000E-02    0.176752418229360E-02    0.907560512427484E-08    0.157031118713829E-02    0.187146407791659E-02
    0.560000000000000E-02    0.179938718453177E-02    0.927671346821599E-08    0.159842841863305E-02    0.190498927705199E-02
    0.570000000000000E-02    0.183124854383285E-02    0.947830190030521E-08    0.162654237042174E-02    0.193851098493615E-02
    0.580000000000000E-02    0.186310826068627E-02    0.968036433356420E-08    0.165465308658533E-02    0.197202924254653E-02
    0.590000000000000E-02    0.189496633556037E-02    0.988289656163322E-08    0.168276060907430E-02    0.200554408884731E-02
    0.600000000000000E-02    0.192682276883097E-02    0.100858933363822E-07    0.171086497784333E-02    0.203905556091264E-02
    0.610000000000000E-02    0.195867756086308E-02    0.102893511938730E-07    0.173896623097927E-02    0.207256369405780E-02
    0.620000000000000E-02    0.199053071194094E-02    0.104932656322807E-07    0.176706440481520E-02    0.210606852194236E-02
    0.630000000000000E-02    0.202238222234602E-02    0.106976338418035E-07    0.179515953403965E-02    0.213957007668252E-02
    0.640000000000000E-02    0.205423209228894E-02    0.109024519872861E-07    0.182325165179369E-02    0.217306838893788E-02
    0.650000000000000E-02    0.208608032197529E-02    0.111077175291139E-07    0.185134078976435E-02    0.220656348800735E-02
    0.660000000000000E-02    0.211792691158244E-02    0.113134281668284E-07    0.187942697826883E-02    0.224005540190683E-02
    0.670000000000000E-02    0.214977186123679E-02    0.115195809303839E-07    0.190751024633260E-02    0.227354415744266E-02
    0.680000000000000E-02    0.218161517107608E-02    0.117261743538503E-07    0.193559062176424E-02    0.230702978028832E-02
    0.690000000000001E-02    0.221345684118503E-02    0.119332059713405E-07    0.196366813122166E-02    0.234051229504147E-02
    0.700000000000001E-02    0.224529687165501E-02    0.121406744654921E-07    0.199174280027696E-02    0.237399172529151E-02
    0.710000000000001E-02    0.227713526256143E-02    0.123485786943549E-07    0.201981465347476E-02    0.240746809367214E-02
    0.720000000000001E-02    0.230897201394204E-02    0.125569168590759E-07    0.204788371438656E-02    0.244094142191176E-02
    0.730000000000001E-02    0.234080712584572E-02    0.127656882356649E-07    0.207595000566337E-02    0.247441173088753E-02
    0.740000000000001E-02    0.237264059831035E-02    0.129748922460298E-07    0.210401354908304E-02    0.250787904066746E-02
    0.750000000000001E-02    0.240447243134151E-02    0.131845276624532E-07    0.213207436559449E-02    0.254134337055109E-02
    0.760000000000001E-02    0.243630262495898E-02    0.133945942692884E-07    0.216013247536093E-02    0.257480473911415E-02
    0.770000000000001E-02    0.246813117917513E-02    0.136050919732698E-07    0.218818789779860E-02    0.260826316424256E-02
    0.780000000000001E-02    0.249995809397429E-02    0.138160200426728E-07    0.221624065161301E-02    0.264171866316533E-02
    0.790000000000001E-02    0.253178336935693E-02    0.140273787010299E-07    0.224429075483479E-02    0.267517125249202E-02
    0.800000000000001E-02    0.256360700531881E-02    0.142391682747945E-07    0.227233822485154E-02    0.270862094824018E-02
    0.810000000000001E-02    0.259542900183090E-02    0.144513884654216E-07    0.230038307843786E-02    0.274206776586229E-02
    0.820000000000001E-02    0.262724935888162E-02    0.146640398778327E-07    0.232842533178519E-02    0.277551172027736E-02
    0.830000000000001E-02    0.265906807645657E-02    0.148771232040319E-07    0.235646500052831E-02    0.280895282589324E-02
    0.840000000000000E-02    0.269088515451920E-02    0.150906385260824E-07    0.238450209977028E-02    0.284239109662883E-02
    0.850000000000000E-02    0.272270059305107E-02    0.153045867819526E-07    0.241253664410754E-02    0.287582654594093E-02
    0.860000000000000E-02    0.275451439203236E-02    0.155189689833691E-07    0.244056864765203E-02    0.290925918684249E-02
    0.870000000000000E-02    0.278632655142318E-02    0.157337855485875E-07    0.246859812405209E-02    0.294268903192102E-02
    0.880000000000000E-02    0.281813707120204E-02    0.159490377078978E-07    0.249662508651370E-02    0.297611609336160E-02
    0.890000000000000E-02    0.284994595134709E-02    0.161647267540884E-07    0.252464954781908E-02    0.300954038296189E-02
    0.900000000000000E-02    0.288175319181809E-02    0.163808534043385E-07    0.255267152034423E-02    0.304296191214743E-02
    0.910000000000000E-02    0.291355879270441E-02    0.165974193575318E-07    0.258069101607729E-02    0.307638069199212E-02
    0.920000000000000E-02    0.294536275401778E-02    0.168144255132454E-07    0.260870804663336E-02    0.310979673322755E-02
    0.930000000000000E-02    0.297716507558872E-02    0.170318735108484E-07    0.263672262327102E-02    0.314321004626229E-02
    0.940000000000000E-02    0.300896575739698E-02    0.172497650381196E-07    0.266473475690644E-02    0.317662064119268E-02
    0.950000000000000E-02    0.304076479940632E-02    0.174681012461232E-07    0.269274445812671E-02    0.321002852781425E-02
    0.960000000000000E-02    0.307256220159831E-02    0.176868839856748E-07    0.272075173720389E-02    0.324343371563754E-02
    0.970000000000000E-02    0.310435796395560E-02    0.179061151489597E-07    0.274875660410708E-02    0.327683621389719E-02
    0.980000000000000E-02    0.313615208644585E-02    0.181257961089343E-07    0.277675906851372E-02    0.331023603156148E-02
    0.990000000000000E-02    0.316794456905415E-02    0.183459289046549E-07    0.280475913982186E-02    0.334363317734635E-02
    0.100000000000000E-01    0.319973541176688E-02    0.185665156105290E-07    0.283275682716039E-02    0.337702765972284E-02
    0.101000000000000E-01    0.323152461455636E-02    0.187875577995764E-07    0.286075213939880E-02    0.341041948692529E-02
    0.102000000000000E-01    0.326331217741183E-02    0.190090576794021E-07    0.288874508515783E-02    0.344380866696365E-02
    0.103000000000000E-01    0.329509810032395E-02    0.192310174878237E-07    0.291673567281827E-02    0.347719520762973E-02
    0.104000000000000E-01    0.332688238327014E-02    0.194534389788794E-07    0.294472391052939E-02    0.351057911650416E-02
    0.105000000000000E-01    0.335866502624413E-02    0.196763245117094E-07    0.297270980621819E-02    0.354396040096732E-02
    0.106000000000000E-01    0.339044602924122E-02    0.198996764710230E-07    0.300069336759708E-02    0.357733906820459E-02
    0.107000000000000E-01    0.342222539224411E-02    0.201234967752810E-07    0.302867460217112E-02    0.361071512521226E-02
    0.108000000000000E-01    0.345400311525126E-02    0.203477879198481E-07    0.305665351724615E-02    0.364408857880734E-02
    0.109000000000000E-01    0.348577919826270E-02    0.205725524225443E-07    0.308463011993548E-02    0.367745943563192E-02
    0.110000000000000E-01    0.351755364126650E-02    0.207977923515079E-07    0.311260441716612E-02    0.371082770215822E-02
    0.111000000000000E-01    0.354932644426589E-02    0.210235103255640E-07    0.314057641568603E-02    0.374419338469742E-02
    0.112000000000000E-01    0.358109760726566E-02    0.212497089825401E-07    0.316854612206984E-02    0.377755648940334E-02
    0.113000000000000E-01    0.361286713025920E-02    0.214763905277295E-07    0.319651354272439E-02    0.381091702227669E-02
    0.114000000000000E-01    0.364463501325447E-02    0.217035576919324E-07    0.322447868389506E-02    0.384427498917314E-02
    0.115000000000000E-01    0.367640125626095E-02    0.219312132221845E-07    0.325244155167084E-02    0.387763039580630E-02
    0.116000000000000E-01    0.370816585927723E-02    0.221593594493081E-07    0.328040215198909E-02    0.391098324775146E-02
    0.117000000000000E-01    0.373992882254370E-02    0.223879992059889E-07    0.330836049064126E-02    0.394433355045284E-02
    0.118000000000000E-01    0.377169014658017E-02    0.226171353387108E-07    0.333631657327723E-02    0.397768130922611E-02
    0.119000000000000E-01    0.380344983067809E-02    0.228467702936441E-07    0.336427040540959E-02    0.401102652926161E-02
    0.120000000000000E-01    0.383520787485473E-02    0.230769069967924E-07    0.339222199241867E-02    0.404436921563092E-02
    0.121000000000000E-01    0.386696427912485E-02    0.233075482478103E-07    0.342017133955629E-02    0.407770937328863E-02
    0.122000000000000E-01    0.389871904350860E-02    0.235386970175092E-07    0.344811845195001E-02    0.411104700707706E-02
    0.123000000000000E-01    0.393047216801582E-02    0.237703558889641E-07    0.347606333460662E-02    0.414438212172807E-02
    0.124000000000000E-01    0.396222365266949E-02    0.240025279016231E-07    0.350400599241644E-02    0.417771472186908E-02
    0.125000000000000E-01    0.399397349749390E-02    0.242352161045136E-07    0.353194643015668E-02    0.421104481202466E-02
    0.126000000000000E-01    0.402572170250348E-02    0.244684231760819E-07    0.355988465249447E-02    0.424437239661880E-02
    0.127000000000000E-01    0.405746826772517E-02    0.247021522316399E-07    0.358782066399090E-02    0.427769747998029E-02
    0.128000000000000E-01    0.408921319318721E-02    0.249364063946489E-07    0.361575446910382E-02    0.431102006634414E-02
    0.129000000000000E-01    0.412095647890834E-02    0.251711884324623E-07    0.364368607711589E-02    0.434434015985343E-02
    0.130000000000000E-01    0.415269812491928E-02    0.254065015303751E-07    0.367161556882382E-02    0.437765776857223E-02
    0.131000000000000E-01    0.418443813125198E-02    0.256423488803277E-07    0.369954286910974E-02    0.441097299740378E-02
    0.132000000000000E-01    0.421617649792927E-02    0.258787333322799E-07    0.372746798206486E-02    0.444428574794786E-02
    0.133000000000000E-01    0.424791322498545E-02    0.261156581362926E-07    0.375539091169176E-02    0.447759602403147E-02
    0.134000000000000E-01    0.427964831245598E-02    0.263531265475625E-07    0.378331166190663E-02    0.451090382940302E-02
    0.135000000000000E-01    0.431138176036753E-02    0.265911414934785E-07    0.381123023654138E-02    0.454420916773369E-02
    0.136000000000000E-01    0.434311356875778E-02    0.268297062834801E-07    0.383914663934671E-02    0.457751204262179E-02
    0.137000000000000E-01    0.437484373766546E-02    0.270688242318021E-07    0.386706087399399E-02    0.461081245759344E-02
    0.138000000000000E-01    0.440657226712092E-02    0.273084983374544E-07    0.389497294407728E-02    0.464411041610379E-02
    0.139000000000000E-01    0.443829915716498E-02    0.275487319653838E-07    0.392288285311595E-02    0.467740592154105E-02
    0.140000000000000E-01    0.447002440783947E-02    0.277895284844535E-07    0.395079060455654E-02    0.471069897722702E-02
    0.141000000000000E-01    0.450174801917816E-02    0.280308909611213E-07    0.397869620177438E-02    0.474398958641817E-02
    0.142000000000000E-01    0.453346999122485E-02    0.282728228118063E-07    0.400659964807613E-02    0.477727775230935E-02
    0.143000000000000E-01    0.456519032402427E-02    0.285153274563438E-07    0.403450094670135E-02    0.481056347803422E-02
    0.144000000000000E-01    0.459690901761341E-02    0.287584080241112E-07    0.406240010082399E-02    0.484384676666617E-02
    0.145000000000000E-01    0.462862607203887E-02    0.290020679796682E-07    0.409029711355471E-02    0.487712762122180E-02
    0.146000000000000E-01    0.466034148734810E-02    0.292463107899764E-07    0.411819198794223E-02    0.491040604466119E-02
    0.147000000000000E-01    0.469205526358112E-02    0.294911396439436E-07    0.414608472697474E-02    0.494368203988878E-02
    0.148000000000000E-01    0.472376740078714E-02    0.297365580512592E-07    0.417397533358198E-02    0.497695560975651E-02
    0.149000000000000E-01    0.475547789901616E-02    0.299825695228671E-07    0.420186381063646E-02    0.501022675706412E-02
    0.150000000000000E-01    0.478718675831106E-02    0.302291773034327E-07    0.422975016095473E-02    0.504349548455979E-02
    0.151000000000000E-01    0.481889397872349E-02    0.304763849447713E-07    0.425763438729926E-02    0.507676179494320E-02
    0.152000000000000E-01    0.485059956030584E-02    0.307241959995665E-07    0.428551649237957E-02    0.511002569086563E-02
    0.153000000000000E-01    0.488230350310369E-02    0.309726137651623E-07    0.431339647885335E-02    0.514328717493062E-02
    0.154000000000000E-01    0.491400580717096E-02    0.312216418323884E-07    0.434127434932821E-02    0.517654624969673E-02
    0.155000000000000E-01    0.494570647256231E-02    0.314712837935461E-07    0.436915010636268E-02    0.520980291767766E-02
    0.156000000000000E-01    0.497740549932580E-02    0.317215429952991E-07    0.439702375246720E-02    0.524305718134277E-02
    0.157000000000000E-01    0.500910288751752E-02    0.319724230657250E-07    0.442489529010577E-02    0.527630904311970E-02
    0.158000000000000E-01    0.504079863719423E-02    0.322239276338537E-07    0.445276472169683E-02    0.530955850539442E-02
    0.159000000000000E-01    0.507249274840637E-02    0.324760600931013E-07    0.448063204961414E-02    0.534280557051166E-02
    0.160000000000000E-01    0.510418522121203E-02    0.327288241067994E-07    0.450849727618833E-02    0.537605024077741E-02
    0.161000000000000E-01    0.513587605566993E-02    0.329822233387354E-07    0.453636040370767E-02    0.540929251845887E-02
    0.162000000000000E-01    0.516756525183276E-02    0.332362612268634E-07    0.456422143441889E-02    0.544253240578486E-02
    0.163000000000000E-01    0.519925280976048E-02    0.334909414672548E-07    0.459208037052855E-02    0.547576990494815E-02
    0.164000000000000E-01    0.523093872951367E-02    0.337462677566586E-07    0.461993721420384E-02    0.550900501810537E-02
    0.165000000000000E-01    0.526262301114710E-02    0.340022435753822E-07    0.464779196757320E-02    0.554223774737740E-02
    0.166000000000000E-01    0.529430565472251E-02    0.342588726505905E-07    0.467564463272771E-02    0.557546809485148E-02
    0.167000000000000E-01    0.532598666030017E-02    0.345161586377493E-07    0.470349521172162E-02    0.560869606258100E-02
    0.168000000000000E-01    0.535766602794294E-02    0.347741052773928E-07    0.473134370657336E-02    0.564192165258677E-02
    0.169000000000000E-01    0.538934375770813E-02    0.350327161009333E-07    0.475919011926609E-02    0.567514486685687E-02
    0.170000000000000E-01    0.542101984965971E-02    0.352919948761694E-07    0.478703445174886E-02    0.570836570734881E-02
    0.171000000000000E-01    0.545269430386217E-02    0.355519453708781E-07    0.481487670593723E-02    0.574158417598930E-02
    0.172000000000000E-01    0.548436712037463E-02    0.358125711537762E-07    0.484271688371377E-02    0.577480027467451E-02
    0.173000000000000E-01    0.551603829926258E-02    0.360738760202959E-07    0.487055498692923E-02    0.580801400527200E-02
    0.174000000000000E-01    0.554770784059202E-02    0.363358637656688E-07    0.489839101740301E-02    0.584122536962055E-02
    0.174999999999999E-01    0.557937574442377E-02    0.365985379948553E-07    0.492622497692368E-02    0.587443436953035E-02
    0.175999999999999E-01    0.561104201082476E-02    0.368619025294181E-07    0.495405686725003E-02    0.590764100678480E-02
    0.176999999999999E-01    0.564270663986240E-02    0.371259611910021E-07    0.498188669011152E-02    0.594084528314037E-02
    0.177999999999999E-01    0.567436963159911E-02    0.373907176186242E-07    0.500971444720873E-02    0.597404720032672E-02
    0.178999999999999E-01    0.570603098610319E-02    0.376561756589674E-07    0.503754014021435E-02    0.600724676004843E-02
    0.179999999999999E-01    0.573769070344335E-02    0.379223391590403E-07    0.506536377077360E-02    0.604044396398482E-02
    0.180999999999999E-01    0.576934878368355E-02    0.381892117904604E-07    0.509318534050463E-02    0.607363881379007E-02
    0.181999999999999E-01    0.580100522689335E-02    0.384567974240952E-07    0.512100485099941E-02    0.610683131109483E-02
    0.182999999999999E-01    0.583266003314270E-02    0.387250999304370E-07    0.514882230382417E-02    0.614002145750605E-02
    0.183999999999999E-01    0.586431320249700E-02    0.389941230129632E-07    0.517663770051971E-02    0.617320925460704E-02
    0.184999999999999E-01    0.589596473502700E-02    0.392638705657545E-07    0.520445104260231E-02    0.620639470395907E-02
    0.185999999999999E-01    0.592761463080383E-02    0.395343464823265E-07    0.523226233156403E-02    0.623957780710111E-02
    0.186999999999999E-01    0.595926288989423E-02    0.398055544956849E-07    0.526007156887306E-02    0.627275856554992E-02
    0.187999999999999E-01    0.599090951237009E-02    0.400774985218069E-07    0.528787875597453E-02    0.630593698080154E-02
    0.188999999999999E-01    0.602255449830363E-02    0.403501824766610E-07    0.531568389429083E-02    0.633911305433103E-02
    0.189999999999999E-01    0.605419784776289E-02    0.406236101222726E-07    0.534348698522192E-02    0.637228678759257E-02
    0.190999999999999E-01    0.608583956082080E-02    0.408977853957199E-07    0.537128803014603E-02    0.640545818202083E-02
    0.191999999999999E-01    0.611747963754917E-02    0.411727121828759E-07    0.539908703041997E-02    0.643862723903062E-02
    0.192999999999999E-01    0.614911807802160E-02    0.414483944297144E-07    0.542688398737960E-02    0.647179396001765E-02
    0.193999999999999E-01    0.618075488230768E-02    0.417248359335050E-07    0.545467890234010E-02    0.650495834635829E-02
    0.194999999999999E-01    0.621239005048170E-02    0.420020406590556E-07    0.548247177659661E-02    0.653812039941095E-02
    0.195999999999999E-01    0.624402358261823E-02    0.422800125714852E-07    0.551026261142451E-02    0.657128012051579E-02
    0.196999999999999E-01    0.627565547878798E-02    0.425587554942462E-07    0.553805140807969E-02    0.660443751099477E-02
    0.197999999999999E-01    0.630728573906616E-02    0.428382734117771E-07    0.556583816779916E-02    0.663759257215288E-02
    0.198999999999999E-01    0.633891436352824E-02    0.431185703084531E-07    0.559362289180127E-02    0.667074530527793E-02
    0.199999999999999E-01    0.637054135224601E-02    0.433996500328220E-07    0.562140558128602E-02    0.670389571164053E-02
    0.200999999999999E-01    0.640216670529554E-02    0.436815165881980E-07    0.564918623743558E-02    0.673704379249531E-02
    0.201999999999999E-01    0.643379042275316E-02    0.439641739777796E-07    0.567696486141454E-02    0.677018954908065E-02
    0.202999999999999E-01    0.646541250469167E-02    0.442476260744990E-07    0.570474145437012E-02    0.680333298261870E-02
    0.203999999999999E-01    0.649703295118796E-02    0.445318768998929E-07    0.573251601743274E-02    0.683647409431652E-02
    0.204999999999999E-01    0.652865176231916E-02    0.448169304752259E-07    0.576028855171621E-02    0.686961288536581E-02
    0.205999999999999E-01    0.656026893815904E-02    0.451027906969883E-07    0.578805905831795E-02    0.690274935694294E-02
    0.206999999999999E-01    0.659188447878525E-02    0.453894616040957E-07    0.581582753831947E-02    0.693588351021000E-02
    0.207999999999999E-01    0.662349838427454E-02    0.456769471942432E-07    0.584359399278657E-02    0.696901534631447E-02
    0.208999999999999E-01    0.665511065470506E-02    0.459652515129486E-07    0.587135842276968E-02    0.700214486638979E-02
    0.209999999999999E-01    0.668672129015172E-02    0.462543784864391E-07    0.589912082930400E-02    0.703527207155512E-02
    0.210999999999999E-01    0.671833029069318E-02    0.465443321767684E-07    0.592688121340999E-02    0.706839696291640E-02
    0.211999999999999E-01    0.674993765640832E-02    0.468351166455088E-07    0.595463957609354E-02    0.710151954156606E-02
    0.212999999999999E-01    0.678154338737289E-02    0.471267358407668E-07    0.598239591834612E-02    0.713463980858306E-02
    0.213999999999999E-01    0.681314748366623E-02    0.474191938406734E-07    0.601015024114527E-02    0.716775776503381E-02
    0.214999999999999E-01    0.684474994536789E-02    0.477124947233190E-07    0.603790254545473E-02    0.720087341197197E-02
    0.215999999999999E-01    0.687635077255442E-02    0.480066424575926E-07    0.606565283222457E-02    0.723398675043839E-02
    0.216999999999999E-01    0.690794996530581E-02    0.483016411374639E-07    0.609340110239167E-02    0.726709778146206E-02
    0.217999999999999E-01    0.693954752370223E-02    0.485974948570973E-07    0.612114735687985E-02    0.730020650605989E-02
    0.218999999999999E-01    0.697114344782100E-02    0.488942076058765E-07    0.614889159659997E-02    0.733331292523665E-02
    0.219999999999999E-01    0.700273773774272E-02    0.491917834933057E-07    0.617663382245041E-02    0.736641703998585E-02
    0.220999999999999E-01    0.703433039354719E-02    0.494902265939299E-07    0.620437403531709E-02    0.739951885128946E-02
    0.221999999999999E-01    0.706592141531539E-02    0.497895410231780E-07    0.623211223607383E-02    0.743261836011832E-02
    0.222999999999999E-01    0.709751080312555E-02    0.500897307961670E-07    0.625984842558236E-02    0.746571556743199E-02
    0.223999999999999E-01    0.712909855705906E-02    0.503908000425786E-07    0.628758260469279E-02    0.749881047417950E-02
    0.224999999999999E-01    0.716068467719746E-02    0.506927528927938E-07    0.631531477424366E-02    0.753190308129924E-02
    0.225999999999999E-01    0.719226916361966E-02    0.509955933804477E-07    0.634304493506207E-02    0.756499338971882E-02
    0.226999999999999E-01    0.722385201640758E-02    0.512993256495866E-07    0.637077308796408E-02    0.759808140035593E-02
    0.227999999999999E-01    0.725543323564331E-02    0.516039538446500E-07    0.639849923375478E-02    0.763116711411811E-02
    0.228999999999999E-01    0.728701282140638E-02    0.519094820184515E-07    0.642622337322840E-02    0.766425053190269E-02
    0.229999999999999E-01    0.731859077377922E-02    0.522159143288818E-07    0.645394550716867E-02    0.769733165459756E-02
    0.230999999999999E-01    0.735016709284443E-02    0.525232549346393E-07    0.648166563634891E-02    0.773041048308098E-02
    0.231999999999999E-01    0.738174177868216E-02    0.528315079063353E-07    0.650938376153214E-02    0.776348701822150E-02
    0.232999999999999E-01    0.741331483137531E-02    0.531406774163674E-07    0.653709988347138E-02    0.779656126087871E-02
    0.233999999999999E-01    0.744488625100612E-02    0.534507676070368E-07    0.656481400290977E-02    0.782963321190297E-02
    0.234999999999999E-01    0.747645603765781E-02    0.537617826567600E-07    0.659252612058072E-02    0.786270287213574E-02
    0.235999999999999E-01    0.750802419141128E-02    0.540737266585765E-07    0.662023623720803E-02    0.789577024240941E-02
    0.236999999999999E-01    0.753959071235005E-02    0.543866038029711E-07    0.664794435350615E-02    0.792883532354801E-02
    0.237999999999999E-01    0.757115560055780E-02    0.547004182805198E-07    0.667565047018031E-02    0.796189811636699E-02
    0.238999999999999E-01    0.760271885611598E-02    0.550151742014233E-07    0.670335458792658E-02    0.799495862167317E-02
    0.239999999999999E-01    0.763428047910853E-02    0.553308757689677E-07    0.673105670743215E-02    0.802801684026540E-02
    0.240999999999999E-01    0.766584046961955E-02    0.556475271870921E-07    0.675875682937542E-02    0.806107277293440E-02
    0.241999999999999E-01    0.769739882773100E-02    0.559651325825926E-07    0.678645495442607E-02    0.809412642046266E-02
    0.242999999999999E-01    0.772895555352724E-02    0.562836961713880E-07    0.681415108324538E-02    0.812717778362509E-02
    0.243999999999999E-01    0.776051064709203E-02    0.566032221440288E-07    0.684184521648620E-02    0.816022686318879E-02
    0.244999999999999E-01    0.779206410851001E-02    0.569237147225323E-07    0.686953735479320E-02    0.819327365991331E-02
    0.245999999999999E-01    0.782361593786375E-02    0.572451780548845E-07    0.689722749880287E-02    0.822631817455055E-02
    0.246999999999999E-01    0.785516613523814E-02    0.575676163737982E-07    0.692491564914383E-02    0.825936040784527E-02
    0.247999999999999E-01    0.788671470071819E-02    0.578910339128357E-07    0.695260180643685E-02    0.829240036053499E-02
    0.248999999999999E-01    0.791826163438694E-02    0.582154348356151E-07    0.698028597129493E-02    0.832543803334989E-02
    0.249999999999999E-01    0.794980693632963E-02    0.585408233871302E-07    0.700796814432356E-02    0.835847342701340E-02
    0.250999999999999E-01    0.798135060663097E-02    0.588672037898470E-07    0.703564832612075E-02    0.839150654224196E-02
    0.251999999999999E-01    0.801289264537643E-02    0.591945802939746E-07    0.706332651727719E-02    0.842453737974530E-02
    0.252999999999999E-01    0.804443305264960E-02    0.595229570832828E-07    0.709100271837628E-02    0.845756594022627E-02
    0.253999999999999E-01    0.807597182853621E-02    0.598523384185223E-07    0.711867692999438E-02    0.849059222438141E-02
    0.254999999999999E-01    0.810750897312206E-02    0.601827285621843E-07    0.714634915270087E-02    0.852361623290074E-02
    0.255999999999999E-01    0.813904448649117E-02    0.605141317123953E-07    0.717401938705816E-02    0.855663796646774E-02
    0.256999999999999E-01    0.817057836872957E-02    0.608465521418294E-07    0.720168763362197E-02    0.858965742575987E-02
    0.257999999999999E-01    0.820211061992278E-02    0.611799941023463E-07    0.722935389294134E-02    0.862267461144831E-02
    0.258999999999999E-01    0.823364124015703E-02    0.615144618732988E-07    0.725701816555876E-02    0.865568952419827E-02
    0.259999999999999E-01    0.826517022951683E-02    0.618499596709329E-07    0.728468045201021E-02    0.868870216466881E-02
    0.260999999999999E-01    0.829669758808863E-02    0.621864917839779E-07    0.731234075282537E-02    0.872171253351331E-02
    0.261999999999999E-01    0.832822331595895E-02    0.625240625019170E-07    0.733999906852768E-02    0.875472063137934E-02
    0.262999999999999E-01    0.835974741321269E-02    0.628626760551808E-07    0.736765539963435E-02    0.878772645890862E-02
    0.263999999999999E-01    0.839126987993655E-02    0.632023367436982E-07    0.739530974665661E-02    0.882073001673747E-02
    0.264999999999999E-01    0.842279071621680E-02    0.635430488483139E-07    0.742296211009968E-02    0.885373130549660E-02
    0.265999999999999E-01    0.845430992214034E-02    0.638848166743588E-07    0.745061249046297E-02    0.888673032581136E-02
    0.266999999999999E-01    0.848582749779250E-02    0.642276444702692E-07    0.747826088824001E-02    0.891972707830159E-02
    0.267999999999999E-01    0.851734344326036E-02    0.645715365506311E-07    0.750590730391873E-02    0.895272156358204E-02
    0.268999999999999E-01    0.854885775863111E-02    0.649164972317008E-07    0.753355173798145E-02    0.898571378226229E-02
    0.269999999999999E-01    0.858037044399038E-02    0.652625307751175E-07    0.756119419090491E-02    0.901870373494662E-02
    0.270999999999999E-01    0.861188149942553E-02    0.656096415065510E-07    0.758883466316049E-02    0.905169142223450E-02
    0.271999999999999E-01    0.864339092502346E-02    0.659578337343485E-07    0.761647315521422E-02    0.908467684472038E-02
    0.272999999999999E-01    0.867489872087168E-02    0.663071117893686E-07    0.764410966752685E-02    0.911766000299388E-02
    0.273999999999999E-01    0.870640488705622E-02    0.666574799502210E-07    0.767174420055394E-02    0.915064089763967E-02
    0.274999999999999E-01    0.873790942366478E-02    0.670089425574626E-07    0.769937675474597E-02    0.918361952923790E-02
    0.275999999999999E-01    0.876941233078508E-02    0.673615039521968E-07    0.772700733054842E-02    0.921659589836403E-02
    0.276999999999999E-01    0.880091360850346E-02    0.677151684260478E-07    0.775463592840176E-02    0.924957000558879E-02
    0.277999999999999E-01    0.883241325690782E-02    0.680699403298591E-07    0.778226254874165E-02    0.928254185147859E-02
    0.278999999999999E-01    0.886391127608565E-02    0.684258239983445E-07    0.780988719199893E-02    0.931551143659533E-02
    0.279999999999999E-01    0.889540766612499E-02    0.687828237870647E-07    0.783750985859975E-02    0.934847876149656E-02
    0.280999999999999E-01    0.892690242711253E-02    0.691409440038490E-07    0.786513054896556E-02    0.938144382673543E-02
    0.281999999999999E-01    0.895839555913645E-02    0.695001890137119E-07    0.789274926351326E-02    0.941440663286096E-02
    0.282999999999999E-01    0.898988706228455E-02    0.698605631656028E-07    0.792036600265526E-02    0.944736718041797E-02
    0.283999999999999E-01    0.902137693664515E-02    0.702220708294341E-07    0.794798076679951E-02    0.948032546994720E-02
    0.284999999999999E-01    0.905286518230526E-02    0.705847163294590E-07    0.797559355634958E-02    0.951328150198521E-02
    0.285999999999999E-01    0.908435179935336E-02    0.709485040434056E-07    0.800320437170474E-02    0.954623527706469E-02
    0.286999999999999E-01    0.911583678787795E-02    0.713134383514373E-07    0.803081321326006E-02    0.957918679571444E-02
    0.287999999999999E-01    0.914732014796630E-02    0.716795235886389E-07    0.805842008140636E-02    0.961213605845920E-02
    0.288999999999999E-01    0.917880187970706E-02    0.720467641437066E-07    0.808602497653040E-02    0.964508306582009E-02
    0.289999999999999E-01    0.921028198318851E-02    0.724151643912839E-07    0.811362789901488E-02    0.967802781831440E-02
    0.290999999999999E-01    0.924176045849939E-02    0.727847287240193E-07    0.814122884923851E-02    0.971097031645577E-02
    0.291999999999999E-01    0.927323730572730E-02    0.731554614938077E-07    0.816882782757606E-02    0.974391056075405E-02
    0.292999999999999E-01    0.930471252496111E-02    0.735273671022135E-07    0.819642483439843E-02    0.977684855171566E-02
    0.293999999999999E-01    0.933618611628934E-02    0.739004499370560E-07    0.822401987007273E-02    0.980978428984345E-02
    0.294999999999999E-01    0.936765807980100E-02    0.742747144051796E-07    0.825161293496231E-02    0.984271777563679E-02
    0.295999999999999E-01    0.939912841558394E-02    0.746501648733140E-07    0.827920402942678E-02    0.987564900959150E-02
    0.296999999999999E-01    0.943059712372725E-02    0.750268057556064E-07    0.830679315382216E-02    0.990857799220020E-02
    0.297999999999999E-01    0.946206420431972E-02    0.754046414547641E-07    0.833438030850086E-02    0.994150472395209E-02
    0.298999999999999E-01    0.949352965745055E-02    0.757836763894532E-07    0.836196549381177E-02    0.997442920533312E-02
    0.299999999999999E-01    0.952499348320786E-02    0.761639149412431E-07    0.838954871010025E-02    0.100073514368259E-01
    0.300999999999999E-01    0.955645568168096E-02    0.765453615379928E-07    0.841712995770830E-02    0.100402714189101E-01
    0.301999999999999E-01    0.958791625295884E-02    0.769280205946584E-07    0.844470923697449E-02    0.100731891520619E-01
    0.302999999999999E-01    0.961937519713092E-02    0.773118965437807E-07    0.847228654823409E-02    0.101061046367548E-01
    0.303999999999999E-01    0.965083251428556E-02    0.776969937810361E-07    0.849986189181907E-02    0.101390178734589E-01
    0.304999999999999E-01    0.968228820451228E-02    0.780833167468054E-07    0.852743526805819E-02    0.101719288626416E-01
    0.305999999999999E-01    0.971374226790026E-02    0.785367221141838E-07    0.855500667727701E-02    0.102048376047670E-01
    0.306999999999999E-01    0.974519470453911E-02    0.790463927997955E-07    0.858257611979799E-02    0.102377441002966E-01
    0.307999999999999E-01    0.977664551451744E-02    0.795584812734083E-07    0.861014359594046E-02    0.102706483496890E-01
    0.308999999999999E-01    0.980809469792493E-02    0.800729951358212E-07    0.863770910602072E-02    0.103035503533997E-01
    0.309999999999999E-01    0.983954225485098E-02    0.805899419709956E-07    0.866527265035210E-02    0.103364501118817E-01
    0.310999999999999E-01    0.987098818538536E-02    0.811093293759542E-07    0.869283422924496E-02    0.103693476255852E-01
    0.311999999999999E-01    0.990243248961689E-02    0.816311649021558E-07    0.872039384300673E-02    0.104022428949576E-01
    0.312999999999999E-01    0.993387516763544E-02    0.821554561455106E-07    0.874795149194201E-02    0.104351359204437E-01
    0.313999999999999E-01    0.996531621953058E-02    0.826822106842858E-07    0.877550717635255E-02    0.104680267024858E-01
    0.314999999999999E-01    0.999675564539225E-02    0.832114361107530E-07    0.880306089653736E-02    0.105009152415233E-01
    0.315999999999999E-01    0.100281934453095E-01    0.837431399717309E-07    0.883061265279264E-02    0.105338015379933E-01
    0.316999999999999E-01    0.100596296193723E-01    0.842773298577939E-07    0.885816244541195E-02    0.105666855923303E-01
    0.317999999999999E-01    0.100910641676704E-01    0.848140133415109E-07    0.888571027468617E-02    0.105995674049664E-01
    0.318999999999999E-01    0.101224970902940E-01    0.853531980106501E-07    0.891325614090358E-02    0.106324469763313E-01
    0.319999999999999E-01    0.101539283873321E-01    0.858948914090408E-07    0.894080004434982E-02    0.106653243068520E-01
    0.320999999999999E-01    0.101853580588751E-01    0.864391011199225E-07    0.896834198530805E-02    0.106981993969535E-01
    0.321999999999999E-01    0.102167861050128E-01    0.869858347124203E-07    0.899588196405889E-02    0.107310722470582E-01
    0.322999999999999E-01    0.102482125258355E-01    0.875350997671763E-07    0.902341998088051E-02    0.107639428575864E-01
    0.323999999999999E-01    0.102796373214325E-01    0.880869038245397E-07    0.905095603604861E-02    0.107968112289560E-01
    0.324999999999999E-01    0.103110604918941E-01    0.886412544623539E-07    0.907849012983654E-02    0.108296773615827E-01
    0.325999999999999E-01    0.103424820373105E-01    0.891981592451376E-07    0.910602226251526E-02    0.108625412558801E-01
    0.326999999999999E-01    0.103739019577716E-01    0.897576257361014E-07    0.913355243435340E-02    0.108954029122593E-01
    0.327999999999999E-01    0.104053202533680E-01    0.903196615079404E-07    0.916108064561732E-02    0.109282623311298E-01
    0.328999999999999E-01    0.104367369241892E-01    0.908842740966596E-07    0.918860689657108E-02    0.109611195128985E-01
    0.329999999999999E-01    0.104681519703256E-01    0.914514710735163E-07    0.921613118747655E-02    0.109939744579705E-01
    0.330999999999999E-01    0.104995653918676E-01    0.920212599952802E-07    0.924365351859339E-02    0.110268271667487E-01
    0.331999999999999E-01    0.105309771889055E-01    0.925936484300206E-07    0.927117389017912E-02    0.110596776396341E-01
    0.332999999999999E-01    0.105623873615293E-01    0.931686439105171E-07    0.929869230248907E-02    0.110925258770257E-01
    0.333999999999999E-01    0.105937959098294E-01    0.937462540020376E-07    0.932620875577654E-02    0.111253718793204E-01
    0.334999999999999E-01    0.106252028338963E-01    0.943264862565422E-07    0.935372325029272E-02    0.111582156469134E-01
    0.335999999999999E-01    0.106566081338203E-01    0.949093482252427E-07    0.938123578628678E-02    0.111910571801979E-01
    0.336999999999999E-01    0.106880118096921E-01    0.954948474700377E-07    0.940874636400588E-02    0.112238964795650E-01
    0.337999999999999E-01    0.107194138616016E-01    0.960829915182053E-07    0.943625498369518E-02    0.112567335454044E-01
    0.338999999999999E-01    0.107508142896396E-01    0.966737879275564E-07    0.946376164559792E-02    0.112895683781035E-01
    0.339999999999999E-01    0.107822130938965E-01    0.972672442447889E-07    0.949126634995539E-02    0.113224009780483E-01
    0.340999999999999E-01    0.108136102744631E-01    0.978633680244443E-07    0.951876909700702E-02    0.113552313456228E-01
    0.342000000000000E-01    0.108450058314296E-01    0.984621667891313E-07    0.954626988699033E-02    0.113880594812093E-01
    0.343000000000000E-01    0.108763997648866E-01    0.990636480925985E-07    0.957376872014104E-02    0.114208853851885E-01
    0.344000000000000E-01    0.109077920749249E-01    0.996678194758214E-07    0.960126559669303E-02    0.114537090579392E-01
    0.345000000000000E-01    0.109391827616351E-01    0.100274688479199E-06    0.962876051687841E-02    0.114865304998386E-01
    0.346000000000000E-01    0.109705718251080E-01    0.100884262650802E-06    0.965625348092754E-02    0.115193497112624E-01
    0.347000000000000E-01    0.110019592654340E-01    0.101496549508480E-06    0.968374448906900E-02    0.115521666925846E-01
    0.348000000000000E-01    0.110333450827038E-01    0.102111556597971E-06    0.971123354152971E-02    0.115849814441774E-01
    0.349000000000000E-01    0.110647292770084E-01    0.102729291453822E-06    0.973872063853490E-02    0.116177939664117E-01
    0.350000000000000E-01    0.110961118484383E-01    0.103349761609884E-06    0.976620578030810E-02    0.116506042596567E-01
    0.351000000000000E-01    0.111274927970848E-01    0.103972974609473E-06    0.979368896707126E-02    0.116834123242801E-01
    0.352000000000000E-01    0.111588721230380E-01    0.104598937962707E-06    0.982117019904467E-02    0.117162181606482E-01
    0.353000000000000E-01    0.111902498263891E-01    0.105227659209162E-06    0.984864947644705E-02    0.117490217691255E-01
    0.354000000000000E-01    0.112216259072288E-01    0.105859145876422E-06    0.987612679949556E-02    0.117818231500754E-01
    0.355000000000000E-01    0.112530003656482E-01    0.106493405493507E-06    0.990360216840582E-02    0.118146223038595E-01
    0.356000000000000E-01    0.112843732017382E-01    0.107130445595172E-06    0.993107558339193E-02    0.118474192308384E-01
    0.357000000000000E-01    0.113157444165511E-01    0.107770273687066E-06    0.995854704466646E-02    0.118802139313710E-01
    0.358000000000000E-01    0.113471140378638E-01    0.108412897301983E-06    0.998601655244053E-02    0.119130064058147E-01
    0.359000000000000E-01    0.113784820374704E-01    0.109058323961847E-06    0.100134841069238E-01    0.119457966545258E-01
    0.360000000000000E-01    0.114098484154633E-01    0.109706561187653E-06    0.100409497083245E-01    0.119785846778592E-01
    0.361000000000000E-01    0.114412131719353E-01    0.110357616507667E-06    0.100684133568495E-01    0.120113704761684E-01
    0.362000000000000E-01    0.114725763069784E-01    0.111011497422984E-06    0.100958750527041E-01    0.120441540498057E-01
    0.363000000000000E-01    0.115039378206853E-01    0.111668211458703E-06    0.101233347960925E-01    0.120769353991218E-01
    0.364000000000000E-01    0.115352977131486E-01    0.112327766130743E-06    0.101507925872173E-01    0.121097145244666E-01
    0.365000000000000E-01    0.115666559844609E-01    0.112990168954341E-06    0.101782484262798E-01    0.121424914261883E-01
    0.366000000000000E-01    0.115980126347145E-01    0.113655427441614E-06    0.102057023134802E-01    0.121752661046342E-01
    0.367000000000000E-01    0.116293676640025E-01    0.114323549113565E-06    0.102331542490171E-01    0.122080385601503E-01
    0.368000000000000E-01    0.116607210724168E-01    0.114994541463063E-06    0.102606042330881E-01    0.122408087930811E-01
    0.369000000000000E-01    0.116920728600504E-01    0.115668412008571E-06    0.102880522658893E-01    0.122735768037704E-01
    0.370000000000000E-01    0.117234230269959E-01    0.116345168257630E-06    0.103154983476158E-01    0.123063425925605E-01
    0.371000000000000E-01    0.117547715733459E-01    0.117024817717370E-06    0.103429424784613E-01    0.123391061597926E-01
    0.372000000000000E-01    0.117861184991931E-01    0.117707367892811E-06    0.103703846586183E-01    0.123718675058069E-01
    0.373000000000000E-01    0.118174638046303E-01    0.118392826295825E-06    0.103978248882782E-01    0.124046266309423E-01
    0.374000000000000E-01    0.118488074897498E-01    0.119081200413651E-06    0.104252631676312E-01    0.124373835355366E-01
    0.375000000000000E-01    0.118801495546445E-01    0.119772497756792E-06    0.104526994968664E-01    0.124701382199268E-01
    0.376000000000001E-01    0.119114899994072E-01    0.120466725823615E-06    0.104801338761716E-01    0.125028906844485E-01
    0.377000000000001E-01    0.119428288241305E-01    0.121163892114737E-06    0.105075663057336E-01    0.125356409294364E-01
    0.378000000000001E-01    0.119741660289073E-01    0.121864004135809E-06    0.105349967857381E-01    0.125683889552240E-01
    0.379000000000001E-01    0.120055016138301E-01    0.122567069366283E-06    0.105624253163698E-01    0.126011347621441E-01
    0.380000000000001E-01    0.120368355789918E-01    0.123273095309669E-06    0.105898518978120E-01    0.126338783505280E-01
    0.381000000000001E-01    0.120681679244852E-01    0.123982089460350E-06    0.106172765302473E-01    0.126666197207066E-01
    0.382000000000001E-01    0.120994986504030E-01    0.124694059310473E-06    0.106446992138572E-01    0.126993588730092E-01
    0.383000000000001E-01    0.121308277568381E-01    0.125409012351961E-06    0.106721199488219E-01    0.127320958077645E-01
    0.384000000000001E-01    0.121621552438833E-01    0.126126956073709E-06    0.106995387353209E-01    0.127648305253003E-01
    0.385000000000001E-01    0.121934811116315E-01    0.126847897973457E-06    0.107269555735326E-01    0.127975630259431E-01
    0.386000000000001E-01    0.122248053601752E-01    0.127571845522581E-06    0.107543704636343E-01    0.128302933100188E-01
    0.387000000000001E-01    0.122561279896075E-01    0.128298806215522E-06    0.107817834058025E-01    0.128630213778523E-01
    0.388000000000001E-01    0.122874490000212E-01    0.129028787535615E-06    0.108091944002127E-01    0.128957472297675E-01
    0.389000000000001E-01    0.123187683915091E-01    0.129761796967903E-06    0.108366034470394E-01    0.129284708660874E-01
    0.390000000000001E-01    0.123500861641642E-01    0.130497841995022E-06    0.108640105464562E-01    0.129611922871342E-01
    0.391000000000001E-01    0.123814023180795E-01    0.131236930103784E-06    0.108914156986358E-01    0.129939114932294E-01
    0.392000000000001E-01    0.124127168533475E-01    0.131979068759914E-06    0.109188189037500E-01    0.130266284846932E-01
    0.393000000000001E-01    0.124440297700613E-01    0.132724265448844E-06    0.109462201619697E-01    0.130593432618453E-01
    0.394000000000001E-01    0.124753410683138E-01    0.133472527648558E-06    0.109736194734650E-01    0.130920558250045E-01
    0.395000000000001E-01    0.125066507481980E-01    0.134223862834041E-06    0.110010168384049E-01    0.131247661744888E-01
    0.396000000000001E-01    0.125379588098067E-01    0.134978278479883E-06    0.110284122569579E-01    0.131574743106152E-01
    0.397000000000001E-01    0.125692652532330E-01    0.135735782060071E-06    0.110558057292913E-01    0.131901802337002E-01
    0.398000000000001E-01    0.126005700785698E-01    0.136496381052455E-06    0.110831972555719E-01    0.132228839440593E-01
    0.399000000000001E-01    0.126318732859098E-01    0.137260082915009E-06    0.111105868359655E-01    0.132555854420072E-01
    0.400000000000001E-01    0.126631748753462E-01    0.138026895123987E-06    0.111379744706370E-01    0.132882847278581E-01
    0.401000000000001E-01    0.126944748469719E-01    0.138796825146910E-06    0.111653601597508E-01    0.133209818019250E-01
    0.402000000000001E-01    0.127257732008799E-01    0.139569880450670E-06    0.111927439034703E-01    0.133536766645207E-01
    0.403000000000001E-01    0.127570699371632E-01    0.140346068500480E-06    0.112201257019583E-01    0.133863693159567E-01
    0.404000000000001E-01    0.127883650559147E-01    0.141125396762754E-06    0.112475055553765E-01    0.134190597565443E-01
    0.405000000000001E-01    0.128196585572276E-01    0.141907872704911E-06    0.112748834638862E-01    0.134517479865937E-01
    0.406000000000001E-01    0.128509504411946E-01    0.142693503775852E-06    0.113022594276479E-01    0.134844340064145E-01
    0.407000000000001E-01    0.128822407079088E-01    0.143482297442385E-06    0.113296334468213E-01    0.135171178163157E-01
    0.408000000000001E-01    0.129135293574633E-01    0.144274261162660E-06    0.113570055215654E-01    0.135497994166055E-01
    0.409000000000001E-01    0.129448163899511E-01    0.145069402395999E-06    0.113843756520385E-01    0.135824788075916E-01
    0.410000000000001E-01    0.129761018054652E-01    0.145867728598609E-06    0.114117438383982E-01    0.136151559895808E-01
    0.411000000000002E-01    0.130073856040986E-01    0.146669247225532E-06    0.114391100808014E-01    0.136478309628793E-01
    0.412000000000002E-01    0.130386677859444E-01    0.147473965731307E-06    0.114664743794044E-01    0.136805037277929E-01
    0.413000000000002E-01    0.130699483510958E-01    0.148281891573762E-06    0.114938367343628E-01    0.137131742846263E-01
    0.414000000000002E-01    0.131012272996454E-01    0.149093032192148E-06    0.115211971458314E-01    0.137458426336840E-01
    0.415000000000002E-01    0.131325046316866E-01    0.149907395042467E-06    0.115485556139646E-01    0.137785087752697E-01
    0.416000000000002E-01    0.131637803473123E-01    0.150724987573540E-06    0.115759121389160E-01    0.138111727096864E-01
    0.417000000000002E-01    0.131950544466157E-01    0.151545817233397E-06    0.116032667208386E-01    0.138438344372366E-01
    0.418000000000002E-01    0.132263269296897E-01    0.152369891468293E-06    0.116306193598848E-01    0.138764939582222E-01
    0.419000000000002E-01    0.132575977966275E-01    0.153197217722259E-06    0.116579700562064E-01    0.139091512729446E-01
    0.420000000000002E-01    0.132888670475221E-01    0.154027803438444E-06    0.116853188099546E-01    0.139418063817044E-01
    0.421000000000002E-01    0.133201346824668E-01    0.154861656067570E-06    0.117126656212799E-01    0.139744592848017E-01
    0.422000000000002E-01    0.133514007015543E-01    0.155698783036633E-06    0.117400104903323E-01    0.140071099825362E-01
    0.423000000000002E-01    0.133826651048778E-01    0.156539191791688E-06    0.117673534172613E-01    0.140397584752069E-01
    0.424000000000002E-01    0.134139278925306E-01    0.157382889771997E-06    0.117946944022157E-01    0.140724047631121E-01
    0.425000000000002E-01    0.134451890646055E-01    0.158229884413070E-06    0.118220334453439E-01    0.141050488465499E-01
    0.426000000000002E-01    0.134764486211959E-01    0.159080183152033E-06    0.118493705467935E-01    0.141376907258177E-01
    0.427000000000002E-01    0.135077065623946E-01    0.159933793423993E-06    0.118767057067118E-01    0.141703304012122E-01
    0.428000000000002E-01    0.135389628882949E-01    0.160790722661094E-06    0.119040389252454E-01    0.142029678730298E-01
    0.429000000000002E-01    0.135702175989899E-01    0.161650978295050E-06    0.119313702025404E-01    0.142356031415664E-01
    0.430000000000002E-01    0.136014706945727E-01    0.162514567763906E-06    0.119586995387425E-01    0.142682362071172E-01
    0.431000000000002E-01    0.136327221751363E-01    0.163381498484712E-06    0.119860269339968E-01    0.143008670699771E-01
    0.432000000000002E-01    0.136639720407738E-01    0.164251777890422E-06    0.120133523884478E-01    0.143334957304404E-01
    0.433000000000002E-01    0.136952202915784E-01    0.165125413408736E-06    0.120406759022397E-01    0.143661221888008E-01
    0.434000000000002E-01    0.137264669276432E-01    0.166002412466056E-06    0.120679974755159E-01    0.143987464453519E-01
    0.435000000000002E-01    0.137577119490614E-01    0.166882782484594E-06    0.120953171084197E-01    0.144313685003863E-01
    0.436000000000002E-01    0.137889553559260E-01    0.167766530888354E-06    0.121226348010937E-01    0.144639883541966E-01
    0.437000000000002E-01    0.138201971483301E-01    0.168653665099254E-06    0.121499505536801E-01    0.144966060070747E-01
    0.438000000000002E-01    0.138514373263669E-01    0.169544192537785E-06    0.121772643663204E-01    0.145292214593120E-01
    0.439000000000002E-01    0.138826758901295E-01    0.170438120621492E-06    0.122045762391560E-01    0.145618347111996E-01
    0.440000000000002E-01    0.139139128397111E-01    0.171335456770131E-06    0.122318861723277E-01    0.145944457630282E-01
    0.441000000000002E-01    0.139451481752049E-01    0.172236208405893E-06    0.122591941659758E-01    0.146270546150878E-01
    0.442000000000002E-01    0.139763818967037E-01    0.173140382931485E-06    0.122865002202401E-01    0.146596612676681E-01
    0.443000000000002E-01    0.140076140043008E-01    0.174047987766944E-06    0.123138043352602E-01    0.146922657210585E-01
    0.444000000000002E-01    0.140388444980894E-01    0.174959030323874E-06    0.123411065111751E-01    0.147248679755479E-01
    0.445000000000002E-01    0.140700733781626E-01    0.175873518015322E-06    0.123684067481234E-01    0.147574680314246E-01
    0.446000000000003E-01    0.141013006446135E-01    0.176791458250174E-06    0.123957050462433E-01    0.147900658889769E-01
    0.447000000000003E-01    0.141325262975353E-01    0.177712858437820E-06    0.124230014056726E-01    0.148226615484922E-01
    0.448000000000003E-01    0.141637503370211E-01    0.178637725985271E-06    0.124502958265487E-01    0.148552550102579E-01
    0.449000000000003E-01    0.141949727631639E-01    0.179566068299694E-06    0.124775883090086E-01    0.148878462745607E-01
    0.450000000000003E-01    0.142261935760571E-01    0.180497892785720E-06    0.125048788531888E-01    0.149204353416873E-01
    0.451000000000003E-01    0.142574127757936E-01    0.181433206845834E-06    0.125321674592257E-01    0.149530222119235E-01
    0.452000000000003E-01    0.142886303624668E-01    0.182372017888880E-06    0.125594541272550E-01    0.149856068855553E-01
    0.453000000000003E-01    0.143198463361696E-01    0.183314333304409E-06    0.125867388574122E-01    0.150181893628678E-01
    0.454000000000003E-01    0.143510606969951E-01    0.184260160499583E-06    0.126140216498324E-01    0.150507696441460E-01
    0.455000000000003E-01    0.143822734450366E-01    0.185209506871072E-06    0.126413025046503E-01    0.150833477296746E-01
    0.456000000000003E-01    0.144134845803872E-01    0.186162379816480E-06    0.126685814220002E-01    0.151159236197377E-01
    0.457000000000003E-01    0.144446941031400E-01    0.187118786731169E-06    0.126958584020162E-01    0.151484973146193E-01
    0.458000000000003E-01    0.144759020133882E-01    0.188078735009717E-06    0.127231334448320E-01    0.151810688146029E-01
    0.459000000000003E-01    0.145071083112248E-01    0.189042232047062E-06    0.127504065505807E-01    0.152136381199717E-01
    0.460000000000003E-01    0.145383129967431E-01    0.190009285234275E-06    0.127776777193955E-01    0.152462052310084E-01
    0.461000000000003E-01    0.145695160700361E-01    0.190979901961257E-06    0.128049469514090E-01    0.152787701479957E-01
    0.462000000000003E-01    0.146007175311970E-01    0.191954089617150E-06    0.128322142467533E-01    0.153113328712157E-01
    0.463000000000003E-01    0.146319173803190E-01    0.192931855592735E-06    0.128594796055607E-01    0.153438934009503E-01
    0.464000000000003E-01    0.146631156174951E-01    0.193913207273215E-06    0.128867430279626E-01    0.153764517374809E-01
    0.465000000000003E-01    0.146943122428185E-01    0.194898152044125E-06    0.129140045140904E-01    0.154090078810888E-01
    0.466000000000003E-01    0.147255072563824E-01    0.195886697295138E-06    0.129412640640752E-01    0.154415618320549E-01
    0.467000000000003E-01    0.147567006582797E-01    0.196878850398954E-06    0.129685216780477E-01    0.154741135906597E-01
    0.468000000000003E-01    0.147878924486038E-01    0.197874618743139E-06    0.129957773561383E-01    0.155066631571836E-01
    0.469000000000003E-01    0.148190826274476E-01    0.198874009706743E-06    0.130230310984771E-01    0.155392105319064E-01
    0.470000000000003E-01    0.148502711949044E-01    0.199877030669856E-06    0.130502829051940E-01    0.155717557151079E-01
    0.471000000000003E-01    0.148814581510673E-01    0.200883689011083E-06    0.130775327764184E-01    0.156042987070674E-01
    0.472000000000003E-01    0.149126434960293E-01    0.201893992106477E-06    0.131047807122797E-01    0.156368395080641E-01
    0.473000000000003E-01    0.149438272298836E-01    0.202907947330899E-06    0.131320267129067E-01    0.156693781183766E-01
    0.474000000000003E-01    0.149750093527233E-01    0.203925562059438E-06    0.131592707784283E-01    0.157019145382836E-01
    0.475000000000003E-01    0.150061898646416E-01    0.204946843664118E-06    0.131865129089727E-01    0.157344487680632E-01
    0.476000000000003E-01    0.150373687657316E-01    0.205971799515301E-06    0.132137531046681E-01    0.157669808079933E-01
    0.477000000000003E-01    0.150685460560863E-01    0.207000436985147E-06    0.132409913656424E-01    0.157995106583518E-01
    0.478000000000003E-01    0.150997217357989E-01    0.208032763442328E-06    0.132682276920232E-01    0.158320383194159E-01
    0.479000000000003E-01    0.151308958049625E-01    0.209068786254499E-06    0.132954620839378E-01    0.158645637914627E-01
    0.480000000000003E-01    0.151620682636702E-01    0.210108512787127E-06    0.133226945415134E-01    0.158970870747693E-01
    0.481000000000004E-01    0.151932391120152E-01    0.211151950405398E-06    0.133499250648767E-01    0.159296081696121E-01
    0.482000000000004E-01    0.152244083500904E-01    0.212199106473729E-06    0.133771536541544E-01    0.159621270762676E-01
    0.483000000000004E-01    0.152555759779892E-01    0.213249988358933E-06    0.134043803094728E-01    0.159946437950117E-01
    0.484000000000004E-01    0.152867419958044E-01    0.214304603413188E-06    0.134316050309579E-01    0.160271583261205E-01
    0.485000000000004E-01    0.153179064036293E-01    0.215362959001558E-06    0.134588278187358E-01    0.160596706698694E-01
    0.486000000000004E-01    0.153490692015568E-01    0.216425062481371E-06    0.134860486729319E-01    0.160921808265339E-01
    0.487000000000004E-01    0.153802303896802E-01    0.217490921211415E-06    0.135132675936717E-01    0.161246887963890E-01
    0.488000000000004E-01    0.154113899680925E-01    0.218560542545687E-06    0.135404845810803E-01    0.161571945797097E-01
    0.489000000000004E-01    0.154425479368868E-01    0.219633933841386E-06    0.135676996352827E-01    0.161896981767705E-01
    0.490000000000004E-01    0.154737042961562E-01    0.220711102450125E-06    0.135949127564037E-01    0.162221995878458E-01
    0.491000000000004E-01    0.155048590459937E-01    0.221792055725368E-06    0.136221239445676E-01    0.162546988132099E-01
    0.492000000000004E-01    0.155360121864925E-01    0.222876801018341E-06    0.136493331998987E-01    0.162871958531367E-01
    0.493000000000004E-01    0.155671637177457E-01    0.223965345678692E-06    0.136765405225212E-01    0.163196907078999E-01
    0.494000000000004E-01    0.155983136398462E-01    0.225057697054663E-06    0.137037459125589E-01    0.163521833777730E-01
    0.495000000000004E-01    0.156294619528873E-01    0.226153862493069E-06    0.137309493701354E-01    0.163846738630292E-01
    0.496000000000004E-01    0.156606086569619E-01    0.227253849340291E-06    0.137581508953743E-01    0.164171621639418E-01
    0.497000000000004E-01    0.156917537521631E-01    0.228357664941825E-06    0.137853504883986E-01    0.164496482807834E-01
    0.498000000000004E-01    0.157228972385840E-01    0.229465316640024E-06    0.138125481493315E-01    0.164821322138268E-01
    0.499000000000004E-01    0.157540391163176E-01    0.230576811776151E-06    0.138397438782958E-01    0.165146139633443E-01
    0.500000000000004E-01    0.157851793854571E-01    0.231692157691920E-06    0.138669376754141E-01    0.165470935296082E-01
    0.501000000000004E-01    0.158163180460954E-01    0.232811361726668E-06    0.138941295408090E-01    0.165795709128906E-01
    0.502000000000004E-01    0.158474550983257E-01    0.233934431218169E-06    0.139213194746026E-01    0.166120461134631E-01
    0.503000000000004E-01    0.158785905422409E-01    0.235061373504005E-06    0.139485074769172E-01    0.166445191315976E-01
    0.504000000000004E-01    0.159097243779341E-01    0.236192195919749E-06    0.139756935478745E-01    0.166769899675652E-01
    0.505000000000004E-01    0.159408566054985E-01    0.237326905804954E-06    0.140028776875963E-01    0.167094586216374E-01
    0.506000000000004E-01    0.159719872250269E-01    0.238465510482009E-06    0.140300598962041E-01    0.167419250940851E-01
    0.507000000000004E-01    0.160031162366124E-01    0.239608017287440E-06    0.140572401738194E-01    0.167743893851792E-01
    0.508000000000004E-01    0.160342436403481E-01    0.240754433553566E-06    0.140844185205632E-01    0.168068514951903E-01
    0.509000000000004E-01    0.160653694363270E-01    0.241904766607656E-06    0.141115949365567E-01    0.168393114243890E-01
    0.510000000000004E-01    0.160964936246421E-01    0.243059023779165E-06    0.141387694219207E-01    0.168717691730454E-01
    0.511000000000004E-01    0.161276162053864E-01    0.244217212394105E-06    0.141659419767758E-01    0.169042247414297E-01
    0.512000000000004E-01    0.161587371786531E-01    0.245379339779702E-06    0.141931126012427E-01    0.169366781298118E-01
    0.513000000000004E-01    0.161898565445350E-01    0.246545413257317E-06    0.142202812954416E-01    0.169691293384615E-01
    0.514000000000004E-01    0.162209743031251E-01    0.247715440151852E-06    0.142474480594927E-01    0.170015783676483E-01
    0.515000000000004E-01    0.162520904545166E-01    0.248889427784872E-06    0.142746128935162E-01    0.170340252176417E-01
    0.516000000000005E-01    0.162832049988024E-01    0.250067383475529E-06    0.143017757976319E-01    0.170664698887109E-01
    0.517000000000005E-01    0.163143179360755E-01    0.251249314544935E-06    0.143289367719595E-01    0.170989123811249E-01
    0.518000000000005E-01    0.163454292664290E-01    0.252435228309616E-06    0.143560958166186E-01    0.171313526951526E-01
    0.519000000000005E-01    0.163765389899557E-01    0.253625132085267E-06    0.143832529317287E-01    0.171637908310629E-01
    0.520000000000005E-01    0.164076471067487E-01    0.254819033187826E-06    0.144104081174090E-01    0.171962267891241E-01
    0.521000000000005E-01    0.164387536169009E-01    0.256016938932822E-06    0.144375613737788E-01    0.172286605696048E-01
    0.522000000000005E-01    0.164698585205055E-01    0.257218856630768E-06    0.144647127009569E-01    0.172610921727731E-01
    0.523000000000005E-01    0.165009618176552E-01    0.258424793594361E-06    0.144918620990623E-01    0.172935215988973E-01
    0.524000000000005E-01    0.165320635084432E-01    0.259634757133357E-06    0.145190095682137E-01    0.173259488482451E-01
    0.525000000000005E-01    0.165631635929623E-01    0.260848754557335E-06    0.145461551085297E-01    0.173583739210844E-01
    0.526000000000005E-01    0.165942620713056E-01    0.262066793173247E-06    0.145732987201287E-01    0.173907968176827E-01
    0.527000000000005E-01    0.166253589435660E-01    0.263288880288743E-06    0.146004404031290E-01    0.174232175383077E-01
    0.528000000000005E-01    0.166564542098364E-01    0.264515023208087E-06    0.146275801576489E-01    0.174556360832265E-01
    0.529000000000005E-01    0.166875478702099E-01    0.265745229234717E-06    0.146547179838063E-01    0.174880524527064E-01
    0.530000000000005E-01    0.167186399247793E-01    0.266979505671646E-06    0.146818538817192E-01    0.175204666470144E-01
    0.531000000000005E-01    0.167497303736377E-01    0.268217859820831E-06    0.147089878515055E-01    0.175528786664173E-01
    0.532000000000005E-01    0.167808192168778E-01    0.269460298982597E-06    0.147361198932828E-01    0.175852885111820E-01
    0.533000000000005E-01    0.168119064545928E-01    0.270706830454027E-06    0.147632500071685E-01    0.176176961815749E-01
    0.534000000000005E-01    0.168429920868755E-01    0.271957461532703E-06    0.147903781932803E-01    0.176501016778626E-01
    0.535000000000005E-01    0.168740761138188E-01    0.273212199516330E-06    0.148175044517354E-01    0.176825050003114E-01
    0.536000000000005E-01    0.169051585355157E-01    0.274471051699620E-06    0.148446287826509E-01    0.177149061491875E-01
    0.537000000000005E-01    0.169362393520591E-01    0.275734025375410E-06    0.148717511861440E-01    0.177473051247569E-01
    0.538000000000005E-01    0.169673185635420E-01    0.277001127841499E-06    0.148988716623316E-01    0.177797019272855E-01
    0.539000000000005E-01    0.169983961700571E-01    0.278272366379253E-06    0.149259902113306E-01    0.178120965570392E-01
    0.540000000000005E-01    0.170294721716974E-01    0.279547748283127E-06    0.149531068332577E-01    0.178444890142834E-01
    0.541000000000005E-01    0.170605465685558E-01    0.280827280842845E-06    0.149802215282295E-01    0.178768792992839E-01
    0.542000000000005E-01    0.170916193607253E-01    0.282110971345060E-06    0.150073342963626E-01    0.179092674123059E-01
    0.543000000000005E-01    0.171226905482987E-01    0.283398827077305E-06    0.150344451377733E-01    0.179416533536148E-01
    0.544000000000005E-01    0.171537601313688E-01    0.284690855323444E-06    0.150615540525780E-01    0.179740371234756E-01
    0.545000000000005E-01    0.171848281100287E-01    0.285987063365492E-06    0.150886610408929E-01    0.180064187221535E-01
    0.546000000000005E-01    0.172158944843711E-01    0.287287458486975E-06    0.151157661028341E-01    0.180387981499131E-01
    0.547000000000005E-01    0.172469592544889E-01    0.288592047970660E-06    0.151428692385175E-01    0.180711754070195E-01
    0.548000000000005E-01    0.172780224204750E-01    0.289900839094132E-06    0.151699704480591E-01    0.181035504937371E-01
    0.549000000000005E-01    0.173090839824223E-01    0.291213839137329E-06    0.151970697315746E-01    0.181359234103305E-01
    0.550000000000005E-01    0.173401439404236E-01    0.292531055375768E-06    0.152241670891798E-01    0.181682941570642E-01
    0.551000000000006E-01    0.173712022945718E-01    0.293852495087624E-06    0.152512625209902E-01    0.182006627342023E-01
    0.552000000000006E-01    0.174022590449598E-01    0.295178165545689E-06    0.152783560271214E-01    0.182330291420092E-01
    0.553000000000006E-01    0.174333141916803E-01    0.296508074024686E-06    0.153054476076888E-01    0.182653933807488E-01
    0.554000000000006E-01    0.174643677348262E-01    0.297842227796764E-06    0.153325372628076E-01    0.182977554506851E-01
    0.555000000000006E-01    0.174954196744904E-01    0.299180634133131E-06    0.153596249925932E-01    0.183301153520819E-01
    0.556000000000006E-01    0.175264700107657E-01    0.300523300303405E-06    0.153867107971607E-01    0.183624730852030E-01
    0.557000000000006E-01    0.175575187437449E-01    0.301870233575249E-06    0.154137946766250E-01    0.183948286503119E-01
    0.558000000000006E-01    0.175885658735208E-01    0.303221441216834E-06    0.154408766311012E-01    0.184271820476722E-01
    0.559000000000006E-01    0.176196114001862E-01    0.304576930494219E-06    0.154679566607042E-01    0.184595332775473E-01
    0.560000000000006E-01    0.176506553238341E-01    0.305936708671380E-06    0.154950347655487E-01    0.184918823402004E-01
    0.561000000000006E-01    0.176816976445571E-01    0.307300783012233E-06    0.155221109457494E-01    0.185242292358948E-01
    0.562000000000006E-01    0.177127383624480E-01    0.308669160778128E-06    0.155491852014210E-01    0.185565739648934E-01
    0.563000000000006E-01    0.177437774775997E-01    0.310041849230825E-06    0.155762575326779E-01    0.185889165274594E-01
    0.564000000000006E-01    0.177748149901050E-01    0.311418855629541E-06    0.156033279396347E-01    0.186212569238554E-01
    0.565000000000006E-01    0.178058509000566E-01    0.312800187232707E-06    0.156303964224058E-01    0.186535951543444E-01
    0.566000000000006E-01    0.178368852075474E-01    0.314185851299255E-06    0.156574629811053E-01    0.186859312191890E-01
    0.567000000000006E-01    0.178679179126700E-01    0.315575855081297E-06    0.156845276158476E-01    0.187182651186517E-01
    0.568000000000006E-01    0.178989490155174E-01    0.316970205838466E-06    0.157115903267468E-01    0.187505968529950E-01
    0.569000000000006E-01    0.179299785161821E-01    0.318368910819971E-06    0.157386511139169E-01    0.187829264224813E-01
    0.570000000000006E-01    0.179610064147571E-01    0.319771977279774E-06    0.157657099774719E-01    0.188152538273729E-01
    0.571000000000006E-01    0.179920327113350E-01    0.321179412468302E-06    0.157927669175258E-01    0.188475790679318E-01
    0.572000000000006E-01    0.180230574060087E-01    0.322591223635027E-06    0.158198219341924E-01    0.188799021444203E-01
    0.573000000000006E-01    0.180540804988708E-01    0.324007418028913E-06    0.158468750275855E-01    0.189122230571002E-01
    0.574000000000006E-01    0.180851019900141E-01    0.325428002896396E-06    0.158739261978187E-01    0.189445418062335E-01
    0.575000000000006E-01    0.181161218795313E-01    0.326852985482476E-06    0.159009754450058E-01    0.189768583920820E-01
    0.576000000000006E-01    0.181471401675152E-01    0.328282373033773E-06    0.159280227692601E-01    0.190091728149073E-01
    0.577000000000006E-01    0.181781568540584E-01    0.329716172792768E-06    0.159550681706954E-01    0.190414850749711E-01
    0.578000000000006E-01    0.182091719392538E-01    0.331154392000970E-06    0.159821116494249E-01    0.190737951725348E-01
    0.579000000000006E-01    0.182401854231940E-01    0.332597037899904E-06    0.160091532055620E-01    0.191061031078600E-01
    0.580000000000006E-01    0.182711973059717E-01    0.334044117729504E-06    0.160361928392200E-01    0.191384088812080E-01
    0.581000000000006E-01    0.183022075876797E-01    0.335495638728267E-06    0.160632305505122E-01    0.191707124928399E-01
    0.582000000000006E-01    0.183332162684106E-01    0.336951608131826E-06    0.160902663395516E-01    0.192030139430170E-01
    0.583000000000006E-01    0.183642233482571E-01    0.338412033176382E-06    0.161173002064515E-01    0.192353132320004E-01
    0.584000000000006E-01    0.183952288273120E-01    0.339876921097223E-06    0.161443321513248E-01    0.192676103600511E-01
    0.585000000000006E-01    0.184262327056678E-01    0.341346279126926E-06    0.161713621742845E-01    0.192999053274298E-01
    0.586000000000007E-01    0.184572349834174E-01    0.342820114497467E-06    0.161983902754435E-01    0.193321981343976E-01
    0.587000000000007E-01    0.184882356606532E-01    0.344298434441204E-06    0.162254164549147E-01    0.193644887812150E-01
    0.588000000000007E-01    0.185192347374681E-01    0.345781246187503E-06    0.162524407128108E-01    0.193967772681429E-01
    0.589000000000007E-01    0.185502322139547E-01    0.347268556964721E-06    0.162794630492446E-01    0.194290635954416E-01
    0.590000000000007E-01    0.185812280902056E-01    0.348760373999148E-06    0.163064834643287E-01    0.194613477633718E-01
    0.591000000000007E-01    0.186122223663135E-01    0.350256704516584E-06    0.163335019581758E-01    0.194936297721938E-01
    0.592000000000007E-01    0.186432150423710E-01    0.351757555740853E-06    0.163605185308985E-01    0.195259096221679E-01
    0.593000000000007E-01    0.186742061184708E-01    0.353262934896442E-06    0.163875331826092E-01    0.195581873135545E-01
    0.594000000000007E-01    0.187051955947055E-01    0.354772849205326E-06    0.164145459134204E-01    0.195904628466136E-01
    0.595000000000007E-01    0.187361834711677E-01    0.356287305888920E-06    0.164415567234444E-01    0.196227362216053E-01
    0.596000000000007E-01    0.187671697479501E-01    0.357806312165288E-06    0.164685656127937E-01    0.196550074387898E-01
    0.597000000000007E-01    0.187981544251453E-01    0.359329875254997E-06    0.164955725815804E-01    0.196872764984268E-01
    0.598000000000007E-01    0.188291375028458E-01    0.360858002372982E-06    0.165225776299169E-01    0.197195434007763E-01
    0.599000000000007E-01    0.188601189811444E-01    0.362390700735837E-06    0.165495807579153E-01    0.197518081460980E-01
    0.600000000000007E-01    0.188910988601335E-01    0.363927977558439E-06    0.165765819656877E-01    0.197840707346517E-01
    0.601000000000007E-01    0.189220771399059E-01    0.365469840053607E-06    0.166035812533463E-01    0.198163311666969E-01
    0.602000000000007E-01    0.189530538205540E-01    0.367016295433975E-06    0.166305786210030E-01    0.198485894424933E-01
    0.603000000000007E-01    0.189840289021705E-01    0.368567350910287E-06    0.166575740687698E-01    0.198808455623003E-01
    0.604000000000007E-01    0.190150023848479E-01    0.370123013693226E-06    0.166845675967587E-01    0.199130995263772E-01
    0.605000000000007E-01    0.190459742686789E-01    0.371683290989727E-06    0.167115592050815E-01    0.199453513349835E-01
    0.606000000000007E-01    0.190769445537559E-01    0.373248190009270E-06    0.167385488938501E-01    0.199776009883785E-01
    0.607000000000007E-01    0.191079132401717E-01    0.374817717954437E-06    0.167655366631763E-01    0.200098484868212E-01
    0.608000000000007E-01    0.191388803280186E-01    0.376391882031769E-06    0.167925225131717E-01    0.200420938305708E-01
    0.609000000000007E-01    0.191698458173893E-01    0.377970689445569E-06    0.168195064439481E-01    0.200743370198864E-01
    0.610000000000007E-01    0.192008097083762E-01    0.379554147395150E-06    0.168464884556172E-01    0.201065780550269E-01
    0.611000000000007E-01    0.192317720010721E-01    0.381142263085066E-06    0.168734685482905E-01    0.201388169362512E-01
    0.612000000000007E-01    0.192627326955693E-01    0.382735043711605E-06    0.169004467220796E-01    0.201710536638183E-01
    0.613000000000007E-01    0.192936917919604E-01    0.384332496475321E-06    0.169274229770961E-01    0.202032882379868E-01
    0.614000000000007E-01    0.193246492903380E-01    0.385934628573479E-06    0.169543973134513E-01    0.202355206590154E-01
    0.615000000000007E-01    0.193556051907945E-01    0.387541447202455E-06    0.169813697312567E-01    0.202677509271628E-01
    0.616000000000007E-01    0.193865594934225E-01    0.389152959556120E-06    0.170083402306237E-01    0.202999790426876E-01
    0.617000000000007E-01    0.194175121983144E-01    0.390769172826558E-06    0.170353088116637E-01    0.203322050058482E-01
    0.618000000000007E-01    0.194484633055629E-01    0.392390094208094E-06    0.170622754744879E-01    0.203644288169031E-01
    0.619000000000007E-01    0.194794128152603E-01    0.394015730890876E-06    0.170892402192077E-01    0.203966504761106E-01
    0.620000000000007E-01    0.195103607274991E-01    0.395646090064085E-06    0.171162030459341E-01    0.204288699837291E-01
    0.621000000000008E-01    0.195413070423719E-01    0.397281178918351E-06    0.171431639547785E-01    0.204610873400168E-01
    0.622000000000008E-01    0.195722517599711E-01    0.398921004640948E-06    0.171701229458519E-01    0.204933025452318E-01
    0.623000000000008E-01    0.196031948803892E-01    0.400565574416933E-06    0.171970800192655E-01    0.205255155996322E-01
    0.624000000000008E-01    0.196341364037187E-01    0.402214895429494E-06    0.172240351751303E-01    0.205577265034762E-01
    0.625000000000008E-01    0.196650763300520E-01    0.403868974864061E-06    0.172509884135573E-01    0.205899352570216E-01
    0.626000000000008E-01    0.196960146594815E-01    0.405527819904558E-06    0.172779397346576E-01    0.206221418605264E-01
    0.627000000000008E-01    0.197269513920998E-01    0.407191437730700E-06    0.173048891385420E-01    0.206543463142485E-01
    0.628000000000008E-01    0.197578865279992E-01    0.408859835522441E-06    0.173318366253216E-01    0.206865486184455E-01
    0.629000000000008E-01    0.197888200672723E-01    0.410533020456202E-06    0.173587821951071E-01    0.207187487733754E-01
    0.630000000000008E-01    0.198197520100114E-01    0.412210999712116E-06    0.173857258480094E-01    0.207509467792956E-01
    0.631000000000008E-01    0.198506823563089E-01    0.413893780467347E-06    0.174126675841394E-01    0.207831426364639E-01
    0.632000000000008E-01    0.198816111062573E-01    0.415581369895103E-06    0.174396074036077E-01    0.208153363451378E-01
    0.633000000000008E-01    0.199125382599490E-01    0.417273775168330E-06    0.174665453065252E-01    0.208475279055747E-01
    0.634000000000008E-01    0.199434638174765E-01    0.418971003460168E-06    0.174934812930025E-01    0.208797173180321E-01
    0.635000000000008E-01    0.199743877789320E-01    0.420673061942743E-06    0.175204153631503E-01    0.209119045827674E-01
    0.636000000000008E-01    0.200053101444080E-01    0.422379957786295E-06    0.175473475170792E-01    0.209440897000378E-01
    0.637000000000008E-01    0.200362309139969E-01    0.424091698157312E-06    0.175742777548999E-01    0.209762726701006E-01
    0.638000000000008E-01    0.200671500877912E-01    0.425808290226934E-06    0.176012060767228E-01    0.210084534932129E-01
    0.639000000000008E-01    0.200980676658830E-01    0.427529741158070E-06    0.176281324826586E-01    0.210406321696320E-01
    0.640000000000008E-01    0.201289836483649E-01    0.429256058117483E-06    0.176550569728177E-01    0.210728086996149E-01
    0.641000000000008E-01    0.201598980353292E-01    0.430987248268856E-06    0.176819795473106E-01    0.211049830834185E-01
    0.642000000000008E-01    0.201908108268683E-01    0.432723318775751E-06    0.177089002062477E-01    0.211371553212999E-01
    0.643000000000008E-01    0.202217220230745E-01    0.434464276799006E-06    0.177358189497395E-01    0.211693254135160E-01
    0.644000000000008E-01    0.202526316240402E-01    0.436210129497296E-06    0.177627357778963E-01    0.212014933603235E-01
    0.645000000000008E-01    0.202835396298577E-01    0.437960884030762E-06    0.177896506908285E-01    0.212336591619793E-01
    0.646000000000008E-01    0.203144460406193E-01    0.439716547560457E-06    0.178165636886463E-01    0.212658228187401E-01
    0.647000000000008E-01    0.203453508564175E-01    0.441477127238561E-06    0.178434747714601E-01    0.212979843308626E-01
    0.648000000000008E-01    0.203762540773444E-01    0.443242630221883E-06    0.178703839393802E-01    0.213301436986034E-01
    0.649000000000008E-01    0.204071557034925E-01    0.445013063663761E-06    0.178972911925167E-01    0.213623009222190E-01
    0.650000000000008E-01    0.204380557349540E-01    0.446788434717001E-06    0.179241965309799E-01    0.213944560019660E-01
    0.651000000000008E-01    0.204689541718213E-01    0.448568750534422E-06    0.179510999548798E-01    0.214266089381007E-01
    0.652000000000008E-01    0.204998510141867E-01    0.450354018265928E-06    0.179780014643268E-01    0.214587597308797E-01
    0.653000000000008E-01    0.205307462621424E-01    0.452144245060525E-06    0.180049010594308E-01    0.214909083805593E-01
    0.654000000000008E-01    0.205616399157808E-01    0.453939438067313E-06    0.180317987403019E-01    0.215230548873956E-01
    0.655000000000008E-01    0.205925319751941E-01    0.455739604431623E-06    0.180586945070503E-01    0.215551992516451E-01
    0.656000000000009E-01    0.206234224404746E-01    0.457544751299973E-06    0.180855883597859E-01    0.215873414735638E-01
    0.657000000000009E-01    0.206543113117147E-01    0.459354885814303E-06    0.181124802986188E-01    0.216194815534078E-01
    0.658000000000009E-01    0.206851985890065E-01    0.461170015118806E-06    0.181393703236589E-01    0.216516194914334E-01
    0.659000000000009E-01    0.207160842724423E-01    0.462990146357427E-06    0.181662584350161E-01    0.216837552878964E-01
    0.660000000000009E-01    0.207469683621143E-01    0.464815286669351E-06    0.181931446328005E-01    0.217158889430529E-01
    0.661000000000009E-01    0.207778508581150E-01    0.466645443192823E-06    0.182200289171218E-01    0.217480204571587E-01
    0.662000000000009E-01    0.208087317605363E-01    0.468480623066339E-06    0.182469112880901E-01    0.217801498304698E-01
    0.663000000000009E-01    0.208396110694707E-01    0.470320833428177E-06    0.182737917458150E-01    0.218122770632419E-01
    0.664000000000009E-01    0.208704887850104E-01    0.472166081414150E-06    0.183006702904065E-01    0.218444021557309E-01
    0.665000000000009E-01    0.209013649072475E-01    0.474016374156784E-06    0.183275469219743E-01    0.218765251081924E-01
    0.666000000000009E-01    0.209322394362743E-01    0.475871718789839E-06    0.183544216406282E-01    0.219086459208821E-01
    0.667000000000009E-01    0.209631123721830E-01    0.477732122446708E-06    0.183812944464780E-01    0.219407645940555E-01
    0.668000000000009E-01    0.209939837150658E-01    0.479597592258659E-06    0.184081653396334E-01    0.219728811279684E-01
    0.669000000000009E-01    0.210248534650149E-01    0.481468135352979E-06    0.184350343202040E-01    0.220049955228761E-01
    0.670000000000009E-01    0.210557216221225E-01    0.483343758859421E-06    0.184619013882996E-01    0.220371077790342E-01
    0.671000000000009E-01    0.210865881864808E-01    0.485224469904473E-06    0.184887665440298E-01    0.220692178966980E-01
    0.672000000000009E-01    0.211174531581821E-01    0.487110275614477E-06    0.185156297875042E-01    0.221013258761229E-01
    0.673000000000009E-01    0.211483165373183E-01    0.489001183115387E-06    0.185424911188325E-01    0.221334317175642E-01
    0.674000000000009E-01    0.211791783239819E-01    0.490897199529803E-06    0.185693505381242E-01    0.221655354212772E-01
    0.675000000000009E-01    0.212100385182648E-01    0.492798331979475E-06    0.185962080454889E-01    0.221976369875170E-01
    0.676000000000009E-01    0.212408971202592E-01    0.494704587587028E-06    0.186230636410362E-01    0.222297364165389E-01
    0.677000000000009E-01    0.212717541300574E-01    0.496615973470543E-06    0.186499173248755E-01    0.222618337085980E-01
    0.678000000000009E-01    0.213026095477515E-01    0.498532496748773E-06    0.186767690971163E-01    0.222939288639493E-01
    0.679000000000009E-01    0.213334633734336E-01    0.500454164539108E-06    0.187036189578681E-01    0.223260218828479E-01
    0.680000000000009E-01    0.213643156071958E-01    0.502380983959223E-06    0.187304669072404E-01    0.223581127655487E-01
    0.681000000000009E-01    0.213951662491302E-01    0.504312962122708E-06    0.187573129453426E-01    0.223902015123066E-01
    0.682000000000009E-01    0.214260152993291E-01    0.506250106144057E-06    0.187841570722841E-01    0.224222881233766E-01
    0.683000000000009E-01    0.214568627578845E-01    0.508192423137641E-06    0.188109992881743E-01    0.224543725990133E-01
    0.684000000000009E-01    0.214877086248885E-01    0.510139920211649E-06    0.188378395931226E-01    0.224864549394717E-01
    0.685000000000009E-01    0.215185529004333E-01    0.512092604476706E-06    0.188646779872383E-01    0.225185351450065E-01
    0.686000000000009E-01    0.215493955846109E-01    0.514050483044019E-06    0.188915144706307E-01    0.225506132158722E-01
    0.687000000000009E-01    0.215802366775134E-01    0.516013563019947E-06    0.189183490434091E-01    0.225826891523237E-01
    0.688000000000009E-01    0.216110761792329E-01    0.517981851512025E-06    0.189451817056829E-01    0.226147629546154E-01
    0.689000000000009E-01    0.216419140898615E-01    0.519955355622618E-06    0.189720124575612E-01    0.226468346230019E-01
    0.690000000000009E-01    0.216727504094913E-01    0.521934082457206E-06    0.189988412991535E-01    0.226789041577378E-01
    0.691000000000010E-01    0.217035851382144E-01    0.523918039119978E-06    0.190256682305687E-01    0.227109715590773E-01
    0.692000000000010E-01    0.217344182761227E-01    0.525907232710636E-06    0.190524932519163E-01    0.227430368272751E-01
    0.693000000000010E-01    0.217652498233085E-01    0.527901670331789E-06    0.190793163633053E-01    0.227750999625854E-01
    0.694000000000010E-01    0.217960797798636E-01    0.529901359082201E-06    0.191061375648449E-01    0.228071609652625E-01
    0.695000000000010E-01    0.218269081458802E-01    0.531906306059425E-06    0.191329568566443E-01    0.228392198355607E-01
    0.696000000000010E-01    0.218577349214503E-01    0.533916518359629E-06    0.191597742388127E-01    0.228712765737342E-01
    0.697000000000010E-01    0.218885601066660E-01    0.535932003079685E-06    0.191865897114590E-01    0.229033311800373E-01
    0.698000000000010E-01    0.219193837016192E-01    0.537952767313908E-06    0.192134032746925E-01    0.229353836547239E-01
    0.699000000000010E-01    0.219502057064019E-01    0.539978818154616E-06    0.192402149286222E-01    0.229674339980483E-01
    0.700000000000010E-01    0.219810261211063E-01    0.542010162694391E-06    0.192670246733571E-01    0.229994822102645E-01
    0.701000000000010E-01    0.220118449458243E-01    0.544046808024284E-06    0.192938325090063E-01    0.230315282916264E-01
    0.702000000000010E-01    0.220426621806479E-01    0.546088761232812E-06    0.193206384356788E-01    0.230635722423880E-01
    0.703000000000010E-01    0.220734778256692E-01    0.548136029409577E-06    0.193474424534837E-01    0.230956140628033E-01
    0.704000000000010E-01    0.221042918809800E-01    0.550188619639815E-06    0.193742445625299E-01    0.231276537531260E-01
    0.705000000000010E-01    0.221351043466724E-01    0.552246539011148E-06    0.194010447629263E-01    0.231596913136101E-01
    0.706000000000010E-01    0.221659152228384E-01    0.554309794609417E-06    0.194278430547820E-01    0.231917267445092E-01
    0.707000000000010E-01    0.221967245095699E-01    0.556378393515554E-06    0.194546394382058E-01    0.232237600460772E-01
    0.708000000000010E-01    0.222275322069589E-01    0.558452342813906E-06    0.194814339133068E-01    0.232557912185676E-01
    0.709000000000010E-01    0.222583383150974E-01    0.560531649584527E-06    0.195082264801937E-01    0.232878202622342E-01
    0.710000000000010E-01    0.222891428340773E-01    0.562616320908238E-06    0.195350171389755E-01    0.233198471773305E-01
    0.711000000000010E-01    0.223199457639906E-01    0.564706363861474E-06    0.195618058897610E-01    0.233518719641101E-01
    0.712000000000010E-01    0.223507471049291E-01    0.566801785524370E-06    0.195885927326591E-01    0.233838946228265E-01
    0.713000000000010E-01    0.223815468569850E-01    0.568902592973280E-06    0.196153776677787E-01    0.234159151537332E-01
    0.714000000000010E-01    0.224123450202500E-01    0.571008793281384E-06    0.196421606952284E-01    0.234479335570837E-01
    0.715000000000010E-01    0.224431415948161E-01    0.573120393523410E-06    0.196689418151173E-01    0.234799498331312E-01
    0.716000000000010E-01    0.224739365807752E-01    0.575237400772416E-06    0.196957210275539E-01    0.235119639821291E-01
    0.717000000000010E-01    0.225047299782192E-01    0.577359822100466E-06    0.197224983326472E-01    0.235439760043307E-01
    0.718000000000010E-01    0.225355217872401E-01    0.579487664577386E-06    0.197492737305058E-01    0.235759858999894E-01
    0.719000000000010E-01    0.225663120079297E-01    0.581620935272544E-06    0.197760472212386E-01    0.236079936693582E-01
    0.720000000000010E-01    0.225971006403800E-01    0.583759641253159E-06    0.198028188049541E-01    0.236399993126904E-01
    0.721000000000010E-01    0.226278876846827E-01    0.585903789585907E-06    0.198295884817612E-01    0.236720028302391E-01
    0.722000000000010E-01    0.226586731409299E-01    0.588053387337024E-06    0.198563562517685E-01    0.237040042222574E-01
    0.723000000000010E-01    0.226894570092133E-01    0.590208441570694E-06    0.198831221150847E-01    0.237360034889982E-01
    0.724000000000010E-01    0.227202392896248E-01    0.592368959345447E-06    0.199098860718185E-01    0.237680006307147E-01
    0.725000000000010E-01    0.227510199822563E-01    0.594534947732387E-06    0.199366481220785E-01    0.237999956476598E-01
    0.726000000000011E-01    0.227817990871998E-01    0.596706413787089E-06    0.199634082659733E-01    0.238319885400864E-01
    0.727000000000011E-01    0.228125766045469E-01    0.598883364571885E-06    0.199901665036116E-01    0.238639793082473E-01
    0.728000000000011E-01    0.228433525343896E-01    0.601065807141332E-06    0.200169228351020E-01    0.238959679523955E-01
    0.729000000000011E-01    0.228741268768197E-01    0.603253748553849E-06    0.200436772605530E-01    0.239279544727836E-01
    0.730000000000011E-01    0.229048996319290E-01    0.605447195866716E-06    0.200704297800732E-01    0.239599388696645E-01
    0.731000000000011E-01    0.229356707998094E-01    0.607646156131885E-06    0.200971803937712E-01    0.239919211432908E-01
    0.732000000000011E-01    0.229664403805526E-01    0.609850636405135E-06    0.201239291017556E-01    0.240239012939152E-01
    0.733000000000011E-01    0.229972083742505E-01    0.612060643737091E-06    0.201506759041348E-01    0.240558793217904E-01
    0.734000000000011E-01    0.230279747809950E-01    0.614276185180178E-06    0.201774208010174E-01    0.240878552271689E-01
    0.735000000000011E-01    0.230587396008777E-01    0.616497267783613E-06    0.202041637925119E-01    0.241198290103033E-01
    0.736000000000011E-01    0.230895028339905E-01    0.618723898597220E-06    0.202309048787267E-01    0.241518006714461E-01
    0.737000000000011E-01    0.231202644804251E-01    0.620956084668921E-06    0.202576440597704E-01    0.241837702108497E-01
    0.738000000000011E-01    0.231510245402735E-01    0.623193833042915E-06    0.202843813357514E-01    0.242157376287666E-01
    0.739000000000011E-01    0.231817830136273E-01    0.625437150767444E-06    0.203111167067782E-01    0.242477029254490E-01
    0.740000000000011E-01    0.232125399005783E-01    0.627686044885076E-06    0.203378501729591E-01    0.242796661011495E-01
    0.741000000000011E-01    0.232432952012182E-01    0.629940522439501E-06    0.203645817344026E-01    0.243116271561202E-01
    0.742000000000011E-01    0.232740489156389E-01    0.632200590469210E-06    0.203913113912172E-01    0.243435860906135E-01
    0.743000000000011E-01    0.233048010439321E-01    0.634466256018410E-06    0.204180391435112E-01    0.243755429048815E-01
    0.744000000000011E-01    0.233355515861895E-01    0.636737526124603E-06    0.204447649913929E-01    0.244074975991764E-01
    0.745000000000011E-01    0.233663005425029E-01    0.639014407824092E-06    0.204714889349708E-01    0.244394501737504E-01
    0.746000000000011E-01    0.233970479129640E-01    0.641296908156973E-06    0.204982109743532E-01    0.244714006288556E-01
    0.747000000000011E-01    0.234277936976645E-01    0.643585034156887E-06    0.205249311096484E-01    0.245033489647440E-01
    0.748000000000011E-01    0.234585378966962E-01    0.645878792858388E-06    0.205516493409648E-01    0.245352951816676E-01
    0.749000000000011E-01    0.234892805101508E-01    0.648178191296094E-06    0.205783656684107E-01    0.245672392798784E-01
    0.750000000000011E-01    0.235200215381199E-01    0.650483236500649E-06    0.206050800920944E-01    0.245991812596283E-01
    0.751000000000011E-01    0.235507609806953E-01    0.652793935503844E-06    0.206317926121242E-01    0.246311211211693E-01
    0.752000000000011E-01    0.235814988379687E-01    0.655110295334276E-06    0.206585032286083E-01    0.246630588647532E-01
    0.753000000000011E-01    0.236122351100318E-01    0.657432323022607E-06    0.206852119416550E-01    0.246949944906318E-01
    0.754000000000011E-01    0.236429697969762E-01    0.659760025595220E-06    0.207119187513726E-01    0.247269279990569E-01
    0.755000000000011E-01    0.236737028988937E-01    0.662093410075818E-06    0.207386236578693E-01    0.247588593902802E-01
    0.756000000000011E-01    0.237044344158758E-01    0.664432483492416E-06    0.207653266612533E-01    0.247907886645534E-01
    0.757000000000011E-01    0.237351643480144E-01    0.666777252868479E-06    0.207920277616329E-01    0.248227158221282E-01
    0.758000000000011E-01    0.237658926954009E-01    0.669127725226179E-06    0.208187269591162E-01    0.248546408632562E-01
    0.759000000000011E-01    0.237966194581272E-01    0.671483907584669E-06    0.208454242538114E-01    0.248865637881890E-01
    0.760000000000011E-01    0.238273446362848E-01    0.673845806966676E-06    0.208721196458267E-01    0.249184845971781E-01
    0.761000000000012E-01    0.238580682299653E-01    0.676213430392507E-06    0.208988131352703E-01    0.249504032904751E-01
    0.762000000000012E-01    0.238887902392605E-01    0.678586784876886E-06    0.209255047222503E-01    0.249823198683313E-01
    0.763000000000012E-01    0.239195106642619E-01    0.680965877437478E-06    0.209521944068749E-01    0.250142343309982E-01
    0.764000000000012E-01    0.239502295050612E-01    0.683350715091392E-06    0.209788821892522E-01    0.250461466787272E-01
    0.765000000000012E-01    0.239809467617500E-01    0.685741304849425E-06    0.210055680694902E-01    0.250780569117697E-01
    0.766000000000012E-01    0.240116624344198E-01    0.688137653729547E-06    0.210322520476972E-01    0.251099650303768E-01
    0.767000000000012E-01    0.240423765231624E-01    0.690539768740455E-06    0.210589341239811E-01    0.251418710348000E-01
    0.768000000000012E-01    0.240730890280692E-01    0.692947656894192E-06    0.210856142984502E-01    0.251737749252904E-01
    0.769000000000012E-01    0.241037999492319E-01    0.695361325201149E-06    0.211122925712124E-01    0.252056767020992E-01
    0.770000000000012E-01    0.241345092867421E-01    0.697780780668498E-06    0.211389689423758E-01    0.252375763654776E-01
    0.771000000000012E-01    0.241652170406914E-01    0.700206030304026E-06    0.211656434120484E-01    0.252694739156767E-01
    0.772000000000012E-01    0.241959232111713E-01    0.702637081110427E-06    0.211923159803383E-01    0.253013693529475E-01
    0.773000000000012E-01    0.242266277982733E-01    0.705073940096305E-06    0.212189866473535E-01    0.253332626775412E-01
    0.774000000000012E-01    0.242573308020891E-01    0.707516614266659E-06    0.212456554132021E-01    0.253651538897086E-01
    0.775000000000012E-01    0.242880322227103E-01    0.709965110619993E-06    0.212723222779919E-01    0.253970429897007E-01
    0.776000000000012E-01    0.243187320602283E-01    0.712419436159071E-06    0.212989872418311E-01    0.254289299777685E-01
    0.777000000000012E-01    0.243494303147347E-01    0.714879597884330E-06    0.213256503048275E-01    0.254608148541628E-01
    0.778000000000012E-01    0.243801269863210E-01    0.717345602794923E-06    0.213523114670892E-01    0.254926976191345E-01
    0.779000000000012E-01    0.244108220750788E-01    0.719817457889636E-06    0.213789707287241E-01    0.255245782729344E-01
    0.780000000000012E-01    0.244415155810996E-01    0.722295170163073E-06    0.214056280898401E-01    0.255564568158132E-01
    0.781000000000012E-01    0.244722075044749E-01    0.724778746611586E-06    0.214322835505452E-01    0.255883332480218E-01
    0.782000000000012E-01    0.245028978452962E-01    0.727268194229743E-06    0.214589371109473E-01    0.256202075698106E-01
    0.783000000000012E-01    0.245335866036550E-01    0.729763520010277E-06    0.214855887711543E-01    0.256520797814305E-01
    0.784000000000012E-01    0.245642737796429E-01    0.732264730944344E-06    0.215122385312741E-01    0.256839498831320E-01
    0.785000000000012E-01    0.245949593733513E-01    0.734771834023838E-06    0.215388863914146E-01    0.257158178751657E-01
    0.786000000000012E-01    0.246256433848717E-01    0.737284836237230E-06    0.215655323516836E-01    0.257476837577822E-01
    0.787000000000012E-01    0.246563258142956E-01    0.739803744575044E-06    0.215921764121891E-01    0.257795475312319E-01
    0.788000000000012E-01    0.246870066617145E-01    0.742328566022202E-06    0.216188185730389E-01    0.258114091957652E-01
    0.789000000000012E-01    0.247176859272198E-01    0.744859307565750E-06    0.216454588343408E-01    0.258432687516327E-01
    0.790000000000012E-01    0.247483636109030E-01    0.747395976189691E-06    0.216720971962027E-01    0.258751261990847E-01
    0.791000000000012E-01    0.247790397128555E-01    0.749938578877152E-06    0.216987336587324E-01    0.259069815383715E-01
    0.792000000000012E-01    0.248097142331689E-01    0.752487122614501E-06    0.217253682220377E-01    0.259388347697435E-01
    0.793000000000012E-01    0.248403871719345E-01    0.755041614379976E-06    0.217520008862263E-01    0.259706858934510E-01
    0.794000000000012E-01    0.248710585292437E-01    0.757602061154469E-06    0.217786316514062E-01    0.260025349097440E-01
    0.795000000000013E-01    0.249017283051881E-01    0.760168469915964E-06    0.218052605176851E-01    0.260343818188730E-01
    0.796000000000013E-01    0.249323964998591E-01    0.762740847643371E-06    0.218318874851707E-01    0.260662266210879E-01
    0.797000000000013E-01    0.249630631133480E-01    0.765319201315586E-06    0.218585125539708E-01    0.260980693166390E-01
    0.798000000000013E-01    0.249937281457462E-01    0.767903537903091E-06    0.218851357241931E-01    0.261299099057763E-01
    0.799000000000013E-01    0.250243915971453E-01    0.770493864383703E-06    0.219117569959455E-01    0.261617483887499E-01
    0.800000000000013E-01    0.250550534676365E-01    0.773090187729424E-06    0.219383763693356E-01    0.261935847658098E-01
    0.801000000000013E-01    0.250857137573113E-01    0.775692514912816E-06    0.219649938444711E-01    0.262254190372059E-01
    0.802000000000013E-01    0.251163724662610E-01    0.778300852903368E-06    0.219916094214597E-01    0.262572512031881E-01
    0.803000000000013E-01    0.251470295945770E-01    0.780915208668207E-06    0.220182231004093E-01    0.262890812640065E-01
    0.804000000000013E-01    0.251776851423509E-01    0.783535589183545E-06    0.220448348814273E-01    0.263209092199107E-01
    0.805000000000013E-01    0.252083391096738E-01    0.786162001413146E-06    0.220714447646215E-01    0.263527350711508E-01
    0.806000000000013E-01    0.252389914966371E-01    0.788794452322109E-06    0.220980527500997E-01    0.263845588179764E-01
    0.807000000000013E-01    0.252696423033323E-01    0.791432948875035E-06    0.221246588379693E-01    0.264163804606372E-01
    0.808000000000013E-01    0.253002915298506E-01    0.794077498036166E-06    0.221512630283382E-01    0.264481999993831E-01
    0.809000000000013E-01    0.253309391762835E-01    0.796728106768045E-06    0.221778653213138E-01    0.264800174344636E-01
    0.810000000000013E-01    0.253615852427222E-01    0.799384782033628E-06    0.222044657170039E-01    0.265118327661284E-01
    0.811000000000013E-01    0.253922297292580E-01    0.802047530791931E-06    0.222310642155161E-01    0.265436459946271E-01
    0.812000000000013E-01    0.254228726359824E-01    0.804716360003016E-06    0.222576608169579E-01    0.265754571202093E-01
    0.813000000000013E-01    0.254535139629866E-01    0.807391276624493E-06    0.222842555214370E-01    0.266072661431244E-01
    0.814000000000013E-01    0.254841537103619E-01    0.810072287614016E-06    0.223108483290610E-01    0.266390730636221E-01
    0.815000000000013E-01    0.255147918781997E-01    0.812759399925074E-06    0.223374392399373E-01    0.266708778819516E-01
    0.816000000000013E-01    0.255454284665912E-01    0.815452620511547E-06    0.223640282541737E-01    0.267026805983625E-01
    0.817000000000013E-01    0.255760634756278E-01    0.818151956329816E-06    0.223906153718776E-01    0.267344812131041E-01
    0.818000000000013E-01    0.256066969054007E-01    0.820857414330428E-06    0.224172005931565E-01    0.267662797264258E-01
    0.819000000000013E-01    0.256373287560012E-01    0.823569001465711E-06    0.224437839181182E-01    0.267980761385768E-01
    0.820000000000013E-01    0.256679590275206E-01    0.826286724684966E-06    0.224703653468700E-01    0.268298704498064E-01
    0.821000000000013E-01    0.256985877200502E-01    0.829010590935000E-06    0.224969448795194E-01    0.268616626603639E-01
    0.822000000000013E-01    0.257292148336812E-01    0.831740607167129E-06    0.225235225161741E-01    0.268934527704984E-01
    0.823000000000013E-01    0.257598403685048E-01    0.834476780323292E-06    0.225500982569414E-01    0.269252407804591E-01
    0.824000000000013E-01    0.257904643246124E-01    0.837219117353400E-06    0.225766721019289E-01    0.269570266904952E-01
    0.825000000000013E-01    0.258210867020952E-01    0.839967625195606E-06    0.226032440512441E-01    0.269888105008556E-01
    0.826000000000013E-01    0.258517075010445E-01    0.842722310797228E-06    0.226298141049943E-01    0.270205922117894E-01
    0.827000000000013E-01    0.258823267215513E-01    0.845483181098926E-06    0.226563822632872E-01    0.270523718235457E-01
    0.828000000000013E-01    0.259129443637071E-01    0.848250243041127E-06    0.226829485262301E-01    0.270841493363734E-01
    0.829000000000013E-01    0.259435604276029E-01    0.851023503561537E-06    0.227095128939304E-01    0.271159247505215E-01
    0.830000000000014E-01    0.259741749133301E-01    0.853802969601644E-06    0.227360753664957E-01    0.271476980662388E-01
    0.831000000000014E-01    0.260047878209798E-01    0.856588648097350E-06    0.227626359440332E-01    0.271794692837743E-01
    0.832000000000014E-01    0.260353991506432E-01    0.859380545984481E-06    0.227891946266505E-01    0.272112384033767E-01
    0.833000000000014E-01    0.260660089024116E-01    0.862178670197872E-06    0.228157514144550E-01    0.272430054252948E-01
    0.834000000000014E-01    0.260966170763761E-01    0.864983027670165E-06    0.228423063075539E-01    0.272747703497774E-01
    0.835000000000014E-01    0.261272236726278E-01    0.867793625335734E-06    0.228688593060548E-01    0.273065331770731E-01
    0.836000000000014E-01    0.261578286912581E-01    0.870610470123381E-06    0.228954104100650E-01    0.273382939074308E-01
    0.837000000000014E-01    0.261884321323580E-01    0.873433568964794E-06    0.229219596196918E-01    0.273700525410990E-01
    0.838000000000014E-01    0.262190339960187E-01    0.876262928789584E-06    0.229485069350426E-01    0.274018090783263E-01
    0.839000000000014E-01    0.262496342823314E-01    0.879098556524591E-06    0.229750523562248E-01    0.274335635193613E-01
    0.840000000000014E-01    0.262802329913872E-01    0.881940459095262E-06    0.230015958833456E-01    0.274653158644525E-01
    0.841000000000014E-01    0.263108301232772E-01    0.884788643432432E-06    0.230281375165125E-01    0.274970661138484E-01
    0.842000000000014E-01    0.263414256780927E-01    0.887643116455064E-06    0.230546772558327E-01    0.275288142677976E-01
    0.843000000000014E-01    0.263720196559248E-01    0.890503885088048E-06    0.230812151014135E-01    0.275605603265483E-01
    0.844000000000014E-01    0.264026120568645E-01    0.893370956251362E-06    0.231077510533623E-01    0.275923042903491E-01
    0.845000000000014E-01    0.264332028810030E-01    0.896244336871190E-06    0.231342851117863E-01    0.276240461594481E-01
    0.846000000000014E-01    0.264637921284314E-01    0.899124033862766E-06    0.231608172767928E-01    0.276557859340939E-01
    0.847000000000014E-01    0.264943797992408E-01    0.902010054144744E-06    0.231873475484891E-01    0.276875236145346E-01
    0.848000000000014E-01    0.265249658935224E-01    0.904902404638534E-06    0.232138759269825E-01    0.277192592010185E-01
    0.849000000000014E-01    0.265555504113672E-01    0.907801092257551E-06    0.232404024123801E-01    0.277509926937938E-01
    0.850000000000014E-01    0.265861333528663E-01    0.910706123917032E-06    0.232669270047893E-01    0.277827240931087E-01
    0.851000000000014E-01    0.266167147181108E-01    0.913617506531297E-06    0.232934497043172E-01    0.278144533992112E-01
    0.852000000000014E-01    0.266472945071917E-01    0.916535247012625E-06    0.233199705110712E-01    0.278461806123496E-01
    0.853000000000014E-01    0.266778727202003E-01    0.919459352273584E-06    0.233464894251584E-01    0.278779057327718E-01
    0.854000000000014E-01    0.267084493572274E-01    0.922389829225968E-06    0.233730064466860E-01    0.279096287607260E-01
    0.855000000000014E-01    0.267390244183642E-01    0.925326684777235E-06    0.233995215757612E-01    0.279413496964600E-01
    0.856000000000014E-01    0.267695979037017E-01    0.928269925836914E-06    0.234260348124912E-01    0.279730685402218E-01
    0.857000000000014E-01    0.268001698133311E-01    0.931219559312009E-06    0.234525461569832E-01    0.280047852922594E-01
    0.858000000000014E-01    0.268307401473432E-01    0.934175592107690E-06    0.234790556093444E-01    0.280364999528206E-01
    0.859000000000014E-01    0.268613089058292E-01    0.937138031129086E-06    0.235055631696819E-01    0.280682125221533E-01
    0.860000000000014E-01    0.268918760888800E-01    0.940106883281000E-06    0.235320688381029E-01    0.280999230005054E-01
    0.861000000000014E-01    0.269224416965868E-01    0.943082155461600E-06    0.235585726147145E-01    0.281316313881244E-01
    0.862000000000014E-01    0.269530057290404E-01    0.946063854577339E-06    0.235850744996239E-01    0.281633376852583E-01
    0.863000000000014E-01    0.269835681863321E-01    0.949051987527421E-06    0.236115744929381E-01    0.281950418921547E-01
    0.864000000000014E-01    0.270141290685526E-01    0.952046561211673E-06    0.236380725947644E-01    0.282267440090613E-01
    0.865000000000015E-01    0.270446883757931E-01    0.955047582525075E-06    0.236645688052097E-01    0.282584440362256E-01
    0.866000000000015E-01    0.270752461081445E-01    0.958055058367487E-06    0.236910631243813E-01    0.282901419738954E-01
    0.867000000000015E-01    0.271058022656978E-01    0.961068995630581E-06    0.237175555523862E-01    0.283218378223181E-01
    0.868000000000015E-01    0.271363568485440E-01    0.964089401215551E-06    0.237440460893314E-01    0.283535315817413E-01
    0.869000000000015E-01    0.271669098567740E-01    0.967116282009975E-06    0.237705347353241E-01    0.283852232524125E-01
    0.870000000000015E-01    0.271974612904789E-01    0.970149644908221E-06    0.237970214904713E-01    0.284169128345791E-01
    0.871000000000015E-01    0.272280111497494E-01    0.973189496794363E-06    0.238235063548800E-01    0.284486003284885E-01
    0.872000000000015E-01    0.272585594346768E-01    0.976235844571131E-06    0.238499893286574E-01    0.284802857343881E-01
    0.873000000000015E-01    0.272891061453519E-01    0.979288695122619E-06    0.238764704119104E-01    0.285119690525254E-01
    0.874000000000015E-01    0.273196512818657E-01    0.982348055334148E-06    0.239029496047461E-01    0.285436502831474E-01
    0.875000000000015E-01    0.273501948443090E-01    0.985413932094158E-06    0.239294269072715E-01    0.285753294265016E-01
    0.876000000000015E-01    0.273807368327728E-01    0.988486332286723E-06    0.239559023195937E-01    0.286070064828352E-01
    0.877000000000015E-01    0.274112772473480E-01    0.991565262797842E-06    0.239823758418195E-01    0.286386814523954E-01
    0.878000000000015E-01    0.274418160881256E-01    0.994650730510019E-06    0.240088474740560E-01    0.286703543354293E-01
    0.879000000000015E-01    0.274723533551964E-01    0.997742742303269E-06    0.240353172164102E-01    0.287020251321840E-01
    0.880000000000015E-01    0.275028890486514E-01    0.100084130506012E-05    0.240617850689891E-01    0.287336938429067E-01
    0.881000000000015E-01    0.275334231685814E-01    0.100394642565930E-05    0.240882510318996E-01    0.287653604678445E-01
    0.882000000000015E-01    0.275639557150773E-01    0.100705811098162E-05    0.241147151052486E-01    0.287970250072443E-01
    0.883000000000015E-01    0.275944866882301E-01    0.101017636790376E-05    0.241411772891432E-01    0.288286874613531E-01
    0.884000000000015E-01    0.276250160881307E-01    0.101330120330186E-05    0.241676375836903E-01    0.288603478304179E-01
    0.885000000000015E-01    0.276555439148698E-01    0.101643262404962E-05    0.241940959889968E-01    0.288920061146856E-01
    0.886000000000015E-01    0.276860701685383E-01    0.101957063702135E-05    0.242205525051696E-01    0.289236623144031E-01
    0.887000000000015E-01    0.277165948492272E-01    0.102271524909132E-05    0.242470071323156E-01    0.289553164298172E-01
    0.888000000000015E-01    0.277471179570272E-01    0.102586646713203E-05    0.242734598705418E-01    0.289869684611748E-01
    0.889000000000015E-01    0.277776394920293E-01    0.102902429801208E-05    0.242999107199551E-01    0.290186184087225E-01
    0.890000000000015E-01    0.278081594543242E-01    0.103218874860101E-05    0.243263596806622E-01    0.290502662727072E-01
    0.891000000000015E-01    0.278386778440028E-01    0.103535982576840E-05    0.243528067527702E-01    0.290819120533755E-01
    0.892000000000015E-01    0.278691946611560E-01    0.103853753638099E-05    0.243792519363858E-01    0.291135557509741E-01
    0.893000000000015E-01    0.278997099058745E-01    0.104172188730699E-05    0.244056952316160E-01    0.291451973657497E-01
    0.894000000000015E-01    0.279302235782492E-01    0.104491288540700E-05    0.244321366385676E-01    0.291768368979488E-01
    0.895000000000015E-01    0.279607356783709E-01    0.104811053754676E-05    0.244585761573474E-01    0.292084743478180E-01
    0.896000000000015E-01    0.279912462063303E-01    0.105131485059135E-05    0.244850137880623E-01    0.292401097156038E-01
    0.897000000000015E-01    0.280217551622184E-01    0.105452583139781E-05    0.245114495308190E-01    0.292717430015527E-01
    0.898000000000015E-01    0.280522625461258E-01    0.105774348682969E-05    0.245378833857245E-01    0.293033742059112E-01
    0.899000000000015E-01    0.280827683581434E-01    0.106096782374783E-05    0.245643153528856E-01    0.293350033289257E-01
    0.900000000000016E-01    0.281132725983619E-01    0.106419884900752E-05    0.245907454324089E-01    0.293666303708425E-01
    0.901000000000016E-01    0.281437752668722E-01    0.106743656946711E-05    0.246171736244014E-01    0.293982553319080E-01
    0.902000000000016E-01    0.281742763637650E-01    0.107068099198105E-05    0.246435999289697E-01    0.294298782123686E-01
    0.903000000000016E-01    0.282047758891310E-01    0.107393212340569E-05    0.246700243462208E-01    0.294614990124704E-01
    0.904000000000016E-01    0.282352738430611E-01    0.107718997059433E-05    0.246964468762613E-01    0.294931177324598E-01
    0.905000000000016E-01    0.282657702256459E-01    0.108045454039989E-05    0.247228675191980E-01    0.295247343725829E-01
    0.906000000000016E-01    0.282962650369762E-01    0.108372583967286E-05    0.247492862751376E-01    0.295563489330859E-01
    0.907000000000016E-01    0.283267582771427E-01    0.108700387526321E-05    0.247757031441870E-01    0.295879614142150E-01
    0.908000000000016E-01    0.283572499462362E-01    0.109028865402168E-05    0.248021181264528E-01    0.296195718162163E-01
    0.909000000000016E-01    0.283877400443475E-01    0.109358018279448E-05    0.248285312220417E-01    0.296511801393357E-01
    0.910000000000016E-01    0.284182285715671E-01    0.109687846842735E-05    0.248549424310605E-01    0.296827863838194E-01
    0.911000000000016E-01    0.284487155279859E-01    0.110018351776905E-05    0.248813517536158E-01    0.297143905499133E-01
    0.912000000000016E-01    0.284792009136945E-01    0.110349533766334E-05    0.249077591898145E-01    0.297459926378634E-01
    0.913000000000016E-01    0.285096847287837E-01    0.110681393495345E-05    0.249341647397630E-01    0.297775926479156E-01
    0.914000000000016E-01    0.285401669733440E-01    0.111013931648189E-05    0.249605684035683E-01    0.298091905803158E-01
    0.915000000000016E-01    0.285706476474664E-01    0.111347148908930E-05    0.249869701813368E-01    0.298407864353099E-01
    0.916000000000016E-01    0.286011267512413E-01    0.111681045961735E-05    0.250133700731754E-01    0.298723802131436E-01
    0.917000000000016E-01    0.286316042847594E-01    0.112015623490367E-05    0.250397680791905E-01    0.299039719140628E-01
    0.918000000000016E-01    0.286620802481116E-01    0.112350882178563E-05    0.250661641994890E-01    0.299355615383131E-01
    0.919000000000016E-01    0.286925546413883E-01    0.112686822710187E-05    0.250925584341773E-01    0.299671490861404E-01
    0.920000000000016E-01    0.287230274646803E-01    0.113023445768636E-05    0.251189507833622E-01    0.299987345577903E-01
    0.921000000000016E-01    0.287534987180783E-01    0.113360752037584E-05    0.251453412471503E-01    0.300303179535083E-01
    0.922000000000016E-01    0.287839684016728E-01    0.113698742200153E-05    0.251717298256482E-01    0.300618992735403E-01
    0.923000000000016E-01    0.288144365155545E-01    0.114037416939713E-05    0.251981165189624E-01    0.300934785181316E-01
    0.924000000000016E-01    0.288449030598140E-01    0.114376776939352E-05    0.252245013271997E-01    0.301250556875278E-01
    0.925000000000016E-01    0.288753680345420E-01    0.114716822882036E-05    0.252508842504665E-01    0.301566307819745E-01
    0.926000000000016E-01    0.289058314398291E-01    0.115057555450587E-05    0.252772652888694E-01    0.301882038017170E-01
    0.927000000000016E-01    0.289362932757658E-01    0.115398975327850E-05    0.253036444425151E-01    0.302197747470009E-01
    0.928000000000016E-01    0.289667535424429E-01    0.115741083196611E-05    0.253300217115101E-01    0.302513436180715E-01
    0.929000000000016E-01    0.289972122399509E-01    0.116083879739227E-05    0.253563970959609E-01    0.302829104151742E-01
    0.930000000000016E-01    0.290276693683803E-01    0.116427365638213E-05    0.253827705959741E-01    0.303144751385543E-01
    0.931000000000016E-01    0.290581249278219E-01    0.116771541575877E-05    0.254091422116562E-01    0.303460377884571E-01
    0.932000000000016E-01    0.290885789183660E-01    0.117116408233829E-05    0.254355119431138E-01    0.303775983651278E-01
    0.933000000000016E-01    0.291190313401034E-01    0.117461966295471E-05    0.254618797904533E-01    0.304091568688117E-01
    0.934000000000016E-01    0.291494821931247E-01    0.117808216442247E-05    0.254882457537813E-01    0.304407132997539E-01
    0.935000000000017E-01    0.291799314775204E-01    0.118155159355742E-05    0.255146098332043E-01    0.304722676581996E-01
    0.936000000000017E-01    0.292103791933809E-01    0.118502795718047E-05    0.255409720288288E-01    0.305038199443940E-01
    0.937000000000017E-01    0.292408253407970E-01    0.118851126210704E-05    0.255673323407613E-01    0.305353701585820E-01
    0.938000000000017E-01    0.292712699198591E-01    0.119200151515446E-05    0.255936907691082E-01    0.305669183010087E-01
    0.939000000000017E-01    0.293017129306578E-01    0.119549872313454E-05    0.256200473139760E-01    0.305984643719192E-01
    0.940000000000017E-01    0.293321543732836E-01    0.119900289286073E-05    0.256464019754712E-01    0.306300083715584E-01
    0.941000000000017E-01    0.293625942478270E-01    0.120251403114678E-05    0.256727547537002E-01    0.306615503001712E-01
    0.942000000000017E-01    0.293930325543786E-01    0.120603214480143E-05    0.256991056487695E-01    0.306930901580025E-01
    0.943000000000017E-01    0.294234692930289E-01    0.120955724063778E-05    0.257254546607855E-01    0.307246279452973E-01
    0.944000000000017E-01    0.294539044638683E-01    0.121308932546313E-05    0.257518017898546E-01    0.307561636623003E-01
    0.945000000000017E-01    0.294843380669874E-01    0.121662840608494E-05    0.257781470360833E-01    0.307876973092564E-01
    0.946000000000017E-01    0.295147701024767E-01    0.122017448930802E-05    0.258044903995779E-01    0.308192288864103E-01
    0.947000000000017E-01    0.295452005704266E-01    0.122372758194018E-05    0.258308318804450E-01    0.308507583940067E-01
    0.948000000000017E-01    0.295756294709277E-01    0.122728769078539E-05    0.258571714787908E-01    0.308822858322903E-01
    0.949000000000017E-01    0.296060568040704E-01    0.123085482264614E-05    0.258835091947217E-01    0.309138112015058E-01
    0.950000000000017E-01    0.296364825699452E-01    0.123442898432356E-05    0.259098450283442E-01    0.309453345018979E-01
    0.951000000000017E-01    0.296669067686426E-01    0.123801018262204E-05    0.259361789797645E-01    0.309768557337110E-01
    0.952000000000017E-01    0.296973294002530E-01    0.124159842433982E-05    0.259625110490892E-01    0.310083748971897E-01
    0.953000000000017E-01    0.297277504648668E-01    0.124519371627520E-05    0.259888412364244E-01    0.310398919925786E-01
    0.954000000000017E-01    0.297581699625746E-01    0.124879606522896E-05    0.260151695418766E-01    0.310714070201222E-01
    0.955000000000017E-01    0.297885878934668E-01    0.125240547799326E-05    0.260414959655521E-01    0.311029199800648E-01
    0.956000000000017E-01    0.298190042576337E-01    0.125602196136687E-05    0.260678205075572E-01    0.311344308726510E-01
    0.957000000000017E-01    0.298494190551659E-01    0.125964552214147E-05    0.260941431679982E-01    0.311659396981250E-01
    0.958000000000017E-01    0.298798322861537E-01    0.126327616711297E-05    0.261204639469815E-01    0.311974464567313E-01
    0.959000000000017E-01    0.299102439506875E-01    0.126691390306983E-05    0.261467828446133E-01    0.312289511487141E-01
    0.960000000000017E-01    0.299406540488578E-01    0.127055873680708E-05    0.261730998610000E-01    0.312604537743176E-01
    0.961000000000017E-01    0.299710625807550E-01    0.127421067511106E-05    0.261994149962478E-01    0.312919543337863E-01
    0.962000000000017E-01    0.300014695464695E-01    0.127786972477312E-05    0.262257282504630E-01    0.313234528273641E-01
    0.963000000000017E-01    0.300318749460916E-01    0.128153589257935E-05    0.262520396237518E-01    0.313549492552954E-01
    0.964000000000017E-01    0.300622787797118E-01    0.128520918531874E-05    0.262783491162206E-01    0.313864436178242E-01
    0.965000000000017E-01    0.300926810474204E-01    0.128888960977353E-05    0.263046567279756E-01    0.314179359151947E-01
    0.966000000000017E-01    0.301230817493078E-01    0.129257717273307E-05    0.263309624591231E-01    0.314494261476509E-01
    0.967000000000017E-01    0.301534808854643E-01    0.129627188097692E-05    0.263572663097692E-01    0.314809143154368E-01
    0.968000000000017E-01    0.301838784559804E-01    0.129997374128843E-05    0.263835682800202E-01    0.315124004187964E-01
    0.969000000000017E-01    0.302142744609463E-01    0.130368276044905E-05    0.264098683699823E-01    0.315438844579737E-01
    0.970000000000018E-01    0.302446689004525E-01    0.130739894523720E-05    0.264361665797617E-01    0.315753664332126E-01
    0.971000000000018E-01    0.302750617745892E-01    0.131112230243208E-05    0.264624629094646E-01    0.316068463447570E-01
    0.972000000000018E-01    0.303054530834468E-01    0.131485283881184E-05    0.264887573591973E-01    0.316383241928508E-01
    0.973000000000018E-01    0.303358428271156E-01    0.131859056115436E-05    0.265150499290659E-01    0.316697999777377E-01
    0.974000000000018E-01    0.303662310056860E-01    0.132233547623391E-05    0.265413406191766E-01    0.317012736996616E-01
    0.975000000000018E-01    0.303966176192482E-01    0.132608759082560E-05    0.265676294296355E-01    0.317327453588662E-01
    0.976000000000018E-01    0.304270026678927E-01    0.132984691170266E-05    0.265939163605488E-01    0.317642149555952E-01
    0.977000000000018E-01    0.304573861517096E-01    0.133361344563753E-05    0.266202014120227E-01    0.317956824900923E-01
    0.978000000000018E-01    0.304877680707892E-01    0.133738719940027E-05    0.266464845841633E-01    0.318271479626012E-01
    0.979000000000018E-01    0.305181484252220E-01    0.134116817976221E-05    0.266727658770768E-01    0.318586113733654E-01
    0.980000000000018E-01    0.305485272150981E-01    0.134495639349030E-05    0.266990452908692E-01    0.318900727226285E-01
    0.981000000000018E-01    0.305789044405078E-01    0.134875184735506E-05    0.267253228256468E-01    0.319215320106341E-01
    0.982000000000018E-01    0.306092801015414E-01    0.135255454812504E-05    0.267515984815155E-01    0.319529892376257E-01
    0.983000000000018E-01    0.306396541982892E-01    0.135636450256109E-05    0.267778722585815E-01    0.319844444038467E-01
    0.984000000000018E-01    0.306700267308415E-01    0.136018171743016E-05    0.268041441569510E-01    0.320158975095406E-01
    0.985000000000018E-01    0.307003976992884E-01    0.136400619949555E-05    0.268304141767299E-01    0.320473485549508E-01
    0.986000000000018E-01    0.307307671037203E-01    0.136783795551889E-05    0.268566823180244E-01    0.320787975403206E-01
    0.987000000000018E-01    0.307611349442273E-01    0.137167699226226E-05    0.268829485809406E-01    0.321102444658934E-01
    0.988000000000018E-01    0.307915012208998E-01    0.137552331648638E-05    0.269092129655844E-01    0.321416893319125E-01
    0.989000000000018E-01    0.308218659338277E-01    0.137937693494472E-05    0.269354754720620E-01    0.321731321386212E-01
    0.990000000000018E-01    0.308522290831017E-01    0.138323785440663E-05    0.269617361004794E-01    0.322045728862626E-01
    0.991000000000018E-01    0.308825906688118E-01    0.138710608162124E-05    0.269879948509426E-01    0.322360115750799E-01
    0.992000000000018E-01    0.309129506910481E-01    0.139098162334600E-05    0.270142517235577E-01    0.322674482053164E-01
    0.993000000000018E-01    0.309433091499010E-01    0.139486448633599E-05    0.270405067184306E-01    0.322988827772151E-01
    0.994000000000018E-01    0.309736660454605E-01    0.139875467734352E-05    0.270667598356675E-01    0.323303152910192E-01
    0.995000000000018E-01    0.310040213778170E-01    0.140265220312271E-05    0.270930110753742E-01    0.323617457469716E-01
    0.996000000000018E-01    0.310343751470605E-01    0.140655707042451E-05    0.271192604376569E-01    0.323931741453155E-01
    0.997000000000018E-01    0.310647273532813E-01    0.141046928599830E-05    0.271455079226214E-01    0.324246004862937E-01
    0.998000000000018E-01    0.310950779965695E-01    0.141438885659552E-05    0.271717535303738E-01    0.324560247701493E-01
    0.999000000000018E-01    0.311254270770154E-01    0.141831578896137E-05    0.271979972610200E-01    0.324874469971251E-01
    0.100000000000002E+00    0.311557745947090E-01    0.142225008984546E-05    0.272242391146660E-01    0.325188671674641E-01
    0.100100000000002E+00    0.311861205497405E-01    0.142619176599398E-05    0.272504790914177E-01    0.325502852814090E-01
    0.100200000000002E+00    0.312164649422001E-01    0.143014082414942E-05    0.272767171913812E-01    0.325817013392028E-01
    0.100300000000002E+00    0.312468077721779E-01    0.143409727105628E-05    0.273029534146622E-01    0.326131153410881E-01
    0.100400000000002E+00    0.312771490397640E-01    0.143806111345733E-05    0.273291877613668E-01    0.326445272873077E-01
    0.100500000000002E+00    0.313074887450487E-01    0.144203235809517E-05    0.273554202316009E-01    0.326759371781043E-01
    0.100600000000002E+00    0.313378268881219E-01    0.144601101171009E-05    0.273816508254704E-01    0.327073450137207E-01
    0.100700000000002E+00    0.313681634690739E-01    0.144999708104172E-05    0.274078795430812E-01    0.327387507943993E-01
    0.100800000000002E+00    0.313984984879947E-01    0.145399057283016E-05    0.274341063845391E-01    0.327701545203829E-01
    0.100900000000002E+00    0.314288319449744E-01    0.145799149381086E-05    0.274603313499502E-01    0.328015561919140E-01
    0.101000000000002E+00    0.314591638401032E-01    0.146199985071791E-05    0.274865544394202E-01    0.328329558092351E-01
    0.101100000000002E+00    0.314894941734711E-01    0.146601565028880E-05    0.275127756530550E-01    0.328643533725887E-01
    0.101200000000002E+00    0.315198229451683E-01    0.147003889925911E-05    0.275389949909605E-01    0.328957488822174E-01
    0.101300000000002E+00    0.315501501552847E-01    0.147406960435957E-05    0.275652124532426E-01    0.329271423383635E-01
    0.101400000000002E+00    0.315804758039106E-01    0.147810777232046E-05    0.275914280400071E-01    0.329585337412693E-01
    0.101500000000002E+00    0.316107998911359E-01    0.148215340987405E-05    0.276176417513598E-01    0.329899230911774E-01
    0.101600000000002E+00    0.316411224170507E-01    0.148620652374801E-05    0.276438535874065E-01    0.330213103883300E-01
    0.101700000000002E+00    0.316714433817450E-01    0.149026712067486E-05    0.276700635482532E-01    0.330526956329694E-01
    0.101800000000002E+00    0.317017627853090E-01    0.149433520738031E-05    0.276962716340055E-01    0.330840788253378E-01
    0.101900000000002E+00    0.317320806278327E-01    0.149841079059092E-05    0.277224778447693E-01    0.331154599656776E-01
    0.102000000000002E+00    0.317623969094060E-01    0.150249387703075E-05    0.277486821806505E-01    0.331468390542307E-01
    0.102100000000002E+00    0.317927116301191E-01    0.150658447342573E-05    0.277748846417547E-01    0.331782160912396E-01
    0.102200000000002E+00    0.318230247900620E-01    0.151068258649969E-05    0.278010852281878E-01    0.332095910769461E-01
    0.102300000000002E+00    0.318533363893246E-01    0.151478822297224E-05    0.278272839400555E-01    0.332409640115925E-01
    0.102400000000002E+00    0.318836464279971E-01    0.151890138956373E-05    0.278534807774637E-01    0.332723348954208E-01
    0.102500000000002E+00    0.319139549061693E-01    0.152302209299871E-05    0.278796757405180E-01    0.333037037286729E-01
    0.102600000000002E+00    0.319442618239314E-01    0.152715033999184E-05    0.279058688293242E-01    0.333350705115909E-01
    0.102700000000002E+00    0.319745671813732E-01    0.153128613726155E-05    0.279320600439881E-01    0.333664352444167E-01
    0.102800000000002E+00    0.320048709785848E-01    0.153542949152570E-05    0.279582493846153E-01    0.333977979273923E-01
    0.102900000000002E+00    0.320351732156562E-01    0.153958040950090E-05    0.279844368513117E-01    0.334291585607595E-01
    0.103000000000002E+00    0.320654738926774E-01    0.154373889789922E-05    0.280106224441828E-01    0.334605171447601E-01
    0.103100000000002E+00    0.320957730097382E-01    0.154790496343465E-05    0.280368061633345E-01    0.334918736796359E-01
    0.103200000000002E+00    0.321260705669288E-01    0.155207861282065E-05    0.280629880088724E-01    0.335232281656288E-01
    0.103300000000002E+00    0.321563665643390E-01    0.155625985276864E-05    0.280891679809022E-01    0.335545806029804E-01
    0.103400000000002E+00    0.321866610020587E-01    0.156044868998685E-05    0.281153460795297E-01    0.335859309919326E-01
    0.103500000000002E+00    0.322169538801780E-01    0.156464513118602E-05    0.281415223048604E-01    0.336172793327268E-01
    0.103600000000002E+00    0.322472451987868E-01    0.156884918307217E-05    0.281676966570000E-01    0.336486256256049E-01
    0.103700000000002E+00    0.322775349579750E-01    0.157306085235591E-05    0.281938691360542E-01    0.336799698708083E-01
    0.103800000000002E+00    0.323078231578326E-01    0.157728014574003E-05    0.282200397421286E-01    0.337113120685786E-01
    0.103900000000002E+00    0.323381097984493E-01    0.158150706992892E-05    0.282462084753290E-01    0.337426522191574E-01
    0.104000000000002E+00    0.323683948799153E-01    0.158574163162838E-05    0.282723753357608E-01    0.337739903227862E-01
    0.104100000000002E+00    0.323986784023203E-01    0.158998383754057E-05    0.282985403235298E-01    0.338053263797065E-01
    0.104200000000002E+00    0.324289603657544E-01    0.159423369436700E-05    0.283247034387415E-01    0.338366603901596E-01
    0.104300000000002E+00    0.324592407703073E-01    0.159849120880822E-05    0.283508646815016E-01    0.338679923543869E-01
    0.104400000000002E+00    0.324895196160689E-01    0.160275638756397E-05    0.283770240519156E-01    0.338993222726299E-01
    0.104500000000002E+00    0.325197969031292E-01    0.160702923733233E-05    0.284031815500892E-01    0.339306501451298E-01
    0.104600000000002E+00    0.325500726315781E-01    0.161130976480914E-05    0.284293371761279E-01    0.339619759721279E-01
    0.104700000000002E+00    0.325803468015052E-01    0.161559797668773E-05    0.284554909301373E-01    0.339932997538655E-01
    0.104800000000002E+00    0.326106194130007E-01    0.161989387967189E-05    0.284816428122230E-01    0.340246214905838E-01
    0.104900000000002E+00    0.326408904661544E-01    0.162419748045096E-05    0.285077928224906E-01    0.340559411825240E-01
    0.105000000000002E+00    0.326711599610560E-01    0.162850878571660E-05    0.285339409610455E-01    0.340872588299273E-01
    0.105100000000002E+00    0.327014278977955E-01    0.163282780216361E-05    0.285600872279933E-01    0.341185744330347E-01
    0.105200000000002E+00    0.327316942764626E-01    0.163715453647985E-05    0.285862316234396E-01    0.341498879920874E-01
    0.105300000000002E+00    0.327619590971472E-01    0.164148899535690E-05    0.286123741474899E-01    0.341811995073264E-01
    0.105400000000002E+00    0.327922223599392E-01    0.164583118548528E-05    0.286385148002496E-01    0.342125089789927E-01
    0.105500000000002E+00    0.328224840649283E-01    0.165018111354864E-05    0.286646535818244E-01    0.342438164073273E-01
    0.105600000000002E+00    0.328527442122044E-01    0.165453878623707E-05    0.286907904923197E-01    0.342751217925711E-01
    0.105700000000002E+00    0.328830028018572E-01    0.165890421023436E-05    0.287169255318410E-01    0.343064251349651E-01
    0.105800000000002E+00    0.329132598339767E-01    0.166327739222465E-05    0.287430587004938E-01    0.343377264347501E-01
    0.105900000000002E+00    0.329435153086525E-01    0.166765833889056E-05    0.287691899983835E-01    0.343690256921670E-01
    0.106000000000002E+00    0.329737692259745E-01    0.167204705691600E-05    0.287953194256157E-01    0.344003229074565E-01
    0.106100000000002E+00    0.330040215860324E-01    0.167644355298304E-05    0.288214469822957E-01    0.344316180808596E-01
    0.106200000000002E+00    0.330342723889161E-01    0.168084783377304E-05    0.288475726685291E-01    0.344629112126168E-01
    0.106300000000002E+00    0.330645216347153E-01    0.168525990596044E-05    0.288736964844213E-01    0.344942023029689E-01
    0.106400000000002E+00    0.330947693235197E-01    0.168967977622575E-05    0.288998184300777E-01    0.345254913521566E-01
    0.106500000000002E+00    0.331250154554192E-01    0.169410745124238E-05    0.289259385056037E-01    0.345567783604205E-01
    0.106600000000002E+00    0.331552600305035E-01    0.169854293769151E-05    0.289520567111048E-01    0.345880633280012E-01
    0.106700000000002E+00    0.331855030488623E-01    0.170298624224549E-05    0.289781730466863E-01    0.346193462551392E-01
    0.106800000000002E+00    0.332157445105854E-01    0.170743737157932E-05    0.290042875124538E-01    0.346506271420752E-01
    0.106900000000002E+00    0.332459844157625E-01    0.171189633236316E-05    0.290304001085125E-01    0.346819059890496E-01
    0.107000000000002E+00    0.332762227644833E-01    0.171636313126935E-05    0.290565108349678E-01    0.347131827963029E-01
    0.107100000000002E+00    0.333064595568377E-01    0.172083777497173E-05    0.290826196919252E-01    0.347444575640755E-01
    0.107200000000002E+00    0.333366947929152E-01    0.172532027013809E-05    0.291087266794900E-01    0.347757302926078E-01
    0.107300000000002E+00    0.333669284728056E-01    0.172981062343533E-05    0.291348317977675E-01    0.348070009821401E-01
    0.107400000000002E+00    0.333971605965986E-01    0.173430884153290E-05    0.291609350468632E-01    0.348382696329128E-01
    0.107500000000002E+00    0.334273911643839E-01    0.173881493109451E-05    0.291870364268823E-01    0.348695362451663E-01
    0.107600000000002E+00    0.334576201762512E-01    0.174332889878656E-05    0.292131359379302E-01    0.349008008191406E-01
    0.107700000000002E+00    0.334878476322902E-01    0.174785075127315E-05    0.292392335801122E-01    0.349320633550762E-01
    0.107800000000002E+00    0.335180735325905E-01    0.175238049521835E-05    0.292653293535336E-01    0.349633238532130E-01
    0.107900000000002E+00    0.335482978772419E-01    0.175691813728447E-05    0.292914232582998E-01    0.349945823137915E-01
    0.108000000000002E+00    0.335785206663339E-01    0.176146368413187E-05    0.293175152945161E-01    0.350258387370515E-01
    0.108100000000002E+00    0.336087418999564E-01    0.176601714241819E-05    0.293436054622877E-01    0.350570931232333E-01
    0.108200000000002E+00    0.336389615781988E-01    0.177057851880639E-05    0.293696937617199E-01    0.350883454725768E-01
    0.108300000000002E+00    0.336691797011509E-01    0.177514781995256E-05    0.293957801929181E-01    0.351195957853221E-01
    0.108400000000002E+00    0.336993962689024E-01    0.177972505251412E-05    0.294218647559874E-01    0.351508440617092E-01
    0.108500000000002E+00    0.337296112815428E-01    0.178431022314411E-05    0.294479474510332E-01    0.351820903019781E-01
    0.108600000000002E+00    0.337598247391617E-01    0.178890333849894E-05    0.294740282781606E-01    0.352133345063686E-01
    0.108700000000002E+00    0.337900366418489E-01    0.179350440523322E-05    0.295001072374750E-01    0.352445766751206E-01
    0.108800000000002E+00    0.338202469896939E-01    0.179811342999805E-05    0.295261843290816E-01    0.352758168084740E-01
    0.108900000000002E+00    0.338504557827863E-01    0.180273041944476E-05    0.295522595530856E-01    0.353070549066685E-01
    0.109000000000002E+00    0.338806630212158E-01    0.180735538022394E-05    0.295783329095923E-01    0.353382909699441E-01
    0.109100000000002E+00    0.339108687050719E-01    0.181198831898604E-05    0.296044043987067E-01    0.353695249985403E-01
    0.109200000000002E+00    0.339410728344442E-01    0.181662924237974E-05    0.296304740205342E-01    0.354007569926970E-01
    0.109300000000002E+00    0.339712754094224E-01    0.182127815705103E-05    0.296565417751800E-01    0.354319869526538E-01
    0.109400000000002E+00    0.340014764300960E-01    0.182593506964559E-05    0.296826076627492E-01    0.354632148786503E-01
    0.109500000000002E+00    0.340316758965545E-01    0.183059998680759E-05    0.297086716833470E-01    0.354944407709262E-01
    0.109600000000002E+00    0.340618738088876E-01    0.183527291518387E-05    0.297347338370786E-01    0.355256646297209E-01
    0.109700000000002E+00    0.340920701671849E-01    0.183995386141633E-05    0.297607941240491E-01    0.355568864552742E-01
    0.109800000000002E+00    0.341222649715358E-01    0.184464283215003E-05    0.297868525443637E-01    0.355881062478254E-01
    0.109900000000002E+00    0.341524582220299E-01    0.184933983402142E-05    0.298129090981276E-01    0.356193240076140E-01
    0.110000000000002E+00    0.341826499187568E-01    0.185404487367138E-05    0.298389637854458E-01    0.356505397348795E-01
    0.110100000000002E+00    0.342128400618060E-01    0.185875795773949E-05    0.298650166064236E-01    0.356817534298613E-01
    0.110200000000002E+00    0.342430286512670E-01    0.186347909286413E-05    0.298910675611660E-01    0.357129650927987E-01
    0.110300000000002E+00    0.342732156872294E-01    0.186820828567892E-05    0.299171166497781E-01    0.357441747239311E-01
    0.110400000000002E+00    0.343034011697827E-01    0.187294554282067E-05    0.299431638723651E-01    0.357753823234977E-01
    0.110500000000002E+00    0.343335850990164E-01    0.187769087092757E-05    0.299692092290321E-01    0.358065878917379E-01
    0.110600000000002E+00    0.343637674750200E-01    0.188244427662979E-05    0.299952527198841E-01    0.358377914288909E-01
    0.110700000000002E+00    0.343939482978828E-01    0.188720576655515E-05    0.300212943450262E-01    0.358689929351958E-01
    0.110800000000002E+00    0.344241275676947E-01    0.189197534734629E-05    0.300473341045635E-01    0.359001924108919E-01
    0.110900000000002E+00    0.344543052845450E-01    0.189675302562752E-05    0.300733719986010E-01    0.359313898562182E-01
    0.111000000000002E+00    0.344844814485232E-01    0.190153880802814E-05    0.300994080272439E-01    0.359625852714139E-01
    0.111100000000002E+00    0.345146560597187E-01    0.190633270117622E-05    0.301254421905971E-01    0.359937786567180E-01
    0.111200000000002E+00    0.345448291182210E-01    0.191113471170246E-05    0.301514744887658E-01    0.360249700123695E-01
    0.111300000000002E+00    0.345750006241197E-01    0.191594484622953E-05    0.301775049218548E-01    0.360561593386075E-01
    0.111400000000002E+00    0.346051705775041E-01    0.192076311138272E-05    0.302035334899694E-01    0.360873466356709E-01
    0.111500000000002E+00    0.346353389784636E-01    0.192558951378712E-05    0.302295601932143E-01    0.361185319037985E-01
    0.111600000000002E+00    0.346655058270879E-01    0.193042406006304E-05    0.302555850316948E-01    0.361497151432294E-01
    0.111700000000002E+00    0.346956711234662E-01    0.193526675683810E-05    0.302816080055157E-01    0.361808963542024E-01
    0.111800000000002E+00    0.347258348676880E-01    0.194011761073046E-05    0.303076291147821E-01    0.362120755369562E-01
    0.111900000000002E+00    0.347559970598428E-01    0.194497662835866E-05    0.303336483595990E-01    0.362432526917296E-01
    0.112000000000002E+00    0.347861577000199E-01    0.194984381634259E-05    0.303596657400713E-01    0.362744278187615E-01
    0.112100000000002E+00    0.348163167883089E-01    0.195471918129904E-05    0.303856812563039E-01    0.363056009182906E-01
    0.112200000000002E+00    0.348464743247990E-01    0.195960272984601E-05    0.304116949084019E-01    0.363367719905554E-01
    0.112300000000002E+00    0.348766303095797E-01    0.196449446860049E-05    0.304377066964702E-01    0.363679410357948E-01
    0.112400000000002E+00    0.349067847427404E-01    0.196939440417717E-05    0.304637166206137E-01    0.363991080542472E-01
    0.112500000000002E+00    0.349369376243705E-01    0.197430254318634E-05    0.304897246809374E-01    0.364302730461513E-01
    0.112600000000002E+00    0.349670889545594E-01    0.197921889224544E-05    0.305157308775462E-01    0.364614360117456E-01
    0.112700000000002E+00    0.349972387333964E-01    0.198414345795945E-05    0.305417352105450E-01    0.364925969512687E-01
    0.112800000000002E+00    0.350273869609710E-01    0.198907624694570E-05    0.305677376800386E-01    0.365237558649589E-01
    0.112900000000002E+00    0.350575336373724E-01    0.199401726581056E-05    0.305937382861321E-01    0.365549127530549E-01
    0.113000000000002E+00    0.350876787626901E-01    0.199896652116323E-05    0.306197370289303E-01    0.365860676157949E-01
    0.113100000000002E+00    0.351178223370134E-01    0.200392401961254E-05    0.306457339085381E-01    0.366172204534173E-01
    0.113200000000002E+00    0.351479643604316E-01    0.200888976776134E-05    0.306717289250603E-01    0.366483712661605E-01
    0.113300000000002E+00    0.351781048330341E-01    0.201386377221669E-05    0.306977220786019E-01    0.366795200542629E-01
    0.113400000000002E+00    0.352082437549102E-01    0.201884603958340E-05    0.307237133692677E-01    0.367106668179626E-01
    0.113500000000002E+00    0.352383811261493E-01    0.202383657646352E-05    0.307497027971624E-01    0.367418115574979E-01
    0.113600000000002E+00    0.352685169468407E-01    0.202883538946183E-05    0.307756903623911E-01    0.367729542731071E-01
    0.113700000000002E+00    0.352986512170737E-01    0.203384248517720E-05    0.308016760650585E-01    0.368040949650283E-01
    0.113800000000002E+00    0.353287839369376E-01    0.203885787020893E-05    0.308276599052694E-01    0.368352336334996E-01
    0.113900000000002E+00    0.353589151065217E-01    0.204388155115733E-05    0.308536418831286E-01    0.368663702787592E-01
    0.114000000000002E+00    0.353890447259152E-01    0.204891353462033E-05    0.308796219987410E-01    0.368975049010450E-01
    0.114100000000002E+00    0.354191727952076E-01    0.205395382719706E-05    0.309056002522114E-01    0.369286375005952E-01
    0.114200000000002E+00    0.354492993144881E-01    0.205900243548016E-05    0.309315766436445E-01    0.369597680776478E-01
    0.114300000000002E+00    0.354794242838460E-01    0.206405936606574E-05    0.309575511731451E-01    0.369908966324407E-01
    0.114400000000002E+00    0.355095477033705E-01    0.206912462555056E-05    0.309835238408181E-01    0.370220231652119E-01
    0.114500000000002E+00    0.355396695731509E-01    0.207419822052478E-05    0.310094946467681E-01    0.370531476761992E-01
    0.114600000000002E+00    0.355697898932765E-01    0.207928015757992E-05    0.310354635911000E-01    0.370842701656405E-01
    0.114700000000002E+00    0.355999086638365E-01    0.208437044330709E-05    0.310614306739184E-01    0.371153906337737E-01
    0.114800000000002E+00    0.356300258849201E-01    0.208946908429684E-05    0.310873958953282E-01    0.371465090808366E-01
    0.114900000000002E+00    0.356601415566167E-01    0.209457608713744E-05    0.311133592554341E-01    0.371776255070669E-01
    0.115000000000002E+00    0.356902556790155E-01    0.209969145841675E-05    0.311393207543407E-01    0.372087399127023E-01
    0.115100000000002E+00    0.357203682522056E-01    0.210481520471950E-05    0.311652803921529E-01    0.372398522979806E-01
    0.115200000000002E+00    0.357504792762764E-01    0.210994733263478E-05    0.311912381689753E-01    0.372709626631394E-01
    0.115300000000002E+00    0.357805887513170E-01    0.211508784874597E-05    0.312171940849126E-01    0.373020710084164E-01
    0.115400000000002E+00    0.358106966774166E-01    0.212023675963468E-05    0.312431481400695E-01    0.373331773340491E-01
    0.115500000000002E+00    0.358408030546645E-01    0.212539407188628E-05    0.312691003345507E-01    0.373642816402751E-01
    0.115600000000002E+00    0.358709078831499E-01    0.213055979207921E-05    0.312950506684608E-01    0.373953839273319E-01
    0.115700000000002E+00    0.359010111629618E-01    0.213573392679766E-05    0.313209991419047E-01    0.374264841954570E-01
    0.115800000000002E+00    0.359311128941896E-01    0.214091648261946E-05    0.313469457549868E-01    0.374575824448879E-01
    0.115900000000002E+00    0.359612130769225E-01    0.214610746612561E-05    0.313728905078118E-01    0.374886786758620E-01
    0.116000000000002E+00    0.359913117112495E-01    0.215130688388919E-05    0.313988334004845E-01    0.375197728886167E-01
    0.116100000000002E+00    0.360214087972599E-01    0.215651474248623E-05    0.314247744331094E-01    0.375508650833893E-01
    0.116200000000002E+00    0.360515043350428E-01    0.216173104849712E-05    0.314507136057912E-01    0.375819552604172E-01
    0.116300000000002E+00    0.360815983246873E-01    0.216695580849382E-05    0.314766509186344E-01    0.376130434199377E-01
    0.116400000000002E+00    0.361116907662827E-01    0.217218902904594E-05    0.315025863717438E-01    0.376441295621880E-01
    0.116500000000002E+00    0.361417816599181E-01    0.217743071673109E-05    0.315285199652238E-01    0.376752136874053E-01
    0.116600000000002E+00    0.361718710056826E-01    0.218268087811609E-05    0.315544516991791E-01    0.377062957958268E-01
    0.116700000000002E+00    0.362019588036654E-01    0.218793951977419E-05    0.315803815737143E-01    0.377373758876898E-01
    0.116800000000002E+00    0.362320450539554E-01    0.219320664826669E-05    0.316063095889339E-01    0.377684539632312E-01
    0.116900000000002E+00    0.362621297566420E-01    0.219848227017381E-05    0.316322357449425E-01    0.377995300226882E-01
    0.117000000000002E+00    0.362922129118142E-01    0.220376639205733E-05    0.316581600418447E-01    0.378306040662978E-01
    0.117100000000002E+00    0.363222945195611E-01    0.220905902048375E-05    0.316840824797451E-01    0.378616760942971E-01
    0.117200000000002E+00    0.363523745799719E-01    0.221436016201849E-05    0.317100030587481E-01    0.378927461069230E-01
    0.117300000000002E+00    0.363824530931355E-01    0.221966982322471E-05    0.317359217789584E-01    0.379238141044125E-01
    0.117400000000002E+00    0.364125300591412E-01    0.222498801066785E-05    0.317618386404803E-01    0.379548800870024E-01
    0.117500000000002E+00    0.364426054780780E-01    0.223031473090794E-05    0.317877536434186E-01    0.379859440549298E-01
    0.117600000000002E+00    0.364726793500349E-01    0.223564999050330E-05    0.318136667878776E-01    0.380170060084314E-01
    0.117700000000002E+00    0.365027516751011E-01    0.224099379601654E-05    0.318395780739619E-01    0.380480659477440E-01
    0.117800000000002E+00    0.365328224533655E-01    0.224634615400895E-05    0.318654875017759E-01    0.380791238731045E-01
    0.117900000000002E+00    0.365628916849173E-01    0.225170707103495E-05    0.318913950714242E-01    0.381101797847495E-01
    0.118000000000002E+00    0.365929593698456E-01    0.225707655364985E-05    0.319173007830113E-01    0.381412336829158E-01
    0.118100000000002E+00    0.366230255082392E-01    0.226245460841386E-05    0.319432046366415E-01    0.381722855678401E-01
    0.118200000000002E+00    0.366530901001874E-01    0.226784124188002E-05    0.319691066324194E-01    0.382033354397589E-01
    0.118300000000002E+00    0.366831531457791E-01    0.227323646060450E-05    0.319950067704494E-01    0.382343832989090E-01
    0.118400000000002E+00    0.367132146451034E-01    0.227864027113659E-05    0.320209050508360E-01    0.382654291455268E-01
    0.118500000000002E+00    0.367432745982493E-01    0.228405268002672E-05    0.320468014736836E-01    0.382964729798490E-01
    0.118600000000002E+00    0.367733330053058E-01    0.228947369383150E-05    0.320726960390966E-01    0.383275148021120E-01
    0.118700000000002E+00    0.368033898663619E-01    0.229490331909543E-05    0.320985887471795E-01    0.383585546125524E-01
    0.118800000000002E+00    0.368334451815066E-01    0.230034156236980E-05    0.321244795980366E-01    0.383895924114065E-01
    0.118900000000002E+00    0.368634989508289E-01    0.230578843020188E-05    0.321503685917724E-01    0.384206281989107E-01
    0.119000000000002E+00    0.368935511744178E-01    0.231124392913869E-05    0.321762557284912E-01    0.384516619753015E-01
    0.119100000000002E+00    0.369236018523623E-01    0.231670806572655E-05    0.322021410082975E-01    0.384826937408152E-01
    0.119200000000002E+00    0.369536509847513E-01    0.232218084650829E-05    0.322280244312956E-01    0.385137234956880E-01
    0.119300000000002E+00    0.369836985716739E-01    0.232766227802830E-05    0.322539059975899E-01    0.385447512401563E-01
    0.119400000000002E+00    0.370137446132190E-01    0.233315236683119E-05    0.322797857072848E-01    0.385757769744563E-01
    0.119500000000002E+00    0.370437891094756E-01    0.233865111945518E-05    0.323056635604846E-01    0.386068006988242E-01
    0.119600000000002E+00    0.370738320605326E-01    0.234415854244103E-05    0.323315395572936E-01    0.386378224134962E-01
    0.119700000000002E+00    0.371038734664789E-01    0.234967464232967E-05    0.323574136978163E-01    0.386688421187083E-01
    0.119800000000002E+00    0.371339133274036E-01    0.235519942565967E-05    0.323832859821568E-01    0.386998598146968E-01
    0.119900000000002E+00    0.371639516433955E-01    0.236073289896950E-05    0.324091564104196E-01    0.387308755016976E-01
    0.120000000000002E+00    0.371939884145436E-01    0.236627506879772E-05    0.324350249827090E-01    0.387618891799469E-01
    0.120100000000002E+00    0.372240236409368E-01    0.237182594167292E-05    0.324608916991293E-01    0.387929008496805E-01
    0.120200000000002E+00    0.372540573226641E-01    0.237738552413326E-05    0.324867565597847E-01    0.388239105111346E-01
    0.120300000000002E+00    0.372840894598142E-01    0.238295382271327E-05    0.325126195647795E-01    0.388549181645449E-01
    0.120400000000002E+00    0.373141200524762E-01    0.238853084394533E-05    0.325384807142181E-01    0.388859238101475E-01
    0.120500000000002E+00    0.373441491007390E-01    0.239411659435860E-05    0.325643400082046E-01    0.389169274481781E-01
    0.120600000000002E+00    0.373741766046913E-01    0.239971108048597E-05    0.325901974468435E-01    0.389479290788726E-01
    0.120700000000002E+00    0.374042025644222E-01    0.240531430885724E-05    0.326160530302388E-01    0.389789287024669E-01
    0.120800000000002E+00    0.374342269800205E-01    0.241092628599904E-05    0.326419067584950E-01    0.390099263191966E-01
    0.120900000000002E+00    0.374642498515751E-01    0.241654701844024E-05    0.326677586317161E-01    0.390409219292975E-01
    0.121000000000002E+00    0.374942711791748E-01    0.242217651270417E-05    0.326936086500064E-01    0.390719155330053E-01
    0.121100000000002E+00    0.375242909629085E-01    0.242781477532156E-05    0.327194568134702E-01    0.391029071305557E-01
    0.121200000000002E+00    0.375543092028650E-01    0.243346181281289E-05    0.327453031222117E-01    0.391338967221843E-01
    0.121300000000002E+00    0.375843258991333E-01    0.243911763170182E-05    0.327711475763351E-01    0.391648843081267E-01
    0.121400000000002E+00    0.376143410518021E-01    0.244478223851092E-05    0.327969901759445E-01    0.391958698886184E-01
    0.121500000000002E+00    0.376443546609603E-01    0.245045563976362E-05    0.328228309211441E-01    0.392268534638950E-01
    0.121600000000002E+00    0.376743667266968E-01    0.245613784197661E-05    0.328486698120383E-01    0.392578350341920E-01
    0.121700000000002E+00    0.377043772491003E-01    0.246182885167193E-05    0.328745068487310E-01    0.392888145997447E-01
    0.121800000000002E+00    0.377343862282596E-01    0.246752867536629E-05    0.329003420313265E-01    0.393197921607888E-01
    0.121900000000002E+00    0.377643936642637E-01    0.247323731957905E-05    0.329261753599289E-01    0.393507677175595E-01
    0.122000000000002E+00    0.377943995572012E-01    0.247895479082521E-05    0.329520068346424E-01    0.393817412702923E-01
    0.122100000000002E+00    0.378244039071610E-01    0.248468109562220E-05    0.329778364555711E-01    0.394127128192223E-01
    0.122200000000002E+00    0.378544067142320E-01    0.249041624048203E-05    0.330036642228191E-01    0.394436823645850E-01
    0.122300000000002E+00    0.378844079785028E-01    0.249616023191903E-05    0.330294901364906E-01    0.394746499066156E-01
    0.122400000000002E+00    0.379144077000622E-01    0.250191307644289E-05    0.330553141966898E-01    0.395056154455493E-01
    0.122500000000002E+00    0.379444058789991E-01    0.250767478056689E-05    0.330811364035205E-01    0.395365789816213E-01
    0.122600000000002E+00    0.379744025154022E-01    0.251344535080434E-05    0.331069567570871E-01    0.395675405150668E-01
    0.122700000000002E+00    0.380043976093603E-01    0.251922479366094E-05    0.331327752574936E-01    0.395985000461209E-01
    0.122800000000002E+00    0.380343911609621E-01    0.252501311564137E-05    0.331585919048440E-01    0.396294575750186E-01
    0.122900000000002E+00    0.380643831702964E-01    0.253081032326032E-05    0.331844066992424E-01    0.396604131019951E-01
    0.123000000000002E+00    0.380943736374519E-01    0.253661642302066E-05    0.332102196407929E-01    0.396913666272853E-01
    0.123100000000002E+00    0.381243625625173E-01    0.254243142142422E-05    0.332360307295995E-01    0.397223181511242E-01
    0.123200000000003E+00    0.381543499455815E-01    0.254825532498225E-05    0.332618399657664E-01    0.397532676737469E-01
    0.123300000000003E+00    0.381843357867331E-01    0.255408814019773E-05    0.332876473493975E-01    0.397842151953882E-01
    0.123400000000003E+00    0.382143200860608E-01    0.255992987356826E-05    0.333134528805968E-01    0.398151607162829E-01
    0.123500000000003E+00    0.382443028436535E-01    0.256578053159718E-05    0.333392565594685E-01    0.398461042366661E-01
    0.123600000000003E+00    0.382742840595997E-01    0.257164012078223E-05    0.333650583861164E-01    0.398770457567724E-01
    0.123700000000003E+00    0.383042637339882E-01    0.257750864762864E-05    0.333908583606446E-01    0.399079852768367E-01
    0.123800000000003E+00    0.383342418669076E-01    0.258338611863001E-05    0.334166564831572E-01    0.399389227970937E-01
    0.123900000000003E+00    0.383642184584468E-01    0.258927254028499E-05    0.334424527537580E-01    0.399698583177781E-01
    0.124000000000003E+00    0.383941935086943E-01    0.259516791908959E-05    0.334682471725511E-01    0.400007918391247E-01
    0.124100000000003E+00    0.384241670177388E-01    0.260107226153728E-05    0.334940397396405E-01    0.400317233613680E-01
    0.124200000000003E+00    0.384541389856690E-01    0.260698557412438E-05    0.335198304551301E-01    0.400626528847428E-01
    0.124300000000003E+00    0.384841094125736E-01    0.261290786334568E-05    0.335456193191238E-01    0.400935804094835E-01
    0.124400000000003E+00    0.385140782985412E-01    0.261883913569301E-05    0.335714063317257E-01    0.401245059358247E-01
    0.124500000000003E+00    0.385440456436605E-01    0.262477939765274E-05    0.335971914930396E-01    0.401554294640010E-01
    0.124600000000003E+00    0.385740114480202E-01    0.263072865571657E-05    0.336229748031695E-01    0.401863509942468E-01
    0.124700000000003E+00    0.386039757117088E-01    0.263668691637817E-05    0.336487562622193E-01    0.402172705267966E-01
    0.124800000000003E+00    0.386339384348150E-01    0.264265418612243E-05    0.336745358702929E-01    0.402481880618848E-01
    0.124900000000003E+00    0.386638996174275E-01    0.264863047143825E-05    0.337003136274943E-01    0.402791035997458E-01
    0.125000000000003E+00    0.386938592596348E-01    0.265461577881068E-05    0.337260895339273E-01    0.403100171406139E-01
    0.125100000000003E+00    0.387238173615256E-01    0.266061011472658E-05    0.337518635896958E-01    0.403409286847234E-01
    0.125200000000003E+00    0.387537739231885E-01    0.266661348567198E-05    0.337776357949038E-01    0.403718382323087E-01
    0.125300000000003E+00    0.387837289447121E-01    0.267262589812570E-05    0.338034061496549E-01    0.404027457836040E-01
    0.125400000000003E+00    0.388136824261850E-01    0.267864735856932E-05    0.338291746540533E-01    0.404336513388434E-01
    0.125500000000002E+00    0.388436343676958E-01    0.268467787348833E-05    0.338549413082026E-01    0.404645548982612E-01
    0.125600000000002E+00    0.388735847693331E-01    0.269071744936177E-05    0.338807061122068E-01    0.404954564620915E-01
    0.125700000000002E+00    0.389035336311854E-01    0.269676609267334E-05    0.339064690661697E-01    0.405263560305684E-01
    0.125800000000002E+00    0.389334809533414E-01    0.270282380989524E-05    0.339322301701950E-01    0.405572536039261E-01
    0.125900000000002E+00    0.389634267358896E-01    0.270889060750868E-05    0.339579894243867E-01    0.405881491823985E-01
    0.126000000000002E+00    0.389933709789185E-01    0.271496649198266E-05    0.339837468288486E-01    0.406190427662197E-01
    0.126100000000002E+00    0.390233136825167E-01    0.272105146980021E-05    0.340095023836844E-01    0.406499343556236E-01
    0.126200000000002E+00    0.390532548467729E-01    0.272714554743626E-05    0.340352560889980E-01    0.406808239508442E-01
    0.126300000000002E+00    0.390831944717754E-01    0.273324873135963E-05    0.340610079448932E-01    0.407117115521155E-01
    0.126400000000002E+00    0.391131325576129E-01    0.273936102804738E-05    0.340867579514737E-01    0.407425971596712E-01
    0.126500000000002E+00    0.391430691043738E-01    0.274548244396493E-05    0.341125061088432E-01    0.407734807737452E-01
    0.126600000000002E+00    0.391730041121468E-01    0.275161298558624E-05    0.341382524171057E-01    0.408043623945714E-01
    0.126700000000002E+00    0.392029375810203E-01    0.275775265938082E-05    0.341639968763648E-01    0.408352420223835E-01
    0.126800000000002E+00    0.392328695110829E-01    0.276390147181639E-05    0.341897394867242E-01    0.408661196574153E-01
    0.126900000000002E+00    0.392627999024229E-01    0.277005942935933E-05    0.342154802482878E-01    0.408969952999005E-01
    0.127000000000002E+00    0.392927287551291E-01    0.277622653848020E-05    0.342412191611592E-01    0.409278689500727E-01
    0.127100000000002E+00    0.393226560692898E-01    0.278240280564125E-05    0.342669562254421E-01    0.409587406081656E-01
    0.127200000000002E+00    0.393525818449935E-01    0.278858823731021E-05    0.342926914412404E-01    0.409896102744128E-01
    0.127300000000002E+00    0.393825060823288E-01    0.279478283994799E-05    0.343184248086577E-01    0.410204779490479E-01
    0.127400000000002E+00    0.394124287813840E-01    0.280098662001636E-05    0.343441563277976E-01    0.410513436323044E-01
    0.127500000000002E+00    0.394423499422477E-01    0.280719958397392E-05    0.343698859987640E-01    0.410822073244159E-01
    0.127600000000002E+00    0.394722695650084E-01    0.281342173828877E-05    0.343956138216604E-01    0.411130690256158E-01
    0.127700000000002E+00    0.395021876497544E-01    0.281965308941596E-05    0.344213397965905E-01    0.411439287361375E-01
    0.127800000000002E+00    0.395321041965743E-01    0.282589364381479E-05    0.344470639236581E-01    0.411747864562145E-01
    0.127900000000002E+00    0.395620192055564E-01    0.283214340794217E-05    0.344727862029666E-01    0.412056421860801E-01
    0.128000000000002E+00    0.395919326767893E-01    0.283840238825585E-05    0.344985066346200E-01    0.412364959259678E-01
    0.128100000000002E+00    0.396218446103613E-01    0.284467059121057E-05    0.345242252187216E-01    0.412673476761107E-01
    0.128200000000002E+00    0.396517550063610E-01    0.285094802326293E-05    0.345499419553752E-01    0.412981974367422E-01
    0.128300000000002E+00    0.396816638648766E-01    0.285723469086477E-05    0.345756568446845E-01    0.413290452080954E-01
    0.128400000000002E+00    0.397115711859967E-01    0.286353060046763E-05    0.346013698867530E-01    0.413598909904037E-01
    0.128500000000002E+00    0.397414769698096E-01    0.286983575852910E-05    0.346270810816843E-01    0.413907347839002E-01
    0.128600000000002E+00    0.397713812164037E-01    0.287615017149433E-05    0.346527904295820E-01    0.414215765888181E-01
    0.128700000000002E+00    0.398012839258675E-01    0.288247384581677E-05    0.346784979305497E-01    0.414524164053903E-01
    0.128800000000002E+00    0.398311850982893E-01    0.288880678794194E-05    0.347042035846910E-01    0.414832542338501E-01
    0.128900000000002E+00    0.398610847337575E-01    0.289514900431692E-05    0.347299073921096E-01    0.415140900744305E-01
    0.129000000000002E+00    0.398909828323605E-01    0.290150050138933E-05    0.347556093529088E-01    0.415449239273643E-01
    0.129100000000002E+00    0.399208793941867E-01    0.290786128560745E-05    0.347813094671924E-01    0.415757557928848E-01
    0.129200000000002E+00    0.399507744193244E-01    0.291423136341761E-05    0.348070077350637E-01    0.416065856712247E-01
    0.129300000000002E+00    0.399806679078620E-01    0.292061074125696E-05    0.348327041566265E-01    0.416374135626170E-01
    0.129400000000002E+00    0.400105598598878E-01    0.292699942557152E-05    0.348583987319842E-01    0.416682394672945E-01
    0.129500000000002E+00    0.400404502754901E-01    0.293339742280184E-05    0.348840914612403E-01    0.416990633854902E-01
    0.129600000000002E+00    0.400703391547575E-01    0.293980473939562E-05    0.349097823444984E-01    0.417298853174367E-01
    0.129700000000002E+00    0.401002264977781E-01    0.294622138178770E-05    0.349354713818620E-01    0.417607052633669E-01
    0.129800000000002E+00    0.401301123046404E-01    0.295264735641666E-05    0.349611585734345E-01    0.417915232235136E-01
    0.129900000000002E+00    0.401599965754325E-01    0.295908266972166E-05    0.349868439193195E-01    0.418223391981093E-01
    0.130000000000002E+00    0.401898793102430E-01    0.296552732813927E-05    0.350125274196204E-01    0.418531531873869E-01
    0.130100000000002E+00    0.402197605091599E-01    0.297198133810730E-05    0.350382090744407E-01    0.418839651915789E-01
    0.130200000000002E+00    0.402496401722718E-01    0.297844470605902E-05    0.350638888838838E-01    0.419147752109179E-01
    0.130300000000002E+00    0.402795182996668E-01    0.298491743843109E-05    0.350895668480534E-01    0.419455832456365E-01
    0.130400000000002E+00    0.403093948914332E-01    0.299139954165601E-05    0.351152429670527E-01    0.419763892959673E-01
    0.130500000000002E+00    0.403392699476594E-01    0.299789102215880E-05    0.351409172409852E-01    0.420071933621428E-01
    0.130600000000002E+00    0.403691434684336E-01    0.300439188637769E-05    0.351665896699543E-01    0.420379954443953E-01
    0.130700000000002E+00    0.403990154538441E-01    0.301090214073986E-05    0.351922602540636E-01    0.420687955429575E-01
    0.130800000000002E+00    0.404288859039792E-01    0.301742179167972E-05    0.352179289934163E-01    0.420995936580616E-01
    0.130900000000002E+00    0.404587548189271E-01    0.302395084561874E-05    0.352435958881160E-01    0.421303897899400E-01
    0.131000000000002E+00    0.404886221987761E-01    0.303048930898762E-05    0.352692609382659E-01    0.421611839388252E-01
    0.131100000000002E+00    0.405184880436145E-01    0.303703718821622E-05    0.352949241439695E-01    0.421919761049493E-01
    0.131200000000002E+00    0.405483523535304E-01    0.304359448972826E-05    0.353205855053302E-01    0.422227662885447E-01
    0.131300000000002E+00    0.405782151286121E-01    0.305016121994415E-05    0.353462450224514E-01    0.422535544898435E-01
    0.131400000000002E+00    0.406080763689479E-01    0.305673738529092E-05    0.353719026954363E-01    0.422843407090781E-01
    0.131500000000002E+00    0.406379360746260E-01    0.306332299218547E-05    0.353975585243884E-01    0.423151249464806E-01
    0.131600000000002E+00    0.406677942457346E-01    0.306991804705551E-05    0.354232125094111E-01    0.423459072022831E-01
    0.131700000000002E+00    0.406976508823619E-01    0.307652255632008E-05    0.354488646506076E-01    0.423766874767177E-01
    0.131800000000002E+00    0.407275059845961E-01    0.308313652639789E-05    0.354745149480812E-01    0.424074657700164E-01
    0.131900000000002E+00    0.407573595525254E-01    0.308975996370599E-05    0.355001634019354E-01    0.424382420824114E-01
    0.132000000000002E+00    0.407872115862381E-01    0.309639287466607E-05    0.355258100122735E-01    0.424690164141347E-01
    0.132100000000002E+00    0.408170620858222E-01    0.310303526569090E-05    0.355514547791986E-01    0.424997887654181E-01
    0.132200000000002E+00    0.408469110513661E-01    0.310968714319731E-05    0.355770977028142E-01    0.425305591364937E-01
    0.132300000000002E+00    0.408767584829578E-01    0.311634851360055E-05    0.356027387832235E-01    0.425613275275933E-01
    0.132400000000002E+00    0.409066043806856E-01    0.312301938331246E-05    0.356283780205298E-01    0.425920939389489E-01
    0.132500000000002E+00    0.409364487446375E-01    0.312969975875138E-05    0.356540154148364E-01    0.426228583707922E-01
    0.132600000000002E+00    0.409662915749019E-01    0.313638964632168E-05    0.356796509662466E-01    0.426536208233551E-01
    0.132700000000002E+00    0.409961328715667E-01    0.314308905244129E-05    0.357052846748635E-01    0.426843812968693E-01
    0.132800000000002E+00    0.410259726347202E-01    0.314979798351490E-05    0.357309165407905E-01    0.427151397915665E-01
    0.132900000000002E+00    0.410558108644505E-01    0.315651644595147E-05    0.357565465641308E-01    0.427458963076786E-01
    0.133000000000002E+00    0.410856475608458E-01    0.316324444616349E-05    0.357821747449876E-01    0.427766508454371E-01
    0.133100000000002E+00    0.411154827239941E-01    0.316998199055331E-05    0.358078010834642E-01    0.428074034050737E-01
    0.133200000000002E+00    0.411453163539836E-01    0.317672908552956E-05    0.358334255796637E-01    0.428381539868199E-01
    0.133300000000002E+00    0.411751484509025E-01    0.318348573750020E-05    0.358590482336894E-01    0.428689025909075E-01
    0.133400000000002E+00    0.412049790148387E-01    0.319025195286231E-05    0.358846690456445E-01    0.428996492175678E-01
    0.133500000000002E+00    0.412348080458805E-01    0.319702773802070E-05    0.359102880156321E-01    0.429303938670324E-01
    0.133600000000002E+00    0.412646355441159E-01    0.320381309937869E-05    0.359359051437555E-01    0.429611365395328E-01
    0.133700000000002E+00    0.412944615096330E-01    0.321060804333868E-05    0.359615204301177E-01    0.429918772353005E-01
    0.133800000000002E+00    0.413242859425199E-01    0.321741257630287E-05    0.359871338748221E-01    0.430226159545667E-01
    0.133900000000002E+00    0.413541088428646E-01    0.322422670466900E-05    0.360127454779717E-01    0.430533526975629E-01
    0.134000000000002E+00    0.413839302107554E-01    0.323105043483218E-05    0.360383552396697E-01    0.430840874645205E-01
    0.134100000000002E+00    0.414137500462801E-01    0.323788377319264E-05    0.360639631600192E-01    0.431148202556707E-01
    0.134200000000002E+00    0.414435683495269E-01    0.324472672614482E-05    0.360895692391233E-01    0.431455510712448E-01
    0.134300000000002E+00    0.414733851205839E-01    0.325157930008684E-05    0.361151734770852E-01    0.431762799114741E-01
    0.134400000000002E+00    0.415032003595390E-01    0.325844150141015E-05    0.361407758740081E-01    0.432070067765897E-01
    0.134500000000002E+00    0.415330140664804E-01    0.326531333650994E-05    0.361663764299949E-01    0.432377316668228E-01
    0.134600000000001E+00    0.415628262414960E-01    0.327219481178131E-05    0.361919751451488E-01    0.432684545824046E-01
    0.134700000000001E+00    0.415926368846740E-01    0.327908593360958E-05    0.362175720195730E-01    0.432991755235662E-01
    0.134800000000001E+00    0.416224459961022E-01    0.328598670838918E-05    0.362431670533703E-01    0.433298944905386E-01
    0.134900000000001E+00    0.416522535758688E-01    0.329289714251053E-05    0.362687602466441E-01    0.433606114835529E-01
    0.135000000000001E+00    0.416820596240618E-01    0.329981724236251E-05    0.362943515994972E-01    0.433913265028400E-01
    0.135100000000001E+00    0.417118641407691E-01    0.330674701433082E-05    0.363199411120328E-01    0.434220395486311E-01
    0.135200000000001E+00    0.417416671260787E-01    0.331368646480406E-05    0.363455287843540E-01    0.434527506211569E-01
    0.135300000000001E+00    0.417714685800788E-01    0.332063560016809E-05    0.363711146165636E-01    0.434834597206484E-01
    0.135400000000001E+00    0.418012685028571E-01    0.332759442680749E-05    0.363966986087649E-01    0.435141668473365E-01
    0.135500000000001E+00    0.418310668945018E-01    0.333456295110608E-05    0.364222807610608E-01    0.435448720014520E-01
    0.135600000000001E+00    0.418608637551008E-01    0.334154117944732E-05    0.364478610735543E-01    0.435755751832258E-01
    0.135700000000001E+00    0.418906590847421E-01    0.334852911821381E-05    0.364734395463484E-01    0.436062763928885E-01
    0.135800000000001E+00    0.419204528835136E-01    0.335552677378459E-05    0.364990161795462E-01    0.436369756306710E-01
    0.135900000000001E+00    0.419502451515033E-01    0.336253415254071E-05    0.365245909732505E-01    0.436676728968039E-01
    0.136000000000001E+00    0.419800358887991E-01    0.336955126086274E-05    0.365501639275645E-01    0.436983681915179E-01
    0.136100000000001E+00    0.420098250954890E-01    0.337657810512517E-05    0.365757350425910E-01    0.437290615150437E-01
    0.136200000000001E+00    0.420396127716610E-01    0.338361469170807E-05    0.366013043184331E-01    0.437597528676119E-01
    0.136300000000001E+00    0.420693989174027E-01    0.339066102698213E-05    0.366268717551937E-01    0.437904422494529E-01
    0.136400000000001E+00    0.420991835328025E-01    0.339771711733545E-05    0.366524373529757E-01    0.438211296607975E-01
    0.136500000000001E+00    0.421289666179482E-01    0.340478296913509E-05    0.366780011118821E-01    0.438518151018761E-01
    0.136600000000001E+00    0.421587481729275E-01    0.341185858875523E-05    0.367035630320158E-01    0.438824985729191E-01
    0.136700000000001E+00    0.421885281978285E-01    0.341894398256593E-05    0.367291231134798E-01    0.439131800741570E-01
    0.136800000000001E+00    0.422183066927390E-01    0.342603915694035E-05    0.367546813563769E-01    0.439438596058202E-01
    0.136900000000001E+00    0.422480836577470E-01    0.343314411824999E-05    0.367802377608100E-01    0.439745371681391E-01
    0.137000000000001E+00    0.422778590929403E-01    0.344025887286675E-05    0.368057923268821E-01    0.440052127613441E-01
    0.137100000000001E+00    0.423076329984068E-01    0.344738342715478E-05    0.368313450546961E-01    0.440358863856653E-01
    0.137200000000001E+00    0.423374053742343E-01    0.345451778748609E-05    0.368568959443547E-01    0.440665580413332E-01
    0.137300000000001E+00    0.423671762205109E-01    0.346166196021911E-05    0.368824449959610E-01    0.440972277285780E-01
    0.137400000000001E+00    0.423969455373243E-01    0.346881595172921E-05    0.369079922096177E-01    0.441278954476298E-01
    0.137500000000001E+00    0.424267133247623E-01    0.347597976837770E-05    0.369335375854278E-01    0.441585611987188E-01
    0.137600000000001E+00    0.424564795829130E-01    0.348315341652810E-05    0.369590811234939E-01    0.441892249820753E-01
    0.137700000000001E+00    0.424862443118640E-01    0.349033690254517E-05    0.369846228239192E-01    0.442198867979292E-01
    0.137800000000001E+00    0.425160075117032E-01    0.349753023279202E-05    0.370101626868062E-01    0.442505466465107E-01
    0.137900000000001E+00    0.425457691825185E-01    0.350473341362579E-05    0.370357007122579E-01    0.442812045280498E-01
    0.138000000000001E+00    0.425755293243977E-01    0.351194645140908E-05    0.370612369003771E-01    0.443118604427765E-01
    0.138100000000001E+00    0.426052879374287E-01    0.351916935249878E-05    0.370867712512665E-01    0.443425143909208E-01
    0.138200000000001E+00    0.426350450216992E-01    0.352640212325663E-05    0.371123037650290E-01    0.443731663727127E-01
    0.138300000000001E+00    0.426648005772970E-01    0.353364477004010E-05    0.371378344417674E-01    0.444038163883820E-01
    0.138400000000001E+00    0.426945546043100E-01    0.354089729920090E-05    0.371633632815844E-01    0.444344644381586E-01
    0.138500000000001E+00    0.427243071028260E-01    0.354815971709784E-05    0.371888902845828E-01    0.444651105222724E-01
    0.138600000000001E+00    0.427540580729327E-01    0.355543203008690E-05    0.372144154508654E-01    0.444957546409533E-01
    0.138700000000001E+00    0.427838075147179E-01    0.356271424451773E-05    0.372399387805350E-01    0.445263967944308E-01
    0.138800000000001E+00    0.428135554282695E-01    0.357000636674909E-05    0.372654602736942E-01    0.445570369829349E-01
    0.138900000000001E+00    0.428433018136752E-01    0.357730840312686E-05    0.372909799304458E-01    0.445876752066952E-01
    0.139000000000001E+00    0.428730466710227E-01    0.358462036000351E-05    0.373164977508926E-01    0.446183114659415E-01
    0.139100000000001E+00    0.429027900003998E-01    0.359194224373359E-05    0.373420137351373E-01    0.446489457609032E-01
    0.139200000000001E+00    0.429325318018944E-01    0.359927406065967E-05    0.373675278832825E-01    0.446795780918102E-01
    0.139300000000001E+00    0.429622720755941E-01    0.360661581713096E-05    0.373930401954311E-01    0.447102084588918E-01
    0.139400000000001E+00    0.429920108215866E-01    0.361396751949741E-05    0.374185506716856E-01    0.447408368623778E-01
    0.139500000000001E+00    0.430217480399598E-01    0.362132917410201E-05    0.374440593121488E-01    0.447714633024976E-01
    0.139600000000001E+00    0.430514837308013E-01    0.362870078729176E-05    0.374695661169234E-01    0.448020877794806E-01
    0.139700000000001E+00    0.430812178941989E-01    0.363608236540853E-05    0.374950710861120E-01    0.448327102935564E-01
    0.139800000000001E+00    0.431109505302403E-01    0.364347391479791E-05    0.375205742198172E-01    0.448633308449543E-01
    0.139900000000001E+00    0.431406816390133E-01    0.365087544180318E-05    0.375460755181418E-01    0.448939494339038E-01
    0.140000000000001E+00    0.431704112206054E-01    0.365828695276393E-05    0.375715749811884E-01    0.449245660606341E-01
    0.140100000000001E+00    0.432001392751045E-01    0.366570845401951E-05    0.375970726090597E-01    0.449551807253747E-01
    0.140200000000001E+00    0.432298658025981E-01    0.367313995190970E-05    0.376225684018582E-01    0.449857934283547E-01
    0.140300000000001E+00    0.432595908031741E-01    0.368058145277378E-05    0.376480623596866E-01    0.450164041698034E-01
    0.140400000000001E+00    0.432893142769201E-01    0.368803296295337E-05    0.376735544826474E-01    0.450470129499501E-01
    0.140500000000001E+00    0.433190362239238E-01    0.369549448877677E-05    0.376990447708434E-01    0.450776197690238E-01
    0.140600000000001E+00    0.433487566442728E-01    0.370296603658807E-05    0.377245332243771E-01    0.451082246272539E-01
    0.140700000000001E+00    0.433784755380548E-01    0.371044761271599E-05    0.377500198433510E-01    0.451388275248694E-01
    0.140800000000001E+00    0.434081929053575E-01    0.371793922349698E-05    0.377755046278678E-01    0.451694284620993E-01
    0.140900000000001E+00    0.434379087462685E-01    0.372544087526361E-05    0.378009875780301E-01    0.452000274391728E-01
    0.141000000000001E+00    0.434676230608755E-01    0.373295257435134E-05    0.378264686939403E-01    0.452306244563188E-01
    0.141100000000001E+00    0.434973358492660E-01    0.374047432708719E-05    0.378519479757011E-01    0.452612195137663E-01
    0.141200000000001E+00    0.435270471115279E-01    0.374800613980289E-05    0.378774254234150E-01    0.452918126117443E-01
    0.141300000000001E+00    0.435567568477486E-01    0.375554801882690E-05    0.379029010371845E-01    0.453224037504817E-01
    0.141400000000001E+00    0.435864650580158E-01    0.376309997048550E-05    0.379283748171122E-01    0.453529929302074E-01
    0.141500000000001E+00    0.436161717424171E-01    0.377066200110835E-05    0.379538467633005E-01    0.453835801511503E-01
    0.141600000000001E+00    0.436458769010401E-01    0.377823411702356E-05    0.379793168758521E-01    0.454141654135391E-01
    0.141700000000001E+00    0.436755805339725E-01    0.378581632455231E-05    0.380047851548694E-01    0.454447487176026E-01
    0.141800000000001E+00    0.437052826413018E-01    0.379340863002334E-05    0.380302516004548E-01    0.454753300635697E-01
    0.141900000000001E+00    0.437349832231157E-01    0.380101103975809E-05    0.380557162127109E-01    0.455059094516690E-01
    0.142000000000001E+00    0.437646822795016E-01    0.380862356008133E-05    0.380811789917402E-01    0.455364868821291E-01
    0.142100000000001E+00    0.437943798105472E-01    0.381624619731291E-05    0.381066399376452E-01    0.455670623551789E-01
    0.142200000000001E+00    0.438240758163401E-01    0.382387895777562E-05    0.381320990505282E-01    0.455976358710468E-01
    0.142300000000001E+00    0.438537702969678E-01    0.383152184778788E-05    0.381575563304918E-01    0.456282074299615E-01
    0.142400000000001E+00    0.438834632525179E-01    0.383917487366735E-05    0.381830117776383E-01    0.456587770321516E-01
    0.142500000000001E+00    0.439131546830780E-01    0.384683804173392E-05    0.382084653920703E-01    0.456893446778455E-01
    0.142600000000001E+00    0.439428445887356E-01    0.385451135830481E-05    0.382339171738901E-01    0.457199103672718E-01
    0.142700000000001E+00    0.439725329695782E-01    0.386219482969451E-05    0.382593671232003E-01    0.457504741006588E-01
    0.142800000000001E+00    0.440022198256934E-01    0.386988846222042E-05    0.382848152401031E-01    0.457810358782351E-01
    0.142900000000001E+00    0.440319051571687E-01    0.387759226219839E-05    0.383102615247010E-01    0.458115957002291E-01
    0.143000000000001E+00    0.440615889640917E-01    0.388530623593789E-05    0.383357059770964E-01    0.458421535668690E-01
    0.143100000000001E+00    0.440912712465498E-01    0.389303038975263E-05    0.383611485973917E-01    0.458727094783832E-01
    0.143200000000001E+00    0.441209520046305E-01    0.390076472994828E-05    0.383865893856892E-01    0.459032634350000E-01
    0.143300000000001E+00    0.441506312384214E-01    0.390850926284985E-05    0.384120283420914E-01    0.459338154369476E-01
    0.143400000000001E+00    0.441803089480101E-01    0.391626399475824E-05    0.384374654667005E-01    0.459643654844544E-01
    0.143500000000001E+00    0.442099851334839E-01    0.392402893197934E-05    0.384629007596190E-01    0.459949135777484E-01
    0.143600000000001E+00    0.442396597949305E-01    0.393180408082678E-05    0.384883342209491E-01    0.460254597170579E-01
    0.143700000000000E+00    0.442693329324371E-01    0.393958944760810E-05    0.385137658507933E-01    0.460560039026109E-01
    0.143800000000000E+00    0.442990045460914E-01    0.394738503862195E-05    0.385391956492538E-01    0.460865461346356E-01
    0.143900000000000E+00    0.443286746359808E-01    0.395519086017986E-05    0.385646236164330E-01    0.461170864133601E-01
    0.144000000000000E+00    0.443583432021928E-01    0.396300691858642E-05    0.385900497524331E-01    0.461476247390123E-01
    0.144100000000000E+00    0.443880102448148E-01    0.397083322014380E-05    0.386154740573565E-01    0.461781611118202E-01
    0.144200000000000E+00    0.444176757639343E-01    0.397866977115204E-05    0.386408965313055E-01    0.462086955320119E-01
    0.144300000000000E+00    0.444473397596387E-01    0.398651657791449E-05    0.386663171743824E-01    0.462392279998152E-01
    0.144400000000000E+00    0.444770022320154E-01    0.399437364673204E-05    0.386917359866894E-01    0.462697585154580E-01
    0.144500000000000E+00    0.445066631811520E-01    0.400224098390564E-05    0.387171529683288E-01    0.463002870791683E-01
    0.144600000000000E+00    0.445363226071358E-01    0.401011859573119E-05    0.387425681194028E-01    0.463308136911738E-01
    0.144700000000000E+00    0.445659805100542E-01    0.401800648850220E-05    0.387679814400138E-01    0.463613383517023E-01
    0.144800000000000E+00    0.445956368899947E-01    0.402590466851863E-05    0.387933929302640E-01    0.463918610609817E-01
    0.144900000000000E+00    0.446252917470447E-01    0.403381314208220E-05    0.388188025902555E-01    0.464223818192395E-01
    0.145000000000000E+00    0.446549450812916E-01    0.404173191548284E-05    0.388442104200907E-01    0.464529006267037E-01
    0.145100000000000E+00    0.446845968928228E-01    0.404966099501743E-05    0.388696164198717E-01    0.464834174836017E-01
    0.145200000000000E+00    0.447142471817256E-01    0.405760038697757E-05    0.388950205897007E-01    0.465139323901613E-01
    0.145300000000000E+00    0.447438959480875E-01    0.406555009765389E-05    0.389204229296800E-01    0.465444453466100E-01
    0.145400000000000E+00    0.447735431919959E-01    0.407351013333829E-05    0.389458234399118E-01    0.465749563531754E-01
    0.145500000000000E+00    0.448031889135380E-01    0.408148050032365E-05    0.389712221204982E-01    0.466054654100851E-01
    0.145600000000000E+00    0.448328331128014E-01    0.408946120489898E-05    0.389966189715413E-01    0.466359725175666E-01
    0.145700000000000E+00    0.448624757898732E-01    0.409745225334788E-05    0.390220139931435E-01    0.466664776758473E-01
    0.145800000000000E+00    0.448921169448410E-01    0.410545365196413E-05    0.390474071854068E-01    0.466969808851546E-01
    0.145900000000000E+00    0.449217565777921E-01    0.411346540703105E-05    0.390727985484334E-01    0.467274821457160E-01
    0.146000000000000E+00    0.449513946888137E-01    0.412148752483382E-05    0.390981880823254E-01    0.467579814577589E-01
    0.146100000000000E+00    0.449810312779933E-01    0.412952001165969E-05    0.391235757871850E-01    0.467884788215105E-01
    0.146200000000000E+00    0.450106663454181E-01    0.413756287378876E-05    0.391489616631143E-01    0.468189742371982E-01
    0.146300000000000E+00    0.450402998911755E-01    0.414561611750944E-05    0.391743457102154E-01    0.468494677050493E-01
    0.146400000000000E+00    0.450699319153529E-01    0.415367974910178E-05    0.391997279285904E-01    0.468799592252910E-01
    0.146500000000000E+00    0.450995624180374E-01    0.416175377484791E-05    0.392251083183414E-01    0.469104487981504E-01
    0.146600000000000E+00    0.451291913993165E-01    0.416983820102771E-05    0.392504868795705E-01    0.469409364238549E-01
    0.146700000000000E+00    0.451588188592774E-01    0.417793303391743E-05    0.392758636123799E-01    0.469714221026315E-01
    0.146800000000000E+00    0.451884447980075E-01    0.418603827980270E-05    0.393012385168715E-01    0.470019058347073E-01
    0.146900000000000E+00    0.452180692155939E-01    0.419415394495362E-05    0.393266115931474E-01    0.470323876203095E-01
    0.147000000000000E+00    0.452476921121241E-01    0.420228003564967E-05    0.393519828413097E-01    0.470628674596650E-01
    0.147100000000000E+00    0.452773134876852E-01    0.421041655816645E-05    0.393773522614605E-01    0.470933453530009E-01
    0.147200000000000E+00    0.453069333423646E-01    0.421856351877930E-05    0.394027198537018E-01    0.471238213005441E-01
    0.147300000000000E+00    0.453365516762495E-01    0.422672092376081E-05    0.394280856181356E-01    0.471542953025216E-01
    0.147400000000000E+00    0.453661684894272E-01    0.423488877938635E-05    0.394534495548639E-01    0.471847673591603E-01
    0.147500000000000E+00    0.453957837819849E-01    0.424306709192625E-05    0.394788116639888E-01    0.472152374706871E-01
    0.147600000000000E+00    0.454253975540098E-01    0.425125586764889E-05    0.395041719456123E-01    0.472457056373288E-01
    0.147700000000000E+00    0.454550098055893E-01    0.425945511283328E-05    0.395295303998363E-01    0.472761718593123E-01
    0.147800000000000E+00    0.454846205368105E-01    0.426766483374613E-05    0.395548870267630E-01    0.473066361368643E-01
    0.147900000000000E+00    0.455142297477607E-01    0.427588503665125E-05    0.395802418264941E-01    0.473370984702116E-01
    0.148000000000000E+00    0.455438374385271E-01    0.428411572781501E-05    0.396055947991318E-01    0.473675588595809E-01
    0.148100000000000E+00    0.455734436091969E-01    0.429235691350793E-05    0.396309459447780E-01    0.473980173051989E-01
    0.148200000000000E+00    0.456030482598573E-01    0.430060859999866E-05    0.396562952635346E-01    0.474284738072922E-01
    0.148300000000000E+00    0.456326513905956E-01    0.430887079354655E-05    0.396816427555037E-01    0.474589283660874E-01
    0.148400000000000E+00    0.456622530014989E-01    0.431714350042048E-05    0.397069884207870E-01    0.474893809818112E-01
    0.148500000000000E+00    0.456918530926544E-01    0.432542672687966E-05    0.397323322594866E-01    0.475198316546901E-01
    0.148600000000000E+00    0.457214516641493E-01    0.433372047918465E-05    0.397576742717045E-01    0.475502803849505E-01
    0.148700000000000E+00    0.457510487160708E-01    0.434202476360086E-05    0.397830144575424E-01    0.475807271728191E-01
    0.148800000000000E+00    0.457806442485060E-01    0.435033958638633E-05    0.398083528171024E-01    0.476111720185222E-01
    0.148900000000000E+00    0.458102382615422E-01    0.435866495380124E-05    0.398336893504862E-01    0.476416149222863E-01
    0.149000000000000E+00    0.458398307552665E-01    0.436700087210623E-05    0.398590240577959E-01    0.476720558843377E-01
    0.149100000000000E+00    0.458694217297660E-01    0.437534734755516E-05    0.398843569391333E-01    0.477024949049029E-01
    0.149200000000000E+00    0.458990111851279E-01    0.438370438641164E-05    0.399096879946002E-01    0.477329319842081E-01
    0.149300000000000E+00    0.459285991214393E-01    0.439207199492716E-05    0.399350172242986E-01    0.477633671224796E-01
    0.149400000000000E+00    0.459581855387874E-01    0.440045017935428E-05    0.399603446283302E-01    0.477938003199437E-01
    0.149500000000000E+00    0.459877704372594E-01    0.440883894594825E-05    0.399856702067970E-01    0.478242315768266E-01
    0.149600000000000E+00    0.460173538169422E-01    0.441723830096200E-05    0.400109939598007E-01    0.478546608933545E-01
    0.149700000000000E+00    0.460469356779232E-01    0.442564825064817E-05    0.400363158874433E-01    0.478850882697536E-01
    0.149800000000000E+00    0.460765160202892E-01    0.443406880125886E-05    0.400616359898265E-01    0.479155137062500E-01
    0.149900000000000E+00    0.461060948441276E-01    0.444249995904369E-05    0.400869542670521E-01    0.479459372030698E-01
    0.150000000000000E+00    0.461356721495253E-01    0.445094173025023E-05    0.401122707192220E-01    0.479763587604390E-01
    0.150100000000000E+00    0.461652479365695E-01    0.445939412112874E-05    0.401375853464380E-01    0.480067783785837E-01
    0.150200000000000E+00    0.461948222053473E-01    0.446785713793104E-05    0.401628981488017E-01    0.480371960577299E-01
    0.150300000000000E+00    0.462243949559457E-01    0.447633078690314E-05    0.401882091264151E-01    0.480676117981035E-01
    0.150400000000000E+00    0.462539661884518E-01    0.448481507428538E-05    0.402135182793799E-01    0.480980255999305E-01
    0.150500000000000E+00    0.462835359029526E-01    0.449331000631477E-05    0.402388256077978E-01    0.481284374634367E-01
    0.150600000000000E+00    0.463131040995353E-01    0.450181558925789E-05    0.402641311117707E-01    0.481588473888481E-01
    0.150700000000000E+00    0.463426707782870E-01    0.451033182934749E-05    0.402894347914002E-01    0.481892553763905E-01
    0.150800000000000E+00    0.463722359392947E-01    0.451885873282402E-05    0.403147366467881E-01    0.482196614262896E-01
    0.150900000000000E+00    0.464017995826453E-01    0.452739630592700E-05    0.403400366780361E-01    0.482500655387713E-01
    0.151000000000000E+00    0.464313617084261E-01    0.453594455490191E-05    0.403653348852460E-01    0.482804677140613E-01
    0.151100000000000E+00    0.464609223167239E-01    0.454450348598203E-05    0.403906312685195E-01    0.483108679523852E-01
    0.151200000000000E+00    0.464904814076258E-01    0.455307310541217E-05    0.404159258279582E-01    0.483412662539688E-01
    0.151300000000000E+00    0.465200389812189E-01    0.456165341942924E-05    0.404412185636639E-01    0.483716626190376E-01
    0.151400000000000E+00    0.465495950375901E-01    0.457024443426863E-05    0.404665094757382E-01    0.484020570478174E-01
    0.151500000000000E+00    0.465791495768265E-01    0.457884615616842E-05    0.404917985642829E-01    0.484324495405336E-01
    0.151600000000000E+00    0.466087025990151E-01    0.458745859136257E-05    0.405170858293996E-01    0.484628400974118E-01
    0.151700000000000E+00    0.466382541042429E-01    0.459608174608452E-05    0.405423712711900E-01    0.484932287186775E-01
    0.151800000000000E+00    0.466678040925968E-01    0.460471562656854E-05    0.405676548897557E-01    0.485236154045562E-01
    0.151900000000000E+00    0.466973525641639E-01    0.461336023904679E-05    0.405929366851983E-01    0.485540001552734E-01
    0.152000000000000E+00    0.467268995190310E-01    0.462201558975087E-05    0.406182166576196E-01    0.485843829710544E-01
    0.152100000000000E+00    0.467564449572853E-01    0.463068168491246E-05    0.406434948071211E-01    0.486147638521246E-01
    0.152200000000000E+00    0.467859888790137E-01    0.463935853075747E-05    0.406687711338044E-01    0.486451427987093E-01
    0.152300000000000E+00    0.468155312843031E-01    0.464804613351843E-05    0.406940456377713E-01    0.486755198110339E-01
    0.152400000000000E+00    0.468450721732405E-01    0.465674449942009E-05    0.407193183191232E-01    0.487058948893236E-01
    0.152500000000000E+00    0.468746115459129E-01    0.466545363469514E-05    0.407445891779618E-01    0.487362680338038E-01
    0.152600000000000E+00    0.469041494024071E-01    0.467417354556865E-05    0.407698582143886E-01    0.487666392446995E-01
    0.152700000000000E+00    0.469336857428102E-01    0.468290423826395E-05    0.407951254285053E-01    0.487970085222361E-01
    0.152799999999999E+00    0.469632205672090E-01    0.469164571900554E-05    0.408203908204134E-01    0.488273758666386E-01
    0.152899999999999E+00    0.469927538756905E-01    0.470039799401357E-05    0.408456543902145E-01    0.488577412781321E-01
    0.152999999999999E+00    0.470222856683416E-01    0.470916106952014E-05    0.408709161380101E-01    0.488881047569417E-01
    0.153099999999999E+00    0.470518159452492E-01    0.471793495173937E-05    0.408961760639017E-01    0.489184663032926E-01
    0.153199999999999E+00    0.470813447065002E-01    0.472671964689414E-05    0.409214341679910E-01    0.489488259174097E-01
    0.153299999999999E+00    0.471108719521816E-01    0.473551516120358E-05    0.409466904503794E-01    0.489791835995179E-01
    0.153399999999999E+00    0.471403976823802E-01    0.474432150088909E-05    0.409719449111684E-01    0.490095393498423E-01
    0.153499999999999E+00    0.471699218971828E-01    0.475313867216737E-05    0.409971975504597E-01    0.490398931686077E-01
    0.153599999999999E+00    0.471994445966765E-01    0.476196668125565E-05    0.410224483683546E-01    0.490702450560392E-01
    0.153699999999999E+00    0.472289657809481E-01    0.477080553437156E-05    0.410476973649546E-01    0.491005950123614E-01
    0.153799999999999E+00    0.472584854500844E-01    0.477965523772953E-05    0.410729445403613E-01    0.491309430377992E-01
    0.153899999999999E+00    0.472880036041723E-01    0.478851579754327E-05    0.410981898946762E-01    0.491612891325775E-01
    0.153999999999999E+00    0.473175202432986E-01    0.479738722002839E-05    0.411234334280006E-01    0.491916332969209E-01
    0.154099999999999E+00    0.473470353675503E-01    0.480626951139618E-05    0.411486751404361E-01    0.492219755310543E-01
    0.154199999999999E+00    0.473765489770142E-01    0.481516267786068E-05    0.411739150320841E-01    0.492523158352023E-01
    0.154299999999999E+00    0.474060610717770E-01    0.482406672563207E-05    0.411991531030461E-01    0.492826542095895E-01
    0.154399999999999E+00    0.474355716519258E-01    0.483298166092232E-05    0.412243893534234E-01    0.493129906544406E-01
    0.154499999999999E+00    0.474650807175471E-01    0.484190748993598E-05    0.412496237833176E-01    0.493433251699802E-01
    0.154599999999999E+00    0.474945882687280E-01    0.485084421888677E-05    0.412748563928300E-01    0.493736577564328E-01
    0.154699999999999E+00    0.475240943055552E-01    0.485979185398029E-05    0.413000871820620E-01    0.494039884140230E-01
    0.154799999999999E+00    0.475535988281155E-01    0.486875040142337E-05    0.413253161511151E-01    0.494343171429753E-01
    0.154899999999999E+00    0.475831018364958E-01    0.487771986742220E-05    0.413505433000907E-01    0.494646439435141E-01
    0.154999999999999E+00    0.476126033307827E-01    0.488670025818178E-05    0.413757686290900E-01    0.494949688158639E-01
    0.155099999999999E+00    0.476421033110632E-01    0.489569157990689E-05    0.414009921382146E-01    0.495252917602491E-01
    0.155199999999999E+00    0.476716017774240E-01    0.490469383880520E-05    0.414262138275658E-01    0.495556127768940E-01
    0.155299999999999E+00    0.477010987299519E-01    0.491370704106824E-05    0.414514336972448E-01    0.495859318660229E-01
    0.155399999999999E+00    0.477305941687337E-01    0.492273119290553E-05    0.414766517473532E-01    0.496162490278603E-01
    0.155499999999999E+00    0.477600880938561E-01    0.493176630051315E-05    0.415018679779922E-01    0.496465642626303E-01
    0.155599999999999E+00    0.477895805054059E-01    0.494081237009461E-05    0.415270823892631E-01    0.496768775705572E-01
    0.155699999999999E+00    0.478190714034698E-01    0.494986940784336E-05    0.415522949812673E-01    0.497071889518652E-01
    0.155799999999999E+00    0.478485607881346E-01    0.495893741995979E-05    0.415775057541061E-01    0.497374984067784E-01
    0.155899999999999E+00    0.478780486594871E-01    0.496801641264554E-05    0.416027147078809E-01    0.497678059355211E-01
    0.155999999999999E+00    0.479075350176140E-01    0.497710639209361E-05    0.416279218426928E-01    0.497981115383173E-01
    0.156099999999999E+00    0.479370198626020E-01    0.498620736449606E-05    0.416531271586433E-01    0.498284152153910E-01
    0.156199999999999E+00    0.479665031945378E-01    0.499531933604987E-05    0.416783306558335E-01    0.498587169669664E-01
    0.156299999999999E+00    0.479959850135082E-01    0.500444231294846E-05    0.417035323343648E-01    0.498890167932675E-01
    0.156399999999999E+00    0.480254653195999E-01    0.501357630138453E-05    0.417287321943384E-01    0.499193146945182E-01
    0.156499999999999E+00    0.480549441128996E-01    0.502272130755434E-05    0.417539302358556E-01    0.499496106709424E-01
    0.156599999999999E+00    0.480844213934939E-01    0.503187733764189E-05    0.417791264590177E-01    0.499799047227641E-01
    0.156699999999999E+00    0.481138971614697E-01    0.504104439784015E-05    0.418043208639258E-01    0.500101968502072E-01
    0.156799999999999E+00    0.481433714169135E-01    0.505022249434138E-05    0.418295134506813E-01    0.500404870534955E-01
    0.156899999999999E+00    0.481728441599121E-01    0.505941163332576E-05    0.418547042193853E-01    0.500707753328529E-01
    0.156999999999999E+00    0.482023153905521E-01    0.506861182099118E-05    0.418798931701390E-01    0.501010616885030E-01
    0.157099999999999E+00    0.482317851089202E-01    0.507782306351963E-05    0.419050803030437E-01    0.501313461206697E-01
    0.157199999999999E+00    0.482612533151031E-01    0.508704536709272E-05    0.419302656182006E-01    0.501616286295767E-01
    0.157299999999999E+00    0.482907200091875E-01    0.509627873790136E-05    0.419554491157108E-01    0.501919092154477E-01
    0.157399999999999E+00    0.483201851912599E-01    0.510552318212699E-05    0.419806307956755E-01    0.502221878785063E-01
    0.157499999999999E+00    0.483496488614071E-01    0.511477870595093E-05    0.420058106581959E-01    0.502524646189761E-01
    0.157599999999999E+00    0.483791110197157E-01    0.512404531555573E-05    0.420309887033733E-01    0.502827394370808E-01
    0.157699999999999E+00    0.484085716662722E-01    0.513332301712862E-05    0.420561649313086E-01    0.503130123330439E-01
    0.157799999999999E+00    0.484380308011635E-01    0.514261181684500E-05    0.420813393421031E-01    0.503432833070888E-01
    0.157899999999999E+00    0.484674884244760E-01    0.515191172088284E-05    0.421065119358580E-01    0.503735523594392E-01
    0.157999999999999E+00    0.484969445362963E-01    0.516122273541977E-05    0.421316827126743E-01    0.504038194903185E-01
    0.158099999999999E+00    0.485263991367111E-01    0.517054486663248E-05    0.421568516726532E-01    0.504340846999500E-01
    0.158199999999999E+00    0.485558522258070E-01    0.517987812071040E-05    0.421820188158957E-01    0.504643479885573E-01
    0.158299999999999E+00    0.485853038036707E-01    0.518922250381873E-05    0.422071841425031E-01    0.504946093563636E-01
    0.158399999999999E+00    0.486147538703887E-01    0.519857802213613E-05    0.422323476525763E-01    0.505248688035923E-01
    0.158499999999999E+00    0.486442024260476E-01    0.520794468183479E-05    0.422575093462165E-01    0.505551263304667E-01
    0.158599999999999E+00    0.486736494707340E-01    0.521732248908973E-05    0.422826692235248E-01    0.505853819372100E-01
    0.158699999999999E+00    0.487030950045344E-01    0.522671145007665E-05    0.423078272846023E-01    0.506156356240455E-01
    0.158799999999999E+00    0.487325390275354E-01    0.523611157096211E-05    0.423329835295499E-01    0.506458873911964E-01
    0.158899999999999E+00    0.487619815398236E-01    0.524552285791948E-05    0.423581379584688E-01    0.506761372388859E-01
    0.158999999999999E+00    0.487914225414855E-01    0.525494531712188E-05    0.423832905714599E-01    0.507063851673370E-01
    0.159099999999999E+00    0.488208620326077E-01    0.526437895473256E-05    0.424084413686244E-01    0.507366311767730E-01
    0.159199999999999E+00    0.488503000132768E-01    0.527382377692033E-05    0.424335903500633E-01    0.507668752674168E-01
    0.159299999999999E+00    0.488797364835792E-01    0.528327978985485E-05    0.424587375158776E-01    0.507971174394915E-01
    0.159399999999999E+00    0.489091714436015E-01    0.529274699970544E-05    0.424838828661683E-01    0.508273576932201E-01
    0.159499999999999E+00    0.489386048934303E-01    0.530222541263109E-05    0.425090264010364E-01    0.508575960288256E-01
    0.159599999999999E+00    0.489680368331520E-01    0.531171503480469E-05    0.425341681205829E-01    0.508878324465310E-01
    0.159699999999999E+00    0.489974672628532E-01    0.532121587238357E-05    0.425593080249088E-01    0.509180669465591E-01
    0.159799999999999E+00    0.490268961826203E-01    0.533072793153199E-05    0.425844461141151E-01    0.509482995291327E-01
    0.159899999999999E+00    0.490563235925400E-01    0.534025121841208E-05    0.426095823883027E-01    0.509785301944749E-01
    0.159999999999999E+00    0.490857494926986E-01    0.534978573918884E-05    0.426347168475727E-01    0.510087589428083E-01
    0.160099999999999E+00    0.491151738831827E-01    0.535933150002065E-05    0.426598494920259E-01    0.510389857743558E-01
    0.160199999999999E+00    0.491445967640787E-01    0.536888850706754E-05    0.426849803217633E-01    0.510692106893401E-01
    0.160299999999999E+00    0.491740181354732E-01    0.537845676648394E-05    0.427101093368858E-01    0.510994336879839E-01
    0.160399999999999E+00    0.492034379974526E-01    0.538803628443564E-05    0.427352365374945E-01    0.511296547705099E-01
    0.160499999999999E+00    0.492328563501033E-01    0.539762706707290E-05    0.427603619236901E-01    0.511598739371408E-01
    0.160599999999999E+00    0.492622731935119E-01    0.540722912055923E-05    0.427854854955736E-01    0.511900911880992E-01
    0.160699999999999E+00    0.492916885277648E-01    0.541684245104524E-05    0.428106072532460E-01    0.512203065236076E-01
    0.160799999999999E+00    0.493211023529485E-01    0.542646706468204E-05    0.428357271968080E-01    0.512505199438886E-01
    0.160899999999999E+00    0.493505146691493E-01    0.543610296763258E-05    0.428608453263607E-01    0.512807314491648E-01
    0.160999999999999E+00    0.493799254764537E-01    0.544575016604046E-05    0.428859616420048E-01    0.513109410396586E-01
    0.161099999999999E+00    0.494093347749482E-01    0.545540866605705E-05    0.429110761438412E-01    0.513411487155924E-01
    0.161199999999999E+00    0.494387425647192E-01    0.546507847384080E-05    0.429361888319709E-01    0.513713544771889E-01
    0.161299999999999E+00    0.494681488458530E-01    0.547475959553881E-05    0.429612997064946E-01    0.514015583246702E-01
    0.161399999999999E+00    0.494975536184362E-01    0.548445203730284E-05    0.429864087675132E-01    0.514317602582587E-01
    0.161499999999999E+00    0.495269568825551E-01    0.549415580528057E-05    0.430115160151275E-01    0.514619602781769E-01
    0.161599999999999E+00    0.495563586382961E-01    0.550387090561439E-05    0.430366214494384E-01    0.514921583846470E-01
    0.161699999999999E+00    0.495857588857456E-01    0.551359734445300E-05    0.430617250705467E-01    0.515223545778912E-01
    0.161799999999999E+00    0.496151576249900E-01    0.552333512794448E-05    0.430868268785532E-01    0.515525488581319E-01
    0.161899999999998E+00    0.496445548561157E-01    0.553308426223363E-05    0.431119268735587E-01    0.515827412255911E-01
    0.161999999999998E+00    0.496739505792090E-01    0.554284475346247E-05    0.431370250556640E-01    0.516129316804910E-01
    0.162099999999998E+00    0.497033447943564E-01    0.555261660777856E-05    0.431621214249698E-01    0.516431202230539E-01
    0.162199999999998E+00    0.497327375016442E-01    0.556239983132001E-05    0.431872159815770E-01    0.516733068535018E-01
    0.162299999999998E+00    0.497621287011587E-01    0.557219443022700E-05    0.432123087255863E-01    0.517034915720567E-01
    0.162399999999998E+00    0.497915183929863E-01    0.558200041064508E-05    0.432373996570985E-01    0.517336743789408E-01
    0.162499999999998E+00    0.498209065772134E-01    0.559181777871772E-05    0.432624887762143E-01    0.517638552743759E-01
    0.162599999999998E+00    0.498502932539263E-01    0.560164654057750E-05    0.432875760830345E-01    0.517940342585842E-01
    0.162699999999998E+00    0.498796784232113E-01    0.561148670236619E-05    0.433126615776597E-01    0.518242113317875E-01
    0.162799999999998E+00    0.499090620851547E-01    0.562133827021849E-05    0.433377452601909E-01    0.518543864942077E-01
    0.162899999999998E+00    0.499384442398429E-01    0.563120125026942E-05    0.433628271307285E-01    0.518845597460667E-01
    0.162999999999998E+00    0.499678248873623E-01    0.564107564865544E-05    0.433879071893735E-01    0.519147310875864E-01
    0.163099999999998E+00    0.499972040277990E-01    0.565096147151324E-05    0.434129854362263E-01    0.519449005189886E-01
    0.163199999999998E+00    0.500265816612394E-01    0.566085872497788E-05    0.434380618713879E-01    0.519750680404951E-01
    0.163299999999998E+00    0.500559577877699E-01    0.567076741518048E-05    0.434631364949587E-01    0.520052336523275E-01
    0.163399999999998E+00    0.500853324074767E-01    0.568068754825400E-05    0.434882093070396E-01    0.520353973547077E-01
    0.163499999999998E+00    0.501147055204460E-01    0.569061913032931E-05    0.435132803077312E-01    0.520655591478573E-01
    0.163599999999998E+00    0.501440771267642E-01    0.570056216753823E-05    0.435383494971340E-01    0.520957190319980E-01
    0.163699999999998E+00    0.501734472265176E-01    0.571051666600859E-05    0.435634168753489E-01    0.521258770073513E-01
    0.163799999999998E+00    0.502028158197923E-01    0.572048263186939E-05    0.435884824424764E-01    0.521560330741389E-01
    0.163899999999998E+00    0.502321829066748E-01    0.573046007125080E-05    0.436135461986172E-01    0.521861872325824E-01
    0.163999999999998E+00    0.502615484872511E-01    0.574044899027774E-05    0.436386081438718E-01    0.522163394829032E-01
    0.164099999999998E+00    0.502909125616077E-01    0.575044939507872E-05    0.436636682783409E-01    0.522464898253229E-01
    0.164199999999998E+00    0.503202751298306E-01    0.576046129177585E-05    0.436887266021252E-01    0.522766382600628E-01
    0.164299999999998E+00    0.503496361920063E-01    0.577048468649683E-05    0.437137831153251E-01    0.523067847873445E-01
    0.164399999999998E+00    0.503789957482208E-01    0.578051958536717E-05    0.437388378180414E-01    0.523369294073893E-01
    0.164499999999998E+00    0.504083537985604E-01    0.579056599450640E-05    0.437638907103745E-01    0.523670721204186E-01
    0.164599999999998E+00    0.504377103431114E-01    0.580062392003540E-05    0.437889417924251E-01    0.523972129266537E-01
    0.164699999999998E+00    0.504670653819600E-01    0.581069336807823E-05    0.438139910642937E-01    0.524273518263160E-01
    0.164799999999998E+00    0.504964189151923E-01    0.582077434475107E-05    0.438390385260808E-01    0.524574888196266E-01
    0.164899999999998E+00    0.505257709428946E-01    0.583086685618138E-05    0.438640841778871E-01    0.524876239068069E-01
    0.164999999999998E+00    0.505551214651530E-01    0.584097090847984E-05    0.438891280198130E-01    0.525177570880779E-01
    0.165099999999998E+00    0.505844704820538E-01    0.585108650776837E-05    0.439141700519592E-01    0.525478883636610E-01
    0.165199999999998E+00    0.506138179936831E-01    0.586121366016599E-05    0.439392102744260E-01    0.525780177337772E-01
    0.165299999999998E+00    0.506431640001272E-01    0.587135237178427E-05    0.439642486873141E-01    0.526081451986477E-01
    0.165399999999998E+00    0.506725085014721E-01    0.588150264874062E-05    0.439892852907239E-01    0.526382707584934E-01
    0.165499999999998E+00    0.507018514978041E-01    0.589166449715419E-05    0.440143200847560E-01    0.526683944135356E-01
    0.165599999999998E+00    0.507311929892093E-01    0.590183792312926E-05    0.440393530695107E-01    0.526985161639951E-01
    0.165699999999998E+00    0.507605329757739E-01    0.591202293278423E-05    0.440643842450887E-01    0.527286360100929E-01
    0.165799999999998E+00    0.507898714575840E-01    0.592221953223222E-05    0.440894136115904E-01    0.527587539520500E-01
    0.165899999999998E+00    0.508192084347257E-01    0.593242772758214E-05    0.441144411691161E-01    0.527888699900874E-01
    0.165999999999998E+00    0.508485439072852E-01    0.594264752494554E-05    0.441394669177665E-01    0.528189841244258E-01
    0.166099999999998E+00    0.508778778753487E-01    0.595287893042572E-05    0.441644908576420E-01    0.528490963552861E-01
    0.166199999999998E+00    0.509072103390020E-01    0.596312195013122E-05    0.441895129888428E-01    0.528792066828892E-01
    0.166299999999998E+00    0.509365412983317E-01    0.597337659018691E-05    0.442145333114696E-01    0.529093151074559E-01
    0.166399999999998E+00    0.509658707534236E-01    0.598364285668540E-05    0.442395518256228E-01    0.529394216292068E-01
    0.166499999999998E+00    0.509951987043640E-01    0.599392075573379E-05    0.442645685314026E-01    0.529695262483627E-01
    0.166599999999998E+00    0.510245251512388E-01    0.600421029343670E-05    0.442895834289097E-01    0.529996289651444E-01
    0.166699999999998E+00    0.510538500941342E-01    0.601451147590298E-05    0.443145965182442E-01    0.530297297797724E-01
    0.166799999999998E+00    0.510831735331363E-01    0.602482430923285E-05    0.443396077995067E-01    0.530598286924674E-01
    0.166899999999998E+00    0.511124954683311E-01    0.603514879952982E-05    0.443646172727975E-01    0.530899257034499E-01
    0.166999999999998E+00    0.511418158998048E-01    0.604548495289503E-05    0.443896249382170E-01    0.531200208129406E-01
    0.167099999999998E+00    0.511711348276433E-01    0.605583277543440E-05    0.444146307958655E-01    0.531501140211600E-01
    0.167199999999998E+00    0.512004522519328E-01    0.606619227323857E-05    0.444396348458434E-01    0.531802053283286E-01
    0.167299999999998E+00    0.512297681727593E-01    0.607656345241441E-05    0.444646370882511E-01    0.532102947346667E-01
    0.167399999999998E+00    0.512590825902089E-01    0.608694631906037E-05    0.444896375231888E-01    0.532403822403950E-01
    0.167499999999998E+00    0.512883955043676E-01    0.609734087927171E-05    0.445146361507569E-01    0.532704678457337E-01
    0.167599999999998E+00    0.513177069153215E-01    0.610774713914194E-05    0.445396329710558E-01    0.533005515509032E-01
    0.167699999999998E+00    0.513470168231565E-01    0.611816510477251E-05    0.445646279841857E-01    0.533306333561239E-01
    0.167799999999998E+00    0.513763252279588E-01    0.612859478225968E-05    0.445896211902469E-01    0.533607132616160E-01
    0.167899999999998E+00    0.514056321298143E-01    0.613903617769453E-05    0.446146125893397E-01    0.533907912676000E-01
    0.167999999999998E+00    0.514349375288091E-01    0.614948929716950E-05    0.446396021815645E-01    0.534208673742959E-01
    0.168099999999998E+00    0.514642414250291E-01    0.615995414677907E-05    0.446645899670215E-01    0.534509415819240E-01
    0.168199999999998E+00    0.514935438185604E-01    0.617043073261790E-05    0.446895759458109E-01    0.534810138907044E-01
    0.168299999999998E+00    0.515228447094889E-01    0.618091906077604E-05    0.447145601180330E-01    0.535110843008574E-01
    0.168399999999998E+00    0.515521440979008E-01    0.619141913734014E-05    0.447395424837882E-01    0.535411528126030E-01
    0.168499999999998E+00    0.515814419838818E-01    0.620193096840223E-05    0.447645230431765E-01    0.535712194261614E-01
    0.168599999999998E+00    0.516107383675181E-01    0.621245456005252E-05    0.447895017962983E-01    0.536012841417524E-01
    0.168699999999998E+00    0.516400332488956E-01    0.622298991836988E-05    0.448144787432538E-01    0.536313469595963E-01
    0.168799999999998E+00    0.516693266281002E-01    0.623353704945099E-05    0.448394538841431E-01    0.536614078799129E-01
    0.168899999999998E+00    0.516986185052180E-01    0.624409595938043E-05    0.448644272190666E-01    0.536914669029223E-01
    0.168999999999998E+00    0.517279088803349E-01    0.625466665423901E-05    0.448893987481244E-01    0.537215240288442E-01
    0.169099999999998E+00    0.517571977535368E-01    0.626524914011448E-05    0.449143684714167E-01    0.537515792578987E-01
    0.169199999999998E+00    0.517864851249097E-01    0.627584342308692E-05    0.449393363890436E-01    0.537816325903056E-01
    0.169299999999998E+00    0.518157709945395E-01    0.628644950924099E-05    0.449643025011055E-01    0.538116840262847E-01
    0.169399999999998E+00    0.518450553625121E-01    0.629706740466203E-05    0.449892668077023E-01    0.538417335660558E-01
    0.169499999999998E+00    0.518743382289136E-01    0.630769711543177E-05    0.450142293089343E-01    0.538717812098386E-01
    0.169599999999998E+00    0.519036195938297E-01    0.631833864762848E-05    0.450391900049017E-01    0.539018269578529E-01
    0.169699999999998E+00    0.519328994573464E-01    0.632899200732536E-05    0.450641488957046E-01    0.539318708103185E-01
    0.169799999999998E+00    0.519621778195496E-01    0.633965720060863E-05    0.450891059814430E-01    0.539619127674549E-01
    0.169899999999998E+00    0.519914546805253E-01    0.635033423355455E-05    0.451140612622172E-01    0.539919528294817E-01
    0.169999999999998E+00    0.520207300403593E-01    0.636102311223424E-05    0.451390147381272E-01    0.540219909966186E-01
    0.170099999999998E+00    0.520500038991375E-01    0.637172384272958E-05    0.451639664092732E-01    0.540520272690852E-01
    0.170199999999998E+00    0.520792762569458E-01    0.638243643111719E-05    0.451889162757553E-01    0.540820616471010E-01
    0.170299999999998E+00    0.521085471138700E-01    0.639316088346759E-05    0.452138643376735E-01    0.541120941308855E-01
    0.170399999999998E+00    0.521378164699961E-01    0.640389720585575E-05    0.452388105951280E-01    0.541421247206582E-01
    0.170499999999998E+00    0.521670843254099E-01    0.641464540435811E-05    0.452637550482187E-01    0.541721534166385E-01
    0.170599999999998E+00    0.521963506801972E-01    0.642540548504135E-05    0.452886976970458E-01    0.542021802190458E-01
    0.170699999999998E+00    0.522256155344440E-01    0.643617745397629E-05    0.453136385417094E-01    0.542322051280995E-01
    0.170799999999998E+00    0.522548788882360E-01    0.644696131724019E-05    0.453385775823094E-01    0.542622281440189E-01
    0.170899999999997E+00    0.522841407416591E-01    0.645775708089602E-05    0.453635148189460E-01    0.542922492670234E-01
    0.170999999999997E+00    0.523134010947992E-01    0.646856475101228E-05    0.453884502517191E-01    0.543222684973323E-01
    0.171099999999997E+00    0.523426599477421E-01    0.647938433365929E-05    0.454133838807287E-01    0.543522858351648E-01
    0.171199999999997E+00    0.523719173005735E-01    0.649021583490055E-05    0.454383157060749E-01    0.543823012807400E-01
    0.171299999999997E+00    0.524011731533794E-01    0.650105926080863E-05    0.454632457278578E-01    0.544123148342773E-01
    0.171399999999997E+00    0.524304275062455E-01    0.651191461744437E-05    0.454881739461772E-01    0.544423264959957E-01
    0.171499999999997E+00    0.524596803592576E-01    0.652278191087339E-05    0.455131003611332E-01    0.544723362661144E-01
    0.171599999999997E+00    0.524889317125016E-01    0.653366114716087E-05    0.455380249728257E-01    0.545023441448525E-01
    0.171699999999997E+00    0.525181815660632E-01    0.654455233236789E-05    0.455629477813548E-01    0.545323501324290E-01
    0.171799999999997E+00    0.525474299200282E-01    0.655545547255875E-05    0.455878687868204E-01    0.545623542290630E-01
    0.171899999999997E+00    0.525766767744824E-01    0.656637057379256E-05    0.456127879893224E-01    0.545923564349734E-01
    0.171999999999997E+00    0.526059221295116E-01    0.657729764213056E-05    0.456377053889609E-01    0.546223567503792E-01
    0.172099999999997E+00    0.526351659852016E-01    0.658823668363335E-05    0.456626209858356E-01    0.546523551754993E-01
    0.172199999999997E+00    0.526644083416380E-01    0.659918770435936E-05    0.456875347800466E-01    0.546823517105527E-01
    0.172299999999997E+00    0.526936491989067E-01    0.661015071036755E-05    0.457124467716938E-01    0.547123463557583E-01
    0.172399999999997E+00    0.527228885570934E-01    0.662112570770905E-05    0.457373569608771E-01    0.547423391113347E-01
    0.172499999999997E+00    0.527521264162839E-01    0.663211270244725E-05    0.457622653476964E-01    0.547723299775010E-01
    0.172599999999997E+00    0.527813627765639E-01    0.664311170063767E-05    0.457871719322517E-01    0.548023189544757E-01
    0.172699999999997E+00    0.528105976380192E-01    0.665412270833225E-05    0.458120767146426E-01    0.548323060424777E-01
    0.172799999999997E+00    0.528398310007354E-01    0.666514573158581E-05    0.458369796949693E-01    0.548622912417257E-01
    0.172899999999997E+00    0.528690628647983E-01    0.667618077645088E-05    0.458618808733315E-01    0.548922745524384E-01
    0.172999999999997E+00    0.528982932302936E-01    0.668722784898268E-05    0.458867802498291E-01    0.549222559748343E-01
    0.173099999999997E+00    0.529275220973070E-01    0.669828695522920E-05    0.459116778245619E-01    0.549522355091322E-01
    0.173199999999997E+00    0.529567494659242E-01    0.670935810123778E-05    0.459365735976298E-01    0.549822131555505E-01
    0.173299999999997E+00    0.529859753362310E-01    0.672044129306619E-05    0.459614675691327E-01    0.550121889143079E-01
    0.173399999999997E+00    0.530151997083129E-01    0.673153653676319E-05    0.459863597391703E-01    0.550421627856228E-01
    0.173499999999997E+00    0.530444225822558E-01    0.674264383837507E-05    0.460112501078425E-01    0.550721347697138E-01
    0.173599999999997E+00    0.530736439581452E-01    0.675376320394655E-05    0.460361386752491E-01    0.551021048667993E-01
    0.173699999999997E+00    0.531028638360669E-01    0.676489463952856E-05    0.460610254414899E-01    0.551320730770977E-01
    0.173799999999997E+00    0.531320822161065E-01    0.677603815116269E-05    0.460859104066646E-01    0.551620394008274E-01
    0.173899999999997E+00    0.531612990983497E-01    0.678719374488974E-05    0.461107935708732E-01    0.551920038382068E-01
    0.173999999999997E+00    0.531905144828822E-01    0.679836142676414E-05    0.461356749342152E-01    0.552219663894542E-01
    0.174099999999997E+00    0.532197283697895E-01    0.680954120282210E-05    0.461605544967906E-01    0.552519270547879E-01
    0.174199999999997E+00    0.532489407591573E-01    0.682073307911034E-05    0.461854322586991E-01    0.552818858344261E-01
    0.174299999999997E+00    0.532781516510713E-01    0.683193706166862E-05    0.462103082200404E-01    0.553118427285872E-01
    0.174399999999997E+00    0.533073610456172E-01    0.684315315653596E-05    0.462351823809143E-01    0.553417977374892E-01
    0.174499999999997E+00    0.533365689428804E-01    0.685438136975834E-05    0.462600547414205E-01    0.553717508613503E-01
    0.174599999999997E+00    0.533657753429467E-01    0.686562170737144E-05    0.462849253016587E-01    0.554017021003888E-01
    0.174699999999997E+00    0.533949802459015E-01    0.687687417540495E-05    0.463097940617287E-01    0.554316514548227E-01
    0.174799999999997E+00    0.534241836518307E-01    0.688813877991335E-05    0.463346610217301E-01    0.554615989248700E-01
    0.174899999999997E+00    0.534533855608199E-01    0.689941552692634E-05    0.463595261817627E-01    0.554915445107489E-01
    0.174999999999997E+00    0.534825859729545E-01    0.691070442248055E-05    0.463843895419261E-01    0.555214882126772E-01
    0.175099999999997E+00    0.535117848883201E-01    0.692200547261178E-05    0.464092511023201E-01    0.555514300308731E-01
    0.175199999999997E+00    0.535409823070024E-01    0.693331868335300E-05    0.464341108630443E-01    0.555813699655544E-01
    0.175299999999997E+00    0.535701782290869E-01    0.694464406073959E-05    0.464589688241984E-01    0.556113080169391E-01
    0.175399999999997E+00    0.535993726546592E-01    0.695598161079727E-05    0.464838249858820E-01    0.556412441852450E-01
    0.175499999999997E+00    0.536285655838049E-01    0.696733133956418E-05    0.465086793481948E-01    0.556711784706900E-01
    0.175599999999997E+00    0.536577570166095E-01    0.697869325307013E-05    0.465335319112364E-01    0.557011108734920E-01
    0.175699999999997E+00    0.536869469531586E-01    0.699006735734961E-05    0.465583826751065E-01    0.557310413938686E-01
    0.175799999999997E+00    0.537161353935377E-01    0.700145365842874E-05    0.465832316399047E-01    0.557609700320377E-01
    0.175899999999997E+00    0.537453223378324E-01    0.701285216233530E-05    0.466080788057305E-01    0.557908967882169E-01
    0.175999999999997E+00    0.537745077861282E-01    0.702426287509698E-05    0.466329241726837E-01    0.558208216626240E-01
    0.176099999999997E+00    0.538036917385106E-01    0.703568580274499E-05    0.466577677408638E-01    0.558507446554767E-01
    0.176199999999997E+00    0.538328741950652E-01    0.704712095130024E-05    0.466826095103704E-01    0.558806657669925E-01
    0.176299999999997E+00    0.538620551558775E-01    0.705856832679387E-05    0.467074494813030E-01    0.559105849973891E-01
    0.176399999999997E+00    0.538912346210329E-01    0.707002793524923E-05    0.467322876537613E-01    0.559405023468839E-01
    0.176499999999997E+00    0.539204125906171E-01    0.708149978268896E-05    0.467571240278449E-01    0.559704178156947E-01
    0.176599999999997E+00    0.539495890647155E-01    0.709298387513598E-05    0.467819586036532E-01    0.560003314040388E-01
    0.176699999999997E+00    0.539787640434135E-01    0.710448021861437E-05    0.468067913812858E-01    0.560302431121337E-01
    0.176799999999997E+00    0.540079375267968E-01    0.711598881914839E-05    0.468316223608423E-01    0.560601529401969E-01
    0.176899999999997E+00    0.540371095149507E-01    0.712750968275017E-05    0.468564515424222E-01    0.560900608884458E-01
    0.176999999999997E+00    0.540662800079607E-01    0.713904281544731E-05    0.468812789261250E-01    0.561199669570977E-01
    0.177099999999997E+00    0.540954490059124E-01    0.715058822325566E-05    0.469061045120502E-01    0.561498711463700E-01
    0.177199999999997E+00    0.541246165088911E-01    0.716214591219140E-05    0.469309283002974E-01    0.561797734564800E-01
    0.177299999999997E+00    0.541537825169824E-01    0.717371588827827E-05    0.469557502909660E-01    0.562096738876450E-01
    0.177399999999997E+00    0.541829470302717E-01    0.718529815753242E-05    0.469805704841555E-01    0.562395724400822E-01
    0.177499999999997E+00    0.542121100488444E-01    0.719689272596363E-05    0.470053888799655E-01    0.562694691140089E-01
    0.177599999999997E+00    0.542412715727860E-01    0.720849959959206E-05    0.470302054784953E-01    0.562993639096422E-01
    0.177699999999997E+00    0.542704316021819E-01    0.722011878442885E-05    0.470550202798444E-01    0.563292568271993E-01
    0.177799999999997E+00    0.542995901371176E-01    0.723175028648970E-05    0.470798332841123E-01    0.563591478668973E-01
    0.177899999999997E+00    0.543287471776784E-01    0.724339411179103E-05    0.471046444913985E-01    0.563890370289532E-01
    0.177999999999997E+00    0.543579027239498E-01    0.725505026633658E-05    0.471294539018023E-01    0.564189243135843E-01
    0.178099999999997E+00    0.543870567760172E-01    0.726671875614547E-05    0.471542615154233E-01    0.564488097210074E-01
    0.178199999999997E+00    0.544162093339660E-01    0.727839958722582E-05    0.471790673323607E-01    0.564786932514397E-01
    0.178299999999997E+00    0.544453603978816E-01    0.729009276558517E-05    0.472038713527141E-01    0.565085749050979E-01
    0.178399999999997E+00    0.544745099678493E-01    0.730179829723919E-05    0.472286735765829E-01    0.565384546821992E-01
    0.178499999999997E+00    0.545036580439547E-01    0.731351618818398E-05    0.472534740040663E-01    0.565683325829603E-01
    0.178599999999997E+00    0.545328046262830E-01    0.732524644443295E-05    0.472782726352639E-01    0.565982086075982E-01
    0.178699999999997E+00    0.545619497149197E-01    0.733698907199513E-05    0.473030694702751E-01    0.566280827563296E-01
    0.178799999999997E+00    0.545910933099500E-01    0.734874407687345E-05    0.473278645091990E-01    0.566579550293714E-01
    0.178899999999997E+00    0.546202354114595E-01    0.736051146507342E-05    0.473526577521352E-01    0.566878254269404E-01
    0.178999999999997E+00    0.546493760195333E-01    0.737229124259462E-05    0.473774491991830E-01    0.567176939492533E-01
    0.179099999999997E+00    0.546785151342570E-01    0.738408341545184E-05    0.474022388504417E-01    0.567475605965268E-01
    0.179199999999997E+00    0.547076527557157E-01    0.739588798963320E-05    0.474270267060107E-01    0.567774253689777E-01
    0.179299999999997E+00    0.547367888839949E-01    0.740770497114747E-05    0.474518127659893E-01    0.568072882668224E-01
    0.179399999999997E+00    0.547659235191799E-01    0.741953436599674E-05    0.474765970304768E-01    0.568371492902777E-01
    0.179499999999997E+00    0.547950566613561E-01    0.743137618017589E-05    0.475013794995725E-01    0.568670084395601E-01
    0.179599999999997E+00    0.548241883106086E-01    0.744323041968955E-05    0.475261601733757E-01    0.568968657148863E-01
    0.179699999999997E+00    0.548533184670230E-01    0.745509709053454E-05    0.475509390519857E-01    0.569267211164727E-01
    0.179799999999997E+00    0.548824471306844E-01    0.746697619871083E-05    0.475757161355019E-01    0.569565746445357E-01
    0.179899999999997E+00    0.549115743016782E-01    0.747886775021100E-05    0.476004914240234E-01    0.569864262992920E-01
    0.179999999999996E+00    0.549406999800896E-01    0.749077175103412E-05    0.476252649176495E-01    0.570162760809578E-01
    0.180099999999996E+00    0.549698241660040E-01    0.750268820717690E-05    0.476500366164796E-01    0.570461239897496E-01
    0.180199999999996E+00    0.549989468595067E-01    0.751461712463381E-05    0.476748065206128E-01    0.570759700258838E-01
    0.180299999999996E+00    0.550280680606828E-01    0.752655850939296E-05    0.476995746301485E-01    0.571058141895766E-01
    0.180399999999996E+00    0.550571877696178E-01    0.753851236744854E-05    0.477243409451857E-01    0.571356564810444E-01
    0.180499999999996E+00    0.550863059863969E-01    0.755047870479970E-05    0.477491054658238E-01    0.571654969005035E-01
    0.180599999999996E+00    0.551154227111052E-01    0.756245752743084E-05    0.477738681921620E-01    0.571953354481701E-01
    0.180699999999996E+00    0.551445379438282E-01    0.757444884133720E-05    0.477986291242995E-01    0.572251721242603E-01
    0.180799999999996E+00    0.551736516846510E-01    0.758645265250451E-05    0.478233882623354E-01    0.572550069289904E-01
    0.180899999999996E+00    0.552027639336589E-01    0.759846896692686E-05    0.478481456063690E-01    0.572848398625766E-01
    0.180999999999996E+00    0.552318746909371E-01    0.761049779058724E-05    0.478729011564995E-01    0.573146709252348E-01
    0.181099999999996E+00    0.552609839565708E-01    0.762253912947926E-05    0.478976549128260E-01    0.573445001171813E-01
    0.181199999999996E+00    0.552900917306453E-01    0.763459298957918E-05    0.479224068754478E-01    0.573743274386320E-01
    0.181299999999996E+00    0.553191980132459E-01    0.764665937688128E-05    0.479471570444638E-01    0.574041528898029E-01
    0.181399999999996E+00    0.553483028044576E-01    0.765873829736851E-05    0.479719054199734E-01    0.574339764709102E-01
    0.181499999999996E+00    0.553774061043657E-01    0.767082975702780E-05    0.479966520020756E-01    0.574637981821696E-01
    0.181599999999996E+00    0.554065079130555E-01    0.768293376183903E-05    0.480213967908696E-01    0.574936180237972E-01
    0.181699999999996E+00    0.554356082306121E-01    0.769505031779139E-05    0.480461397864545E-01    0.575234359960087E-01
    0.181799999999996E+00    0.554647070571207E-01    0.770717943085511E-05    0.480708809889294E-01    0.575532520990202E-01
    0.181899999999996E+00    0.554938043926664E-01    0.771932110701889E-05    0.480956203983934E-01    0.575830663330473E-01
    0.181999999999996E+00    0.555229002373346E-01    0.773147535226196E-05    0.481203580149457E-01    0.576128786983060E-01
    0.182099999999996E+00    0.555519945912103E-01    0.774364217256523E-05    0.481450938386852E-01    0.576426891950119E-01
    0.182199999999996E+00    0.555810874543787E-01    0.775582157391071E-05    0.481698278697112E-01    0.576724978233808E-01
    0.182299999999996E+00    0.556101788269250E-01    0.776801356226686E-05    0.481945601081226E-01    0.577023045836284E-01
    0.182399999999996E+00    0.556392687089342E-01    0.778021814361927E-05    0.482192905540185E-01    0.577321094759704E-01
    0.182499999999996E+00    0.556683571004917E-01    0.779243532394081E-05    0.482440192074981E-01    0.577619125006224E-01
    0.182599999999996E+00    0.556974440016825E-01    0.780466510920634E-05    0.482687460686602E-01    0.577917136578000E-01
    0.182699999999996E+00    0.557265294125917E-01    0.781690750539137E-05    0.482934711376041E-01    0.578215129477188E-01
    0.182799999999996E+00    0.557556133333045E-01    0.782916251847397E-05    0.483181944144286E-01    0.578513103705943E-01
    0.182899999999996E+00    0.557846957639060E-01    0.784143015442441E-05    0.483429158992328E-01    0.578811059266421E-01
    0.182999999999996E+00    0.558137767044813E-01    0.785371041921215E-05    0.483676355921158E-01    0.579108996160776E-01
    0.183099999999996E+00    0.558428561551156E-01    0.786600331881557E-05    0.483923534931765E-01    0.579406914391163E-01
    0.183199999999996E+00    0.558719341158939E-01    0.787830885920228E-05    0.484170696025139E-01    0.579704813959735E-01
    0.183299999999996E+00    0.559010105869014E-01    0.789062704634227E-05    0.484417839202271E-01    0.580002694868648E-01
    0.183399999999996E+00    0.559300855682231E-01    0.790295788620346E-05    0.484664964464150E-01    0.580300557120054E-01
    0.183499999999996E+00    0.559591590599441E-01    0.791530138475997E-05    0.484912071811765E-01    0.580598400716107E-01
    0.183599999999996E+00    0.559882310621495E-01    0.792765754797357E-05    0.485159161246107E-01    0.580896225658959E-01
    0.183699999999996E+00    0.560173015749243E-01    0.794002638180732E-05    0.485406232768165E-01    0.581194031950763E-01
    0.183799999999996E+00    0.560463705983538E-01    0.795240789224125E-05    0.485653286378928E-01    0.581491819593672E-01
    0.183899999999996E+00    0.560754381325229E-01    0.796480208523626E-05    0.485900322079385E-01    0.581789588589837E-01
    0.183999999999996E+00    0.561045041775167E-01    0.797720896675340E-05    0.486147339870527E-01    0.582087338941411E-01
    0.184099999999996E+00    0.561335687334202E-01    0.798962854275949E-05    0.486394339753342E-01    0.582385070650544E-01
    0.184199999999996E+00    0.561626318003185E-01    0.800206081921506E-05    0.486641321728819E-01    0.582682783719387E-01
    0.184299999999996E+00    0.561916933782966E-01    0.801450580208503E-05    0.486888285797947E-01    0.582980478150092E-01
    0.184399999999996E+00    0.562207534674396E-01    0.802696349733245E-05    0.487135231961716E-01    0.583278153944808E-01
    0.184499999999996E+00    0.562498120678325E-01    0.803943391091293E-05    0.487382160221114E-01    0.583575811105686E-01
    0.184599999999996E+00    0.562788691795603E-01    0.805191704878997E-05    0.487629070577129E-01    0.583873449634876E-01
    0.184699999999996E+00    0.563079248027080E-01    0.806441291692637E-05    0.487875963030752E-01    0.584171069534527E-01
    0.184799999999996E+00    0.563369789373607E-01    0.807692152127398E-05    0.488122837582969E-01    0.584468670806787E-01
    0.184899999999996E+00    0.563660315836033E-01    0.808944286779185E-05    0.488369694234770E-01    0.584766253453807E-01
    0.184999999999996E+00    0.563950827415209E-01    0.810197696244415E-05    0.488616532987143E-01    0.585063817477734E-01
    0.185099999999996E+00    0.564241324111984E-01    0.811452381117985E-05    0.488863353841077E-01    0.585361362880718E-01
    0.185199999999996E+00    0.564531805927208E-01    0.812708341995749E-05    0.489110156797559E-01    0.585658889664904E-01
    0.185299999999996E+00    0.564822272861732E-01    0.813965579472954E-05    0.489356941857579E-01    0.585956397832442E-01
    0.185399999999996E+00    0.565112724916404E-01    0.815224094145503E-05    0.489603709022123E-01    0.586253887385479E-01
    0.185499999999996E+00    0.565403162092075E-01    0.816483886608002E-05    0.489850458292181E-01    0.586551358326161E-01
    0.185599999999996E+00    0.565693584389594E-01    0.817744957456136E-05    0.490097189668739E-01    0.586848810656635E-01
    0.185699999999996E+00    0.565983991809811E-01    0.819007307284715E-05    0.490343903152786E-01    0.587146244379048E-01
    0.185799999999996E+00    0.566274384353575E-01    0.820270936689205E-05    0.490590598745309E-01    0.587443659495545E-01
    0.185899999999996E+00    0.566564762021736E-01    0.821535846264569E-05    0.490837276447297E-01    0.587741056008272E-01
    0.185999999999996E+00    0.566855124815143E-01    0.822802036605756E-05    0.491083936259737E-01    0.588038433919375E-01
    0.186099999999996E+00    0.567145472734645E-01    0.824069508307543E-05    0.491330578183616E-01    0.588335793230999E-01
    0.186199999999996E+00    0.567435805781092E-01    0.825338261964728E-05    0.491577202219921E-01    0.588633133945288E-01
    0.186299999999996E+00    0.567726123955334E-01    0.826608298171889E-05    0.491823808369641E-01    0.588930456064386E-01
    0.186399999999996E+00    0.568016427258218E-01    0.827879617523537E-05    0.492070396633762E-01    0.589227759590439E-01
    0.186499999999996E+00    0.568306715690595E-01    0.829152220614966E-05    0.492316967013271E-01    0.589525044525590E-01
    0.186599999999996E+00    0.568596989253312E-01    0.830426108040051E-05    0.492563519509156E-01    0.589822310871982E-01
    0.186699999999996E+00    0.568887247947221E-01    0.831701280393368E-05    0.492810054122403E-01    0.590119558631759E-01
    0.186799999999996E+00    0.569177491773168E-01    0.832977738269111E-05    0.493056570854000E-01    0.590416787807063E-01
    0.186899999999996E+00    0.569467720732003E-01    0.834255482261744E-05    0.493303069704933E-01    0.590713998400037E-01
    0.186999999999996E+00    0.569757934824576E-01    0.835534512965482E-05    0.493549550676188E-01    0.591011190412823E-01
    0.187099999999996E+00    0.570048134051734E-01    0.836814830973959E-05    0.493796013768754E-01    0.591308363847564E-01
    0.187199999999996E+00    0.570338318414326E-01    0.838096436881590E-05    0.494042458983615E-01    0.591605518706401E-01
    0.187299999999996E+00    0.570628487913201E-01    0.839379331282179E-05    0.494288886321759E-01    0.591902654991474E-01
    0.187399999999996E+00    0.570918642549208E-01    0.840663514769462E-05    0.494535295784173E-01    0.592199772704926E-01
    0.187499999999996E+00    0.571208782323195E-01    0.841948987937370E-05    0.494781687371841E-01    0.592496871848897E-01
    0.187599999999996E+00    0.571498907236010E-01    0.843235751379740E-05    0.495028061085751E-01    0.592793952425527E-01
    0.187699999999996E+00    0.571789017288502E-01    0.844523805690129E-05    0.495274416926889E-01    0.593091014436956E-01
    0.187799999999996E+00    0.572079112481519E-01    0.845813151461903E-05    0.495520754896240E-01    0.593388057885325E-01
    0.187899999999996E+00    0.572369192815910E-01    0.847103789288511E-05    0.495767074994792E-01    0.593685082772772E-01
    0.187999999999996E+00    0.572659258292522E-01    0.848395719763836E-05    0.496013377223528E-01    0.593982089101437E-01
    0.188099999999996E+00    0.572949308912204E-01    0.849688943480635E-05    0.496259661583437E-01    0.594279076873458E-01
    0.188199999999996E+00    0.573239344675804E-01    0.850983461032770E-05    0.496505928075502E-01    0.594576046090974E-01
    0.188299999999996E+00    0.573529365584170E-01    0.852279273013137E-05    0.496752176700710E-01    0.594872996756123E-01
    0.188399999999996E+00    0.573819371638150E-01    0.853576380014429E-05    0.496998407460046E-01    0.595169928871044E-01
    0.188499999999996E+00    0.574109362838592E-01    0.854874782629842E-05    0.497244620354496E-01    0.595466842437873E-01
    0.188599999999996E+00    0.574399339186343E-01    0.856174481453074E-05    0.497490815385046E-01    0.595763737458748E-01
    0.188699999999996E+00    0.574689300682252E-01    0.857475477076093E-05    0.497736992552679E-01    0.596060613935806E-01
    0.188799999999996E+00    0.574979247327166E-01    0.858777770091891E-05    0.497983151858383E-01    0.596357471871183E-01
    0.188899999999996E+00    0.575269179121933E-01    0.860081361093610E-05    0.498229293303140E-01    0.596654311267016E-01
    0.188999999999996E+00    0.575559096067401E-01    0.861386250673473E-05    0.498475416887938E-01    0.596951132125441E-01
    0.189099999999995E+00    0.575848998164416E-01    0.862692439424458E-05    0.498721522613761E-01    0.597247934448593E-01
    0.189199999999995E+00    0.576138885413827E-01    0.863999927938678E-05    0.498967610481593E-01    0.597544718238609E-01
    0.189299999999995E+00    0.576428757816481E-01    0.865308716808487E-05    0.499213680492419E-01    0.597841483497622E-01
    0.189399999999995E+00    0.576718615373226E-01    0.866618806626547E-05    0.499459732647225E-01    0.598138230227768E-01
    0.189499999999995E+00    0.577008458084908E-01    0.867930197984934E-05    0.499705766946994E-01    0.598434958431181E-01
    0.189599999999995E+00    0.577298285952375E-01    0.869242891475545E-05    0.499951783392711E-01    0.598731668109995E-01
    0.189699999999995E+00    0.577588098976474E-01    0.870556887691165E-05    0.500197781985361E-01    0.599028359266345E-01
    0.189799999999995E+00    0.577877897158053E-01    0.871872187223234E-05    0.500443762725928E-01    0.599325031902362E-01
    0.189899999999995E+00    0.578167680497958E-01    0.873188790664361E-05    0.500689725615396E-01    0.599621686020182E-01
    0.189999999999995E+00    0.578457448997036E-01    0.874506698605716E-05    0.500935670654750E-01    0.599918321621937E-01
    0.190099999999995E+00    0.578747202656134E-01    0.875825911639779E-05    0.501181597844973E-01    0.600214938709758E-01
    0.190199999999995E+00    0.579036941476100E-01    0.877146430357624E-05    0.501427507187050E-01    0.600511537285780E-01
    0.190299999999995E+00    0.579326665457780E-01    0.878468255351339E-05    0.501673398681964E-01    0.600808117352132E-01
    0.190399999999995E+00    0.579616374602021E-01    0.879791387212484E-05    0.501919272330700E-01    0.601104678910948E-01
    0.190499999999995E+00    0.579906068909670E-01    0.881115826532595E-05    0.502165128134241E-01    0.601401221964359E-01
    0.190599999999995E+00    0.580195748381572E-01    0.882441573903351E-05    0.502410966093570E-01    0.601697746514494E-01
    0.190699999999995E+00    0.580485413018576E-01    0.883768629915441E-05    0.502656786209672E-01    0.601994252563486E-01
    0.190799999999995E+00    0.580775062821527E-01    0.885096995160542E-05    0.502902588483529E-01    0.602290740113464E-01
    0.190899999999995E+00    0.581064697791272E-01    0.886426670229873E-05    0.503148372916126E-01    0.602587209166559E-01
    0.190999999999995E+00    0.581354317928658E-01    0.887757655714742E-05    0.503394139508446E-01    0.602883659724901E-01
    0.191099999999995E+00    0.581643923234530E-01    0.889089952205767E-05    0.503639888261471E-01    0.603180091790618E-01
    0.191199999999995E+00    0.581933513709735E-01    0.890423560294319E-05    0.503885619176186E-01    0.603476505365840E-01
    0.191299999999995E+00    0.582223089355120E-01    0.891758480570961E-05    0.504131332253572E-01    0.603772900452696E-01
    0.191399999999995E+00    0.582512650171530E-01    0.893094713627092E-05    0.504377027494614E-01    0.604069277053314E-01
    0.191499999999995E+00    0.582802196159811E-01    0.894432260053064E-05    0.504622704900293E-01    0.604365635169823E-01
    0.191599999999995E+00    0.583091727320810E-01    0.895771120439438E-05    0.504868364471594E-01    0.604661974804350E-01
    0.191699999999995E+00    0.583381243655373E-01    0.897111295376693E-05    0.505114006209498E-01    0.604958295959023E-01
    0.191799999999995E+00    0.583670745164346E-01    0.898452785456026E-05    0.505359630114988E-01    0.605254598635969E-01
    0.191899999999995E+00    0.583960231848574E-01    0.899795591267818E-05    0.505605236189047E-01    0.605550882837316E-01
    0.191999999999995E+00    0.584249703708903E-01    0.901139713402147E-05    0.505850824432658E-01    0.605847148565190E-01
    0.192099999999995E+00    0.584539160746180E-01    0.902485152448779E-05    0.506096394846802E-01    0.606143395821717E-01
    0.192199999999995E+00    0.584828602961250E-01    0.903831908998890E-05    0.506341947432462E-01    0.606439624609023E-01
    0.192299999999995E+00    0.585118030354958E-01    0.905179983642222E-05    0.506587482190620E-01    0.606735834929234E-01
    0.192399999999995E+00    0.585407442928150E-01    0.906529376968972E-05    0.506832999122259E-01    0.607032026784476E-01
    0.192499999999995E+00    0.585696840681672E-01    0.907880089568960E-05    0.507078498228360E-01    0.607328200176873E-01
    0.192599999999995E+00    0.585986223616368E-01    0.909232122032689E-05    0.507323979509905E-01    0.607624355108550E-01
    0.192699999999995E+00    0.586275591733086E-01    0.910585474949471E-05    0.507569442967877E-01    0.607920491581632E-01
    0.192799999999995E+00    0.586564945032669E-01    0.911940148909351E-05    0.507814888603257E-01    0.608216609598243E-01
    0.192899999999995E+00    0.586854283515964E-01    0.913296144501765E-05    0.508060316417027E-01    0.608512709160507E-01
    0.192999999999995E+00    0.587143607183815E-01    0.914653462316926E-05    0.508305726410168E-01    0.608808790270547E-01
    0.193099999999995E+00    0.587432916037068E-01    0.916012102943605E-05    0.508551118583663E-01    0.609104852930486E-01
    0.193199999999995E+00    0.587722210076566E-01    0.917372066970845E-05    0.508796492938491E-01    0.609400897142448E-01
    0.193299999999995E+00    0.588011489303157E-01    0.918733354989790E-05    0.509041849475636E-01    0.609696922908555E-01
    0.193399999999995E+00    0.588300753717685E-01    0.920095967588559E-05    0.509287188196078E-01    0.609992930230929E-01
    0.193499999999995E+00    0.588590003320995E-01    0.921459905356659E-05    0.509532509100798E-01    0.610288919111693E-01
    0.193599999999995E+00    0.588879238113932E-01    0.922825168883556E-05    0.509777812190778E-01    0.610584889552968E-01
    0.193699999999995E+00    0.589168458097340E-01    0.924191758758721E-05    0.510023097466998E-01    0.610880841556875E-01
    0.193799999999995E+00    0.589457663272065E-01    0.925559675570178E-05    0.510268364930440E-01    0.611176775125536E-01
    0.193899999999995E+00    0.589746853638950E-01    0.926928919907434E-05    0.510513614582084E-01    0.611472690261071E-01
    0.193999999999995E+00    0.590036029198841E-01    0.928299492359023E-05    0.510758846422911E-01    0.611768586965600E-01
    0.194099999999995E+00    0.590325189952583E-01    0.929671393514384E-05    0.511004060453902E-01    0.612064465241244E-01
    0.194199999999995E+00    0.590614335901019E-01    0.931044623962139E-05    0.511249256676038E-01    0.612360325090123E-01
    0.194299999999995E+00    0.590903467044994E-01    0.932419184290484E-05    0.511494435090298E-01    0.612656166514356E-01
    0.194399999999995E+00    0.591192583385353E-01    0.933795075088510E-05    0.511739595697664E-01    0.612951989516062E-01
    0.194499999999995E+00    0.591481684922940E-01    0.935172296944623E-05    0.511984738499116E-01    0.613247794097360E-01
    0.194599999999995E+00    0.591770771658599E-01    0.936550850447349E-05    0.512229863495634E-01    0.613543580260369E-01
    0.194699999999995E+00    0.592059843593175E-01    0.937930736184788E-05    0.512474970688198E-01    0.613839348007206E-01
    0.194799999999995E+00    0.592348900727511E-01    0.939311954745045E-05    0.512720060077788E-01    0.614135097339991E-01
    0.194899999999995E+00    0.592637943062453E-01    0.940694506717058E-05    0.512965131665386E-01    0.614430828260841E-01
    0.194999999999995E+00    0.592926970598843E-01    0.942078392688982E-05    0.513210185451969E-01    0.614726540771872E-01
    0.195099999999995E+00    0.593215983337526E-01    0.943463613248509E-05    0.513455221438518E-01    0.615022234875202E-01
    0.195199999999995E+00    0.593504981279345E-01    0.944850168983368E-05    0.513700239626014E-01    0.615317910572947E-01
    0.195299999999995E+00    0.593793964425146E-01    0.946238060481728E-05    0.513945240015435E-01    0.615613567867225E-01
    0.195399999999995E+00    0.594082932775771E-01    0.947627288331311E-05    0.514190222607761E-01    0.615909206760151E-01
    0.195499999999995E+00    0.594371886332064E-01    0.949017853120699E-05    0.514435187403972E-01    0.616204827253840E-01
    0.195599999999995E+00    0.594660825094869E-01    0.950409755436902E-05    0.514680134405047E-01    0.616500429350409E-01
    0.195699999999995E+00    0.594949749065030E-01    0.951802995868017E-05    0.514925063611966E-01    0.616796013051973E-01
    0.195799999999995E+00    0.595238658243390E-01    0.953197575000845E-05    0.515169975025707E-01    0.617091578360646E-01
    0.195899999999995E+00    0.595527552630793E-01    0.954593493424193E-05    0.515414868647251E-01    0.617387125278542E-01
    0.195999999999995E+00    0.595816432228081E-01    0.955990751724344E-05    0.515659744477575E-01    0.617682653807777E-01
    0.196099999999995E+00    0.596105297036100E-01    0.957389350488615E-05    0.515904602517660E-01    0.617978163950464E-01
    0.196199999999995E+00    0.596394147055691E-01    0.958789290304944E-05    0.516149442768483E-01    0.618273655708717E-01
    0.196299999999995E+00    0.596682982287699E-01    0.960190571760274E-05    0.516394265231024E-01    0.618569129084648E-01
    0.196399999999995E+00    0.596971802732966E-01    0.961593195441586E-05    0.516639069906262E-01    0.618864584080372E-01
    0.196499999999995E+00    0.597260608392336E-01    0.962997161935803E-05    0.516883856795175E-01    0.619160020698000E-01
    0.196599999999995E+00    0.597549399266651E-01    0.964402471830413E-05    0.517128625898742E-01    0.619455438939645E-01
    0.196699999999995E+00    0.597838175356755E-01    0.965809125711939E-05    0.517373377217940E-01    0.619750838807419E-01
    0.196799999999995E+00    0.598126936663491E-01    0.967217124167193E-05    0.517618110753750E-01    0.620046220303434E-01
    0.196899999999995E+00    0.598415683187702E-01    0.968626467783038E-05    0.517862826507149E-01    0.620341583429802E-01
    0.196999999999995E+00    0.598704414930230E-01    0.970037157146444E-05    0.518107524479115E-01    0.620636928188632E-01
    0.197099999999995E+00    0.598993131891918E-01    0.971449192843965E-05    0.518352204670626E-01    0.620932254582037E-01
    0.197199999999995E+00    0.599281834073610E-01    0.972862575461882E-05    0.518596867082660E-01    0.621227562612127E-01
    0.197299999999995E+00    0.599570521476148E-01    0.974277305587026E-05    0.518841511716196E-01    0.621522852281012E-01
    0.197399999999995E+00    0.599859194100374E-01    0.975693383804876E-05    0.519086138572211E-01    0.621818123590801E-01
    0.197499999999995E+00    0.600147851947131E-01    0.977110810702675E-05    0.519330747651684E-01    0.622113376543605E-01
    0.197599999999995E+00    0.600436495017261E-01    0.978529586866148E-05    0.519575338955591E-01    0.622408611141532E-01
    0.197699999999995E+00    0.600725123311608E-01    0.979949712882033E-05    0.519819912484911E-01    0.622703827386692E-01
    0.197799999999995E+00    0.601013736831013E-01    0.981371189336346E-05    0.520064468240621E-01    0.622999025281194E-01
    0.197899999999995E+00    0.601302335576319E-01    0.982794016814771E-05    0.520309006223698E-01    0.623294204827145E-01
    0.197999999999995E+00    0.601590919548368E-01    0.984218195903365E-05    0.520553526435120E-01    0.623589366026654E-01
    0.198099999999995E+00    0.601879488748002E-01    0.985643727188295E-05    0.520798028875865E-01    0.623884508881828E-01
    0.198199999999994E+00    0.602168043176063E-01    0.987070611255210E-05    0.521042513546909E-01    0.624179633394776E-01
    0.198299999999994E+00    0.602456582833394E-01    0.988498848689375E-05    0.521286980449229E-01    0.624474739567603E-01
    0.198399999999994E+00    0.602745107720837E-01    0.989928440077014E-05    0.521531429583803E-01    0.624769827402417E-01
    0.198499999999994E+00    0.603033617839233E-01    0.991359386003253E-05    0.521775860951608E-01    0.625064896901324E-01
    0.198599999999994E+00    0.603322113189425E-01    0.992791687054086E-05    0.522020274553620E-01    0.625359948066431E-01
    0.198699999999994E+00    0.603610593772254E-01    0.994225343815011E-05    0.522264670390816E-01    0.625654980899843E-01
    0.198799999999994E+00    0.603899059588562E-01    0.995660356871538E-05    0.522509048464173E-01    0.625949995403666E-01
    0.198899999999994E+00    0.604187510639191E-01    0.997096726808761E-05    0.522753408774668E-01    0.626244991580005E-01
    0.198999999999994E+00    0.604475946924983E-01    0.998534454212031E-05    0.522997751323277E-01    0.626539969430965E-01
    0.199099999999994E+00    0.604764368446779E-01    0.999973539666352E-05    0.523242076110976E-01    0.626834928958651E-01
    0.199199999999994E+00    0.605052775205421E-01    0.100141398375627E-04    0.523486383138743E-01    0.627129870165168E-01
    0.199299999999994E+00    0.605341167201750E-01    0.100285578706709E-04    0.523730672407552E-01    0.627424793052618E-01
    0.199399999999994E+00    0.605629544436608E-01    0.100429895018404E-04    0.523974943918381E-01    0.627719697623106E-01
    0.199499999999994E+00    0.605917906910836E-01    0.100574347369199E-04    0.524219197672206E-01    0.628014583878736E-01
    0.199599999999994E+00    0.606206254625276E-01    0.100718935817590E-04    0.524463433670002E-01    0.628309451821609E-01
    0.199699999999994E+00    0.606494587580768E-01    0.100863660422041E-04    0.524707651912746E-01    0.628604301453830E-01
    0.199799999999994E+00    0.606782905778155E-01    0.101008521240995E-04    0.524951852401413E-01    0.628899132777501E-01
    0.199899999999994E+00    0.607071209218276E-01    0.101153518332937E-04    0.525196035136979E-01    0.629193945794723E-01
    0.199999999999994E+00    0.607359497901974E-01    0.101298651756300E-04    0.525440200120420E-01    0.629488740507599E-01
    0.200099999999994E+00    0.607647771830089E-01    0.101443921569507E-04    0.525684347352711E-01    0.629783516918230E-01
    0.200199999999994E+00    0.607936031003463E-01    0.101589327831055E-04    0.525928476834828E-01    0.630078275028718E-01
    0.200299999999994E+00    0.608224275422935E-01    0.101734870599327E-04    0.526172588567746E-01    0.630373014841163E-01
    0.200399999999994E+00    0.608512505089348E-01    0.101880549932779E-04    0.526416682552442E-01    0.630667736357667E-01
    0.200499999999994E+00    0.608800720003541E-01    0.102026365889799E-04    0.526660758789889E-01    0.630962439580328E-01
    0.200599999999994E+00    0.609088920166356E-01    0.102172318528794E-04    0.526904817281063E-01    0.631257124511248E-01
    0.200699999999994E+00    0.609377105578634E-01    0.102318407908150E-04    0.527148858026940E-01    0.631551791152526E-01
    0.200799999999994E+00    0.609665276241214E-01    0.102464634086332E-04    0.527392881028494E-01    0.631846439506262E-01
    0.200899999999994E+00    0.609953432154938E-01    0.102610997121618E-04    0.527636886286700E-01    0.632141069574554E-01
    0.200999999999994E+00    0.610241573320646E-01    0.102757497072498E-04    0.527880873802533E-01    0.632435681359502E-01
    0.201099999999994E+00    0.610529699739178E-01    0.102904133997291E-04    0.528124843576968E-01    0.632730274863203E-01
    0.201199999999994E+00    0.610817811411375E-01    0.103050907954376E-04    0.528368795610979E-01    0.633024850087757E-01
    0.201299999999994E+00    0.611105908338077E-01    0.103197819002095E-04    0.528612729905541E-01    0.633319407035260E-01
    0.201399999999994E+00    0.611393990520125E-01    0.103344867198805E-04    0.528856646461629E-01    0.633613945707811E-01
    0.201499999999994E+00    0.611682057958358E-01    0.103492052602887E-04    0.529100545280217E-01    0.633908466107506E-01
    0.201599999999994E+00    0.611970110653618E-01    0.103639375272627E-04    0.529344426362279E-01    0.634202968236443E-01
    0.201699999999994E+00    0.612258148606743E-01    0.103786835266362E-04    0.529588289708789E-01    0.634497452096719E-01
    0.201799999999994E+00    0.612546171818574E-01    0.103934432642424E-04    0.529832135320722E-01    0.634791917690429E-01
    0.201899999999994E+00    0.612834180289951E-01    0.104082167459113E-04    0.530075963199052E-01    0.635086365019669E-01
    0.201999999999994E+00    0.613122174021713E-01    0.104230039774759E-04    0.530319773344753E-01    0.635380794086536E-01
    0.202099999999994E+00    0.613410153014702E-01    0.104378049647635E-04    0.530563565758798E-01    0.635675204893125E-01
    0.202199999999994E+00    0.613698117269756E-01    0.104526197136060E-04    0.530807340442161E-01    0.635969597441530E-01
    0.202299999999994E+00    0.613986066787715E-01    0.104674482298320E-04    0.531051097395817E-01    0.636263971733847E-01
    0.202399999999994E+00    0.614274001569419E-01    0.104822905192678E-04    0.531294836620739E-01    0.636558327772170E-01
    0.202499999999994E+00    0.614561921615708E-01    0.104971465877458E-04    0.531538558117900E-01    0.636852665558593E-01
    0.202599999999994E+00    0.614849826927421E-01    0.105120164410858E-04    0.531782261888274E-01    0.637146985095210E-01
    0.202699999999994E+00    0.615137717505397E-01    0.105269000851183E-04    0.532025947932834E-01    0.637441286384115E-01
    0.202799999999994E+00    0.615425593350476E-01    0.105417975256617E-04    0.532269616252554E-01    0.637735569427400E-01
    0.202899999999994E+00    0.615713454463498E-01    0.105567087685456E-04    0.532513266848407E-01    0.638029834227160E-01
    0.202999999999994E+00    0.616001300845302E-01    0.105716338195975E-04    0.532756899721365E-01    0.638324080785485E-01
    0.203099999999994E+00    0.616289132496727E-01    0.105865726846375E-04    0.533000514872403E-01    0.638618309104470E-01
    0.203199999999994E+00    0.616576949418610E-01    0.106015253694714E-04    0.533244112302492E-01    0.638912519186205E-01
    0.203299999999994E+00    0.616864751611794E-01    0.106164918799477E-04    0.533487692012606E-01    0.639206711032783E-01
    0.203399999999994E+00    0.617152539077117E-01    0.106314722218774E-04    0.533731254003718E-01    0.639500884646295E-01
    0.203499999999994E+00    0.617440311815417E-01    0.106464664010769E-04    0.533974798276801E-01    0.639795040028832E-01
    0.203599999999994E+00    0.617728069827534E-01    0.106614744233693E-04    0.534218324832826E-01    0.640089177182484E-01
    0.203699999999994E+00    0.618015813114307E-01    0.106764962945730E-04    0.534461833672767E-01    0.640383296109343E-01
    0.203799999999994E+00    0.618303541676573E-01    0.106915320205022E-04    0.534705324797596E-01    0.640677396811498E-01
    0.203899999999994E+00    0.618591255515173E-01    0.107065816069814E-04    0.534948798208285E-01    0.640971479291040E-01
    0.203999999999994E+00    0.618878954630945E-01    0.107216450598208E-04    0.535192253905807E-01    0.641265543550057E-01
    0.204099999999994E+00    0.619166639024727E-01    0.107367223848362E-04    0.535435691891134E-01    0.641559589590640E-01
    0.204199999999994E+00    0.619454308697358E-01    0.107518135878441E-04    0.535679112165238E-01    0.641853617414876E-01
    0.204299999999994E+00    0.619741963649676E-01    0.107669186746623E-04    0.535922514729091E-01    0.642147627024855E-01
    0.204399999999994E+00    0.620029603882521E-01    0.107820376511019E-04    0.536165899583664E-01    0.642441618422665E-01
    0.204499999999994E+00    0.620317229396731E-01    0.107971705229750E-04    0.536409266729931E-01    0.642735591610395E-01
    0.204599999999994E+00    0.620604840193144E-01    0.108123172961006E-04    0.536652616168862E-01    0.643029546590131E-01
    0.204699999999994E+00    0.620892436272598E-01    0.108274779762785E-04    0.536895947901429E-01    0.643323483363961E-01
    0.204799999999994E+00    0.621180017635931E-01    0.108426525693235E-04    0.537139261928605E-01    0.643617401933972E-01
    0.204899999999994E+00    0.621467584283982E-01    0.108578410810510E-04    0.537382558251360E-01    0.643911302302252E-01
    0.204999999999994E+00    0.621755136217590E-01    0.108730435172709E-04    0.537625836870665E-01    0.644205184470886E-01
    0.205099999999994E+00    0.622042673437591E-01    0.108882598837871E-04    0.537869097787494E-01    0.644499048441961E-01
    0.205199999999994E+00    0.622330195944825E-01    0.109034901864100E-04    0.538112341002815E-01    0.644792894217563E-01
    0.205299999999994E+00    0.622617703740128E-01    0.109187344309473E-04    0.538355566517601E-01    0.645086721799776E-01
    0.205399999999994E+00    0.622905196824339E-01    0.109339926232036E-04    0.538598774332823E-01    0.645380531190688E-01
    0.205499999999994E+00    0.623192675198297E-01    0.109492647689871E-04    0.538841964449452E-01    0.645674322392381E-01
    0.205599999999994E+00    0.623480138862838E-01    0.109645508741028E-04    0.539085136868459E-01    0.645968095406942E-01
    0.205699999999994E+00    0.623767587818800E-01    0.109798509443581E-04    0.539328291590814E-01    0.646261850236454E-01
    0.205799999999994E+00    0.624055022067021E-01    0.109951649855554E-04    0.539571428617489E-01    0.646555586883002E-01
    0.205899999999994E+00    0.624342441608339E-01    0.110104930034960E-04    0.539814547949454E-01    0.646849305348669E-01
    0.205999999999994E+00    0.624629846443591E-01    0.110258350039825E-04    0.540057649587679E-01    0.647143005635538E-01
    0.206099999999994E+00    0.624917236573615E-01    0.110411909928162E-04    0.540300733533135E-01    0.647436687745694E-01
    0.206199999999994E+00    0.625204611999248E-01    0.110565609758004E-04    0.540543799786793E-01    0.647730351681217E-01
    0.206299999999994E+00    0.625491972721327E-01    0.110719449587308E-04    0.540786848349623E-01    0.648023997444192E-01
    0.206399999999994E+00    0.625779318740691E-01    0.110873429474106E-04    0.541029879222595E-01    0.648317625036701E-01
    0.206499999999994E+00    0.626066650058175E-01    0.111027549476420E-04    0.541272892406679E-01    0.648611234460824E-01
    0.206599999999994E+00    0.626353966674618E-01    0.111181809652210E-04    0.541515887902846E-01    0.648904825718645E-01
    0.206699999999994E+00    0.626641268590857E-01    0.111336210059423E-04    0.541758865712065E-01    0.649198398812243E-01
    0.206799999999994E+00    0.626928555807728E-01    0.111490750756089E-04    0.542001825835307E-01    0.649491953743700E-01
    0.206899999999994E+00    0.627215828326068E-01    0.111645431800154E-04    0.542244768273540E-01    0.649785490515098E-01
    0.206999999999994E+00    0.627503086146715E-01    0.111800253249533E-04    0.542487693027736E-01    0.650079009128515E-01
    0.207099999999994E+00    0.627790329270506E-01    0.111955215162235E-04    0.542730600098863E-01    0.650372509586032E-01
    0.207199999999994E+00    0.628077557698277E-01    0.112110317596130E-04    0.542973489487891E-01    0.650665991889729E-01
    0.207299999999993E+00    0.628364771430864E-01    0.112265560609175E-04    0.543216361195789E-01    0.650959456041686E-01
    0.207399999999993E+00    0.628651970469106E-01    0.112420944259297E-04    0.543459215223528E-01    0.651252902043981E-01
    0.207499999999993E+00    0.628939154813839E-01    0.112576468604436E-04    0.543702051572076E-01    0.651546329898694E-01
    0.207599999999993E+00    0.629226324465898E-01    0.112732133702514E-04    0.543944870242402E-01    0.651839739607902E-01
    0.207699999999993E+00    0.629513479426122E-01    0.112887939611432E-04    0.544187671235476E-01    0.652133131173685E-01
    0.207799999999993E+00    0.629800619695345E-01    0.113043886389086E-04    0.544430454552267E-01    0.652426504598119E-01
    0.207899999999993E+00    0.630087745274405E-01    0.113199974093354E-04    0.544673220193744E-01    0.652719859883283E-01
    0.207999999999993E+00    0.630374856164139E-01    0.113356202782128E-04    0.544915968160875E-01    0.653013197031254E-01
    0.208099999999993E+00    0.630661952365381E-01    0.113512572513278E-04    0.545158698454630E-01    0.653306516044110E-01
    0.208199999999993E+00    0.630949033878969E-01    0.113669083344719E-04    0.545401411075977E-01    0.653599816923925E-01
    0.208299999999993E+00    0.631236100705740E-01    0.113825735334306E-04    0.545644106025885E-01    0.653893099672778E-01
    0.208399999999993E+00    0.631523152846528E-01    0.113982528539873E-04    0.545886783305322E-01    0.654186364292744E-01
    0.208499999999993E+00    0.631810190302170E-01    0.114139463019284E-04    0.546129442915257E-01    0.654479610785899E-01
    0.208599999999993E+00    0.632097213073502E-01    0.114296538830383E-04    0.546372084856658E-01    0.654772839154318E-01
    0.208699999999993E+00    0.632384221161361E-01    0.114453756030990E-04    0.546614709130494E-01    0.655066049400077E-01
    0.208799999999993E+00    0.632671214566581E-01    0.114611114678991E-04    0.546857315737732E-01    0.655359241525251E-01
    0.208899999999993E+00    0.632958193290000E-01    0.114768614832130E-04    0.547099904679341E-01    0.655652415531913E-01
    0.208999999999993E+00    0.633245157332451E-01    0.114926256548252E-04    0.547342475956289E-01    0.655945571422139E-01
    0.209099999999993E+00    0.633532106694773E-01    0.115084039885184E-04    0.547585029569544E-01    0.656238709198002E-01
    0.209199999999993E+00    0.633819041377799E-01    0.115241964900736E-04    0.547827565520074E-01    0.656531828861576E-01
    0.209299999999993E+00    0.634105961382366E-01    0.115400031652709E-04    0.548070083808846E-01    0.656824930414934E-01
    0.209399999999993E+00    0.634392866709309E-01    0.115558240198847E-04    0.548312584436828E-01    0.657118013860149E-01
    0.209499999999993E+00    0.634679757359464E-01    0.115716590596992E-04    0.548555067404988E-01    0.657411079199294E-01
    0.209599999999993E+00    0.634966633333666E-01    0.115875082904882E-04    0.548797532714294E-01    0.657704126434442E-01
    0.209699999999993E+00    0.635253494632751E-01    0.116033717180266E-04    0.549039980365713E-01    0.657997155567664E-01
    0.209799999999993E+00    0.635540341257553E-01    0.116192493480914E-04    0.549282410360211E-01    0.658290166601033E-01
    0.209899999999993E+00    0.635827173208909E-01    0.116351411864633E-04    0.549524822698757E-01    0.658583159536619E-01
    0.209999999999993E+00    0.636113990487653E-01    0.116510472389161E-04    0.549767217382318E-01    0.658876134376495E-01
    0.210099999999993E+00    0.636400793094620E-01    0.116669675112211E-04    0.550009594411861E-01    0.659169091122730E-01
    0.210199999999993E+00    0.636687581030647E-01    0.116829020091525E-04    0.550251953788352E-01    0.659462029777396E-01
    0.210299999999993E+00    0.636974354296567E-01    0.116988507384821E-04    0.550494295512759E-01    0.659754950342564E-01
    0.210399999999993E+00    0.637261112893215E-01    0.117148137049864E-04    0.550736619586049E-01    0.660047852820301E-01
    0.210499999999993E+00    0.637547856821427E-01    0.117307909144309E-04    0.550978926009188E-01    0.660340737212680E-01
    0.210599999999993E+00    0.637834586082037E-01    0.117467823725886E-04    0.551221214783143E-01    0.660633603521768E-01
    0.210699999999993E+00    0.638121300675880E-01    0.117627880852302E-04    0.551463485908881E-01    0.660926451749636E-01
    0.210799999999993E+00    0.638408000603792E-01    0.117788080581229E-04    0.551705739387368E-01    0.661219281898351E-01
    0.210899999999993E+00    0.638694685866606E-01    0.117948422970413E-04    0.551947975219571E-01    0.661512093969982E-01
    0.210999999999993E+00    0.638981356465157E-01    0.118108908077455E-04    0.552190193406456E-01    0.661804887966598E-01
    0.211099999999993E+00    0.639268012400279E-01    0.118269535960079E-04    0.552432393948988E-01    0.662097663890266E-01
    0.211199999999993E+00    0.639554653672809E-01    0.118430306675946E-04    0.552674576848136E-01    0.662390421743054E-01
    0.211299999999993E+00    0.639841280283578E-01    0.118591220282734E-04    0.552916742104863E-01    0.662683161527029E-01
    0.211399999999993E+00    0.640127892233423E-01    0.118752276838003E-04    0.553158889720138E-01    0.662975883244258E-01
    0.211499999999993E+00    0.640414489523178E-01    0.118913476399483E-04    0.553401019694925E-01    0.663268586896807E-01
    0.211599999999993E+00    0.640701072153676E-01    0.119074819024834E-04    0.553643132030189E-01    0.663561272486744E-01
    0.211699999999993E+00    0.640987640125752E-01    0.119236304771642E-04    0.553885226726898E-01    0.663853940016134E-01
    0.211799999999993E+00    0.641274193440240E-01    0.119397933697528E-04    0.554127303786017E-01    0.664146589487042E-01
    0.211899999999993E+00    0.641560732097974E-01    0.119559705860140E-04    0.554369363208511E-01    0.664439220901535E-01
    0.211999999999993E+00    0.641847256099788E-01    0.119721621317016E-04    0.554611404995346E-01    0.664731834261677E-01
    0.212099999999993E+00    0.642133765446516E-01    0.119883680125807E-04    0.554853429147487E-01    0.665024429569533E-01
    0.212199999999993E+00    0.642420260138993E-01    0.120045882344194E-04    0.555095435665899E-01    0.665317006827168E-01
    0.212299999999993E+00    0.642706740178051E-01    0.120208228029690E-04    0.555337424551548E-01    0.665609566036645E-01
    0.212399999999993E+00    0.642993205564525E-01    0.120370717239879E-04    0.555579395805400E-01    0.665902107200029E-01
    0.212499999999993E+00    0.643279656299248E-01    0.120533350032335E-04    0.555821349428418E-01    0.666194630319384E-01
    0.212599999999993E+00    0.643566092383055E-01    0.120696126464608E-04    0.556063285421568E-01    0.666487135396772E-01
    0.212699999999993E+00    0.643852513816778E-01    0.120859046594325E-04    0.556305203785815E-01    0.666779622434257E-01
    0.212799999999993E+00    0.644138920601252E-01    0.121022110479025E-04    0.556547104522123E-01    0.667072091433901E-01
    0.212899999999993E+00    0.644425312737310E-01    0.121185318176198E-04    0.556788987631459E-01    0.667364542397767E-01
    0.212999999999993E+00    0.644711690225784E-01    0.121348669743439E-04    0.557030853114785E-01    0.667656975327916E-01
    0.213099999999993E+00    0.644998053067510E-01    0.121512165238285E-04    0.557272700973067E-01    0.667949390226412E-01
    0.213199999999993E+00    0.645284401263319E-01    0.121675804718271E-04    0.557514531207269E-01    0.668241787095314E-01
    0.213299999999993E+00    0.645570734814046E-01    0.121839588240929E-04    0.557756343818355E-01    0.668534165936684E-01
    0.213399999999993E+00    0.645857053720523E-01    0.122003515863740E-04    0.557998138807290E-01    0.668826526752584E-01
    0.213499999999993E+00    0.646143357983583E-01    0.122167587644233E-04    0.558239916175039E-01    0.669118869545073E-01
    0.213599999999993E+00    0.646429647604061E-01    0.122331803639920E-04    0.558481675922565E-01    0.669411194316211E-01
    0.213699999999993E+00    0.646715922582788E-01    0.122496163908294E-04    0.558723418050832E-01    0.669703501068060E-01
    0.213799999999993E+00    0.647002182920597E-01    0.122660668506836E-04    0.558965142560804E-01    0.669995789802679E-01
    0.213899999999993E+00    0.647288428618320E-01    0.122825317492967E-04    0.559206849453445E-01    0.670288060522126E-01
    0.213999999999993E+00    0.647574659676794E-01    0.122990110924307E-04    0.559448538729719E-01    0.670580313228461E-01
    0.214099999999993E+00    0.647860876096849E-01    0.123155048858252E-04    0.559690210390590E-01    0.670872547923742E-01
    0.214199999999993E+00    0.648147077879319E-01    0.123320131352249E-04    0.559931864437021E-01    0.671164764610029E-01
    0.214299999999993E+00    0.648433265025035E-01    0.123485358463762E-04    0.560173500869976E-01    0.671456963289379E-01
    0.214399999999993E+00    0.648719437534830E-01    0.123650730250240E-04    0.560415119690418E-01    0.671749143963850E-01
    0.214499999999993E+00    0.649005595409537E-01    0.123816246769187E-04    0.560656720899312E-01    0.672041306635500E-01
    0.214599999999993E+00    0.649291738649989E-01    0.123981908078003E-04    0.560898304497619E-01    0.672333451306385E-01
    0.214699999999993E+00    0.649577867257017E-01    0.124147714234038E-04    0.561139870486303E-01    0.672625577978563E-01
    0.214799999999993E+00    0.649863981231455E-01    0.124313665294792E-04    0.561381418866327E-01    0.672917686654091E-01
    0.214899999999993E+00    0.650150080574134E-01    0.124479761317667E-04    0.561622949638655E-01    0.673209777335024E-01
    0.214999999999993E+00    0.650436165285887E-01    0.124646002360050E-04    0.561864462804249E-01    0.673501850023419E-01
    0.215099999999993E+00    0.650722235367546E-01    0.124812388479334E-04    0.562105958364072E-01    0.673793904721331E-01
    0.215199999999993E+00    0.651008290819943E-01    0.124978919733005E-04    0.562347436319087E-01    0.674085941430816E-01
    0.215299999999993E+00    0.651294331643911E-01    0.125145596178400E-04    0.562588896670257E-01    0.674377960153929E-01
    0.215399999999993E+00    0.651580357840281E-01    0.125312417872902E-04    0.562830339418544E-01    0.674669960892724E-01
    0.215499999999993E+00    0.651866369409885E-01    0.125479384873830E-04    0.563071764564911E-01    0.674961943649257E-01
    0.215599999999993E+00    0.652152366353556E-01    0.125646497238609E-04    0.563313172110320E-01    0.675253908425581E-01
    0.215699999999993E+00    0.652438348672125E-01    0.125813755024639E-04    0.563554562055733E-01    0.675545855223751E-01
    0.215799999999993E+00    0.652724316366423E-01    0.125981158289190E-04    0.563795934402114E-01    0.675837784045819E-01
    0.215899999999993E+00    0.653010269437284E-01    0.126148707089683E-04    0.564037289150423E-01    0.676129694893839E-01
    0.215999999999993E+00    0.653296207885537E-01    0.126316401483468E-04    0.564278626301624E-01    0.676421587769865E-01
    0.216099999999993E+00    0.653582131712016E-01    0.126484241527785E-04    0.564519945856678E-01    0.676713462675948E-01
    0.216199999999993E+00    0.653868040917551E-01    0.126652227280076E-04    0.564761247816547E-01    0.677005319614142E-01
    0.216299999999992E+00    0.654153935502974E-01    0.126820358797561E-04    0.565002532182193E-01    0.677297158586498E-01
    0.216399999999992E+00    0.654439815469117E-01    0.126988636137615E-04    0.565243798954578E-01    0.677588979595068E-01
    0.216499999999992E+00    0.654725680816811E-01    0.127157059357526E-04    0.565485048134663E-01    0.677880782641904E-01
    0.216599999999992E+00    0.655011531546887E-01    0.127325628514636E-04    0.565726279723410E-01    0.678172567729056E-01
    0.216699999999992E+00    0.655297367660176E-01    0.127494343666176E-04    0.565967493721781E-01    0.678464334858576E-01
    0.216799999999992E+00    0.655583189157511E-01    0.127663204869459E-04    0.566208690130736E-01    0.678756084032514E-01
    0.216899999999992E+00    0.655868996039721E-01    0.127832212181810E-04    0.566449868951238E-01    0.679047815252920E-01
    0.216999999999992E+00    0.656154788307638E-01    0.128001365660468E-04    0.566691030184248E-01    0.679339528521845E-01
    0.217099999999992E+00    0.656440565962093E-01    0.128170665362740E-04    0.566932173830726E-01    0.679631223841338E-01
    0.217199999999992E+00    0.656726329003917E-01    0.128340111345845E-04    0.567173299891634E-01    0.679922901213448E-01
    0.217299999999992E+00    0.657012077433941E-01    0.128509703667063E-04    0.567414408367933E-01    0.680214560640224E-01
    0.217399999999992E+00    0.657297811252996E-01    0.128679442383609E-04    0.567655499260584E-01    0.680506202123716E-01
    0.217499999999992E+00    0.657583530461913E-01    0.128853320085774E-04    0.567896572570547E-01    0.680797825665972E-01
    0.217599999999992E+00    0.657869235061522E-01    0.129048977003239E-04    0.568137628298784E-01    0.681089431269039E-01
    0.217699999999992E+00    0.658154925052654E-01    0.129244841992131E-04    0.568378666446254E-01    0.681381018934966E-01
    0.217799999999992E+00    0.658440600436140E-01    0.129440915177439E-04    0.568619687013920E-01    0.681672588665800E-01
    0.217899999999992E+00    0.658726261212810E-01    0.129637196684203E-04    0.568860690002740E-01    0.681964140463588E-01
    0.217999999999992E+00    0.659011907383495E-01    0.129833686637472E-04    0.569101675413676E-01    0.682255674330378E-01
    0.218099999999992E+00    0.659297538949025E-01    0.130030385162302E-04    0.569342643247687E-01    0.682547190268216E-01
    0.218199999999992E+00    0.659583155910231E-01    0.130227292383772E-04    0.569583593505735E-01    0.682838688279148E-01
    0.218299999999992E+00    0.659868758267942E-01    0.130424408426938E-04    0.569824526188779E-01    0.683130168365221E-01
    0.218399999999992E+00    0.660154346022990E-01    0.130621733416919E-04    0.570065441297779E-01    0.683421630528479E-01
    0.218499999999992E+00    0.660439919176205E-01    0.130819267478735E-04    0.570306338833695E-01    0.683713074770969E-01
    0.218599999999992E+00    0.660725477728416E-01    0.131017010737630E-04    0.570547218797488E-01    0.684004501094736E-01
    0.218699999999992E+00    0.661011021680454E-01    0.131214963318644E-04    0.570788081190116E-01    0.684295909501824E-01
    0.218799999999992E+00    0.661296551033149E-01    0.131413125346902E-04    0.571028926012541E-01    0.684587299994279E-01
    0.218899999999992E+00    0.661582065787330E-01    0.131611496947544E-04    0.571269753265720E-01    0.684878672574143E-01
    0.218999999999992E+00    0.661867565943829E-01    0.131810078245758E-04    0.571510562950615E-01    0.685170027243462E-01
    0.219099999999992E+00    0.662153051503473E-01    0.132008869366691E-04    0.571751355068184E-01    0.685461364004279E-01
    0.219199999999992E+00    0.662438522467095E-01    0.132207870435590E-04    0.571992129619387E-01    0.685752682858636E-01
    0.219299999999992E+00    0.662723978835522E-01    0.132407081577592E-04    0.572232886605183E-01    0.686043983808578E-01
    0.219399999999992E+00    0.663009420609586E-01    0.132606502917934E-04    0.572473626026531E-01    0.686335266856146E-01
    0.219499999999992E+00    0.663294847790115E-01    0.132806134581712E-04    0.572714347884391E-01    0.686626532003384E-01
    0.219599999999992E+00    0.663580260377939E-01    0.133005976694243E-04    0.572955052179721E-01    0.686917779252333E-01
    0.219699999999992E+00    0.663865658373888E-01    0.133206029380769E-04    0.573195738913481E-01    0.687209008605035E-01
    0.219799999999992E+00    0.664151041778790E-01    0.133406292766471E-04    0.573436408086629E-01    0.687500220063532E-01
    0.219899999999992E+00    0.664436410593476E-01    0.133606766976724E-04    0.573677059700125E-01    0.687791413629865E-01
    0.219999999999992E+00    0.664721764818776E-01    0.133807452136699E-04    0.573917693754926E-01    0.688082589306075E-01
    0.220099999999992E+00    0.665007104455517E-01    0.134008348371650E-04    0.574158310251992E-01    0.688373747094202E-01
    0.220199999999992E+00    0.665292429504529E-01    0.134209455806909E-04    0.574398909192281E-01    0.688664886996287E-01
    0.220299999999992E+00    0.665577739966642E-01    0.134410774567795E-04    0.574639490576751E-01    0.688956009014369E-01
    0.220399999999992E+00    0.665863035842685E-01    0.134612304779599E-04    0.574880054406362E-01    0.689247113150489E-01
    0.220499999999992E+00    0.666148317133487E-01    0.134814046567691E-04    0.575120600682071E-01    0.689538199406686E-01
    0.220599999999992E+00    0.666433583839876E-01    0.135016000057359E-04    0.575361129404836E-01    0.689829267784998E-01
    0.220699999999992E+00    0.666718835962681E-01    0.135218165373908E-04    0.575601640575615E-01    0.690120318287465E-01
    0.220799999999992E+00    0.667004073502733E-01    0.135420542642715E-04    0.575842134195368E-01    0.690411350916126E-01
    0.220899999999992E+00    0.667289296460858E-01    0.135623131989132E-04    0.576082610265050E-01    0.690702365673018E-01
    0.220999999999992E+00    0.667574504837887E-01    0.135825933538599E-04    0.576323068785621E-01    0.690993362560179E-01
    0.221099999999992E+00    0.667859698634647E-01    0.136028947416486E-04    0.576563509758039E-01    0.691284341579648E-01
    0.221199999999992E+00    0.668144877851968E-01    0.136232173748095E-04    0.576803933183260E-01    0.691575302733460E-01
    0.221299999999992E+00    0.668430042490678E-01    0.136435612658981E-04    0.577044339062243E-01    0.691866246023654E-01
    0.221399999999992E+00    0.668715192551605E-01    0.136639264274465E-04    0.577284727395945E-01    0.692157171452265E-01
    0.221499999999992E+00    0.669000328035579E-01    0.136843128719960E-04    0.577525098185323E-01    0.692448079021331E-01
    0.221599999999992E+00    0.669285448943427E-01    0.137047206120965E-04    0.577765451431335E-01    0.692738968732887E-01
    0.221699999999992E+00    0.669570555275977E-01    0.137251496602913E-04    0.578005787134938E-01    0.693029840588970E-01
    0.221799999999992E+00    0.669855647034059E-01    0.137456000291233E-04    0.578246105297090E-01    0.693320694591614E-01
    0.221899999999992E+00    0.670140724218500E-01    0.137660717311438E-04    0.578486405918747E-01    0.693611530742855E-01
    0.221999999999992E+00    0.670425786830129E-01    0.137865647789013E-04    0.578726689000866E-01    0.693902349044727E-01
    0.222099999999992E+00    0.670710834869773E-01    0.138070791849483E-04    0.578966954544405E-01    0.694193149499266E-01
    0.222199999999992E+00    0.670995868338261E-01    0.138276149618242E-04    0.579207202550321E-01    0.694483932108506E-01
    0.222299999999992E+00    0.671280887236420E-01    0.138481721220831E-04    0.579447433019569E-01    0.694774696874480E-01
    0.222399999999992E+00    0.671565891565080E-01    0.138687506782841E-04    0.579687645953107E-01    0.695065443799223E-01
    0.222499999999992E+00    0.671850881325066E-01    0.138893506429763E-04    0.579927841351891E-01    0.695356172884767E-01
    0.222599999999992E+00    0.672135856517208E-01    0.139099720287174E-04    0.580168019216878E-01    0.695646884133146E-01
    0.222699999999992E+00    0.672420817142333E-01    0.139306148480591E-04    0.580408179549024E-01    0.695937577546393E-01
    0.222799999999992E+00    0.672705763201269E-01    0.139512791135593E-04    0.580648322349286E-01    0.696228253126540E-01
    0.222899999999992E+00    0.672990694694844E-01    0.139719648377811E-04    0.580888447618619E-01    0.696518910875619E-01
    0.222999999999992E+00    0.673275611623884E-01    0.139926720332741E-04    0.581128555357981E-01    0.696809550795662E-01
    0.223099999999992E+00    0.673560513989218E-01    0.140134007125997E-04    0.581368645568327E-01    0.697100172888701E-01
    0.223199999999992E+00    0.673845401791673E-01    0.140341508883230E-04    0.581608718250613E-01    0.697390777156766E-01
    0.223299999999992E+00    0.674130275032077E-01    0.140549225730017E-04    0.581848773405795E-01    0.697681363601890E-01
    0.223399999999992E+00    0.674415133711257E-01    0.140757157792035E-04    0.582088811034828E-01    0.697971932226103E-01
    0.223499999999992E+00    0.674699977830039E-01    0.140965305194851E-04    0.582328831138670E-01    0.698262483031434E-01
    0.223599999999992E+00    0.674984807389252E-01    0.141173668064201E-04    0.582568833718274E-01    0.698553016019915E-01
    0.223699999999992E+00    0.675269622389723E-01    0.141382246525682E-04    0.582808818774598E-01    0.698843531193575E-01
    0.223799999999992E+00    0.675554422832279E-01    0.141591040704999E-04    0.583048786308596E-01    0.699134028554443E-01
    0.223899999999992E+00    0.675839208717746E-01    0.141800050727767E-04    0.583288736321224E-01    0.699424508104549E-01
    0.223999999999992E+00    0.676123980046952E-01    0.142009276719794E-04    0.583528668813437E-01    0.699714969845921E-01
    0.224099999999992E+00    0.676408736820724E-01    0.142218718806695E-04    0.583768583786190E-01    0.700005413780589E-01
    0.224199999999992E+00    0.676693479039888E-01    0.142428377114163E-04    0.584008481240439E-01    0.700295839910579E-01
    0.224299999999992E+00    0.676978206705272E-01    0.142638251767978E-04    0.584248361177138E-01    0.700586248237921E-01
    0.224399999999992E+00    0.677262919817702E-01    0.142848342893823E-04    0.584488223597243E-01    0.700876638764643E-01
    0.224499999999992E+00    0.677547618378005E-01    0.143058650617476E-04    0.584728068501709E-01    0.701167011492770E-01
    0.224599999999992E+00    0.677832302387008E-01    0.143269175064634E-04    0.584967895891490E-01    0.701457366424331E-01
    0.224699999999992E+00    0.678116971845537E-01    0.143479916361137E-04    0.585207705767541E-01    0.701747703561353E-01
    0.224799999999992E+00    0.678401626754419E-01    0.143690874632715E-04    0.585447498130816E-01    0.702038022905861E-01
    0.224899999999992E+00    0.678686267114480E-01    0.143902050005111E-04    0.585687272982271E-01    0.702328324459883E-01
    0.224999999999992E+00    0.678970892926547E-01    0.144113442604131E-04    0.585927030322860E-01    0.702618608225443E-01
    0.225099999999992E+00    0.679255504191444E-01    0.144325052555535E-04    0.586166770153537E-01    0.702908874204568E-01
    0.225199999999992E+00    0.679540100910001E-01    0.144536879985283E-04    0.586406492475256E-01    0.703199122399282E-01
    0.225299999999992E+00    0.679824683083043E-01    0.144748925019103E-04    0.586646197288972E-01    0.703489352811612E-01
    0.225399999999991E+00    0.680109250711396E-01    0.144961187782850E-04    0.586885884595639E-01    0.703779565443580E-01
    0.225499999999991E+00    0.680393803795886E-01    0.145173668402329E-04    0.587125554396211E-01    0.704069760297213E-01
    0.225599999999991E+00    0.680678342337339E-01    0.145386367003430E-04    0.587365206691642E-01    0.704359937374534E-01
    0.225699999999991E+00    0.680962866336581E-01    0.145599283711968E-04    0.587604841482885E-01    0.704650096677566E-01
    0.225799999999991E+00    0.681247375794438E-01    0.145812418653846E-04    0.587844458770895E-01    0.704940238208334E-01
    0.225899999999991E+00    0.681531870711736E-01    0.146025771954925E-04    0.588084058556625E-01    0.705230361968859E-01
    0.225999999999991E+00    0.681816351089300E-01    0.146239343741074E-04    0.588323640841030E-01    0.705520467961167E-01
    0.226099999999991E+00    0.682100816927958E-01    0.146453134138243E-04    0.588563205625061E-01    0.705810556187278E-01
    0.226199999999991E+00    0.682385268228533E-01    0.146667143272350E-04    0.588802752909674E-01    0.706100626649216E-01
    0.226299999999991E+00    0.682669704991853E-01    0.146881371269329E-04    0.589042282695821E-01    0.706390679349002E-01
    0.226399999999991E+00    0.682954127218742E-01    0.147095818255016E-04    0.589281794984456E-01    0.706680714288657E-01
    0.226499999999991E+00    0.683238534910026E-01    0.147310484355418E-04    0.589521289776532E-01    0.706970731470205E-01
    0.226599999999991E+00    0.683522928066531E-01    0.147525369696470E-04    0.589760767073002E-01    0.707260730895664E-01
    0.226699999999991E+00    0.683807306689082E-01    0.147740474404186E-04    0.590000226874818E-01    0.707550712567057E-01
    0.226799999999991E+00    0.684091670778505E-01    0.147955798604440E-04    0.590239669182935E-01    0.707840676486404E-01
    0.226899999999991E+00    0.684376020335624E-01    0.148171342423247E-04    0.590479093998305E-01    0.708130622655724E-01
    0.226999999999991E+00    0.684660355361266E-01    0.148387105986625E-04    0.590718501321880E-01    0.708420551077039E-01
    0.227099999999991E+00    0.684944675856254E-01    0.148603089420527E-04    0.590957891154614E-01    0.708710461752367E-01
    0.227199999999991E+00    0.685228981821415E-01    0.148819292850992E-04    0.591197263497458E-01    0.709000354683728E-01
    0.227299999999991E+00    0.685513273257573E-01    0.149035716404021E-04    0.591436618351366E-01    0.709290229873140E-01
    0.227399999999991E+00    0.685797550165554E-01    0.149252360205602E-04    0.591675955717290E-01    0.709580087322623E-01
    0.227499999999991E+00    0.686081812546183E-01    0.149469224381842E-04    0.591915275596183E-01    0.709869927034195E-01
    0.227599999999991E+00    0.686366060400284E-01    0.149686309058710E-04    0.592154577988996E-01    0.710159749009875E-01
    0.227699999999991E+00    0.686650293728682E-01    0.149903614362379E-04    0.592393862896682E-01    0.710449553251679E-01
    0.227799999999991E+00    0.686934512532202E-01    0.150121140418784E-04    0.592633130320193E-01    0.710739339761625E-01
    0.227899999999991E+00    0.687218716811669E-01    0.150338887354061E-04    0.592872380260481E-01    0.711029108541731E-01
    0.227999999999991E+00    0.687502906567907E-01    0.150556855294295E-04    0.593111612718498E-01    0.711318859594014E-01
    0.228099999999991E+00    0.687787081801741E-01    0.150775044365597E-04    0.593350827695196E-01    0.711608592920489E-01
    0.228199999999991E+00    0.688071242513997E-01    0.150993454694054E-04    0.593590025191526E-01    0.711898308523175E-01
    0.228299999999991E+00    0.688355388705497E-01    0.151212086405757E-04    0.593829205208441E-01    0.712188006404085E-01
    0.228399999999991E+00    0.688639520377067E-01    0.151430939626832E-04    0.594068367746891E-01    0.712477686565237E-01
    0.228499999999991E+00    0.688923637529531E-01    0.151650014483402E-04    0.594307512807829E-01    0.712767349008646E-01
    0.228599999999991E+00    0.689207740163713E-01    0.151869311101664E-04    0.594546640392206E-01    0.713056993736327E-01
    0.228699999999991E+00    0.689491828280438E-01    0.152088829607750E-04    0.594785750500973E-01    0.713346620750294E-01
    0.228799999999991E+00    0.689775901880530E-01    0.152308570127704E-04    0.595024843135081E-01    0.713636230052562E-01
    0.228899999999991E+00    0.690059960964812E-01    0.152528532787847E-04    0.595263918295482E-01    0.713925821645146E-01
    0.228999999999991E+00    0.690344005534110E-01    0.152748717714260E-04    0.595502975983127E-01    0.714215395530059E-01
    0.229099999999991E+00    0.690628035589247E-01    0.152969125033203E-04    0.595742016198966E-01    0.714504951709315E-01
    0.229199999999991E+00    0.690912051131047E-01    0.153189754870812E-04    0.595981038943951E-01    0.714794490184928E-01
    0.229299999999991E+00    0.691196052160334E-01    0.153410607353312E-04    0.596220044219033E-01    0.715084010958910E-01
    0.229399999999991E+00    0.691480038677932E-01    0.153631682606918E-04    0.596459032025162E-01    0.715373514033274E-01
    0.229499999999991E+00    0.691764010684665E-01    0.153852980757891E-04    0.596698002363289E-01    0.715662999410033E-01
    0.229599999999991E+00    0.692047968181356E-01    0.154074501932411E-04    0.596936955234365E-01    0.715952467091198E-01
    0.229699999999991E+00    0.692331911168829E-01    0.154296246256746E-04    0.597175890639340E-01    0.716241917078782E-01
    0.229799999999991E+00    0.692615839647908E-01    0.154518213857162E-04    0.597414808579164E-01    0.716531349374797E-01
    0.229899999999991E+00    0.692899753619417E-01    0.154740404859867E-04    0.597653709054788E-01    0.716820763981252E-01
    0.229999999999991E+00    0.693183653084178E-01    0.154962819391201E-04    0.597892592067163E-01    0.717110160900160E-01
    0.230099999999991E+00    0.693467538043016E-01    0.155185457577351E-04    0.598131457617237E-01    0.717399540133531E-01
    0.230199999999991E+00    0.693751408496753E-01    0.155408319544715E-04    0.598370305705962E-01    0.717688901683376E-01
    0.230299999999991E+00    0.694035264446214E-01    0.155631405419507E-04    0.598609136334287E-01    0.717978245551704E-01
    0.230399999999991E+00    0.694319105892221E-01    0.155854715328089E-04    0.598847949503163E-01    0.718267571740526E-01
    0.230499999999991E+00    0.694602932835597E-01    0.156078249396742E-04    0.599086745213539E-01    0.718556880251850E-01
    0.230599999999991E+00    0.694886745277166E-01    0.156302007751755E-04    0.599325523466364E-01    0.718846171087686E-01
    0.230699999999991E+00    0.695170543217752E-01    0.156525990519566E-04    0.599564284262590E-01    0.719135444250042E-01
    0.230799999999991E+00    0.695454326658176E-01    0.156750197826388E-04    0.599803027603164E-01    0.719424699740929E-01
    0.230899999999991E+00    0.695738095599262E-01    0.156974629798652E-04    0.600041753489037E-01    0.719713937562353E-01
    0.230999999999991E+00    0.696021850041832E-01    0.157199286562722E-04    0.600280461921158E-01    0.720003157716322E-01
    0.231099999999991E+00    0.696305589986711E-01    0.157424168244925E-04    0.600519152900476E-01    0.720292360204845E-01
    0.231199999999991E+00    0.696589315434720E-01    0.157649274971681E-04    0.600757826427941E-01    0.720581545029928E-01
    0.231299999999991E+00    0.696873026386683E-01    0.157874606869340E-04    0.600996482504502E-01    0.720870712193580E-01
    0.231399999999991E+00    0.697156722843421E-01    0.158100164064331E-04    0.601235121131107E-01    0.721159861697806E-01
    0.231499999999991E+00    0.697440404805759E-01    0.158325946683071E-04    0.601473742308707E-01    0.721448993544613E-01
    0.231599999999991E+00    0.697724072274517E-01    0.158551954851934E-04    0.601712346038249E-01    0.721738107736007E-01
    0.231699999999991E+00    0.698007725250520E-01    0.158778188697371E-04    0.601950932320683E-01    0.722027204273995E-01
    0.231799999999991E+00    0.698291363734588E-01    0.159004648345725E-04    0.602189501156956E-01    0.722316283160582E-01
    0.231899999999991E+00    0.698574987727545E-01    0.159231333923557E-04    0.602428052548019E-01    0.722605344397772E-01
    0.231999999999991E+00    0.698858597230214E-01    0.159458245557281E-04    0.602666586494820E-01    0.722894387987572E-01
    0.232099999999991E+00    0.699142192243415E-01    0.159685383373350E-04    0.602905102998306E-01    0.723183413931986E-01
    0.232199999999991E+00    0.699425772767973E-01    0.159912747498180E-04    0.603143602059427E-01    0.723472422233018E-01
    0.232299999999991E+00    0.699709338804708E-01    0.160140338058344E-04    0.603382083679130E-01    0.723761412892672E-01
    0.232399999999991E+00    0.699992890354443E-01    0.160368155180227E-04    0.603620547858365E-01    0.724050385912953E-01
    0.232499999999991E+00    0.700276427417999E-01    0.160596198990425E-04    0.603858994598078E-01    0.724339341295863E-01
    0.232599999999991E+00    0.700559949996200E-01    0.160824469615267E-04    0.604097423899219E-01    0.724628279043407E-01
    0.232699999999991E+00    0.700843458089867E-01    0.161052967181427E-04    0.604335835762734E-01    0.724917199157586E-01
    0.232799999999991E+00    0.701126951699821E-01    0.161281691815336E-04    0.604574230189573E-01    0.725206101640404E-01
    0.232899999999991E+00    0.701410430826886E-01    0.161510643643565E-04    0.604812607180683E-01    0.725494986493863E-01
    0.232999999999991E+00    0.701693895471881E-01    0.161739822792645E-04    0.605050966737011E-01    0.725783853719965E-01
    0.233099999999991E+00    0.701977345635630E-01    0.161969229389130E-04    0.605289308859505E-01    0.726072703320712E-01
    0.233199999999991E+00    0.702260781318953E-01    0.162198863559567E-04    0.605527633549113E-01    0.726361535298105E-01
    0.233299999999991E+00    0.702544202522673E-01    0.162428725430484E-04    0.605765940806782E-01    0.726650349654145E-01
    0.233399999999991E+00    0.702827609247611E-01    0.162658815128468E-04    0.606004230633460E-01    0.726939146390834E-01
    0.233499999999991E+00    0.703111001494588E-01    0.162889132780142E-04    0.606242503030094E-01    0.727227925510171E-01
    0.233599999999991E+00    0.703394379264427E-01    0.163119678511994E-04    0.606480757997630E-01    0.727516687014157E-01
    0.233699999999991E+00    0.703677742557947E-01    0.163350452450770E-04    0.606718995537017E-01    0.727805430904792E-01
    0.233799999999991E+00    0.703961091375971E-01    0.163581454722920E-04    0.606957215649202E-01    0.728094157184076E-01
    0.233899999999991E+00    0.704244425719320E-01    0.163812685455165E-04    0.607195418335130E-01    0.728382865854008E-01
    0.233999999999991E+00    0.704527745588814E-01    0.164044144774113E-04    0.607433603595750E-01    0.728671556916588E-01
    0.234099999999991E+00    0.704811050985276E-01    0.164275832806310E-04    0.607671771432008E-01    0.728960230373813E-01
    0.234199999999991E+00    0.705094341909527E-01    0.164507749678463E-04    0.607909921844850E-01    0.729248886227682E-01
    0.234299999999991E+00    0.705377618362386E-01    0.164739895517212E-04    0.608148054835223E-01    0.729537524480195E-01
    0.234399999999991E+00    0.705660880344675E-01    0.164972270449145E-04    0.608386170404074E-01    0.729826145133347E-01
    0.234499999999990E+00    0.705944127857216E-01    0.165204874600999E-04    0.608624268552350E-01    0.730114748189138E-01
    0.234599999999990E+00    0.706227360900828E-01    0.165437708099437E-04    0.608862349280996E-01    0.730403333649564E-01
    0.234699999999990E+00    0.706510579476334E-01    0.165670771071089E-04    0.609100412590959E-01    0.730691901516623E-01
    0.234799999999990E+00    0.706793783584552E-01    0.165904063642692E-04    0.609338458483185E-01    0.730980451792311E-01
    0.234899999999990E+00    0.707076973226305E-01    0.166137585940944E-04    0.609576486958621E-01    0.731268984478624E-01
    0.234999999999990E+00    0.707360148402413E-01    0.166371338092534E-04    0.609814498018212E-01    0.731557499577559E-01
    0.235099999999990E+00    0.707643309113696E-01    0.166605320224250E-04    0.610052491662903E-01    0.731845997091112E-01
    0.235199999999990E+00    0.707926455360975E-01    0.166839532462670E-04    0.610290467893643E-01    0.732134477021277E-01
    0.235299999999990E+00    0.708209587145070E-01    0.167073974934584E-04    0.610528426711374E-01    0.732422939370051E-01
    0.235399999999990E+00    0.708492704466801E-01    0.167308647766767E-04    0.610766368117045E-01    0.732711384139428E-01
    0.235499999999990E+00    0.708775807326990E-01    0.167543551085904E-04    0.611004292111600E-01    0.732999811331403E-01
    0.235599999999990E+00    0.709058895726456E-01    0.167778685018800E-04    0.611242198695984E-01    0.733288220947970E-01
    0.235699999999990E+00    0.709341969666019E-01    0.168014049692187E-04    0.611480087871144E-01    0.733576612991123E-01
    0.235799999999990E+00    0.709625029146500E-01    0.168249645232851E-04    0.611717959638024E-01    0.733864987462857E-01
    0.235899999999990E+00    0.709908074168719E-01    0.168485471767591E-04    0.611955813997570E-01    0.734153344365163E-01
    0.235999999999990E+00    0.710191104733495E-01    0.168721529423076E-04    0.612193650950727E-01    0.734441683700037E-01
    0.236099999999990E+00    0.710474120841649E-01    0.168957818326224E-04    0.612431470498440E-01    0.734730005469470E-01
    0.236199999999990E+00    0.710757122494001E-01    0.169194338603782E-04    0.612669272641654E-01    0.735018309675455E-01
    0.236299999999990E+00    0.711040109691370E-01    0.169431090382562E-04    0.612907057381314E-01    0.735306596319984E-01
    0.236399999999990E+00    0.711323082434576E-01    0.169668073789386E-04    0.613144824718365E-01    0.735594865405049E-01
    0.236499999999990E+00    0.711606040724440E-01    0.169905288951145E-04    0.613382574653752E-01    0.735883116932643E-01
    0.236599999999990E+00    0.711888984561780E-01    0.170142735994545E-04    0.613620307188419E-01    0.736171350904756E-01
    0.236699999999990E+00    0.712171913947417E-01    0.170380415046600E-04    0.613858022323311E-01    0.736459567323379E-01
    0.236799999999990E+00    0.712454828882170E-01    0.170618326233975E-04    0.614095720059373E-01    0.736747766190504E-01
    0.236899999999990E+00    0.712737729366855E-01    0.170856469683563E-04    0.614333400397549E-01    0.737035947508120E-01
    0.236999999999990E+00    0.713020615402298E-01    0.171094845522395E-04    0.614571063338783E-01    0.737324111278219E-01
    0.237099999999990E+00    0.713303486989315E-01    0.171333453877161E-04    0.614808708884019E-01    0.737612257502789E-01
    0.237199999999990E+00    0.713586344128726E-01    0.171572294874811E-04    0.615046337034202E-01    0.737900386183821E-01
    0.237299999999990E+00    0.713869186821350E-01    0.171811368642195E-04    0.615283947790276E-01    0.738188497323304E-01
    0.237399999999990E+00    0.714152015068006E-01    0.172050675306282E-04    0.615521541153185E-01    0.738476590923226E-01
    0.237499999999990E+00    0.714434828869514E-01    0.172290214993877E-04    0.615759117123873E-01    0.738764666985577E-01
    0.237599999999990E+00    0.714717628226692E-01    0.172529987832035E-04    0.615996675703283E-01    0.739052725512346E-01
    0.237699999999990E+00    0.715000413140359E-01    0.172769993947555E-04    0.616234216892360E-01    0.739340766505519E-01
    0.237799999999990E+00    0.715283183611335E-01    0.173010233467504E-04    0.616471740692046E-01    0.739628789967086E-01
    0.237899999999990E+00    0.715565939640438E-01    0.173250706518648E-04    0.616709247103287E-01    0.739916795899033E-01
    0.237999999999990E+00    0.715848681228488E-01    0.173491413227964E-04    0.616946736127024E-01    0.740204784303348E-01
    0.238099999999990E+00    0.716131408376303E-01    0.173732353722448E-04    0.617184207764203E-01    0.740492755182017E-01
    0.238199999999990E+00    0.716414121084701E-01    0.173973528129035E-04    0.617421662015764E-01    0.740780708537029E-01
    0.238299999999990E+00    0.716696819354503E-01    0.174214936574786E-04    0.617659098882654E-01    0.741068644370368E-01
    0.238399999999990E+00    0.716979503186525E-01    0.174456579186552E-04    0.617896518365813E-01    0.741356562684021E-01
    0.238499999999990E+00    0.717262172581588E-01    0.174698456091400E-04    0.618133920466186E-01    0.741644463479974E-01
    0.238599999999990E+00    0.717544827540508E-01    0.174940567416266E-04    0.618371305184715E-01    0.741932346760211E-01
    0.238699999999990E+00    0.717827468064106E-01    0.175182913288160E-04    0.618608672522344E-01    0.742220212526720E-01
    0.238799999999990E+00    0.718110094153199E-01    0.175425493834093E-04    0.618846022480015E-01    0.742508060781484E-01
    0.238899999999990E+00    0.718392705808606E-01    0.175668309181045E-04    0.619083355058670E-01    0.742795891526487E-01
    0.238999999999990E+00    0.718675303031144E-01    0.175911359456087E-04    0.619320670259254E-01    0.743083704763715E-01
    0.239099999999990E+00    0.718957885821632E-01    0.176154644786200E-04    0.619557968082707E-01    0.743371500495151E-01
    0.239199999999990E+00    0.719240454180889E-01    0.176398165298450E-04    0.619795248529973E-01    0.743659278722779E-01
    0.239299999999990E+00    0.719523008109733E-01    0.176641921119849E-04    0.620032511601994E-01    0.743947039448582E-01
    0.239399999999990E+00    0.719805547608981E-01    0.176885912377512E-04    0.620269757299713E-01    0.744234782674544E-01
    0.239499999999990E+00    0.720088072679451E-01    0.177130139198413E-04    0.620506985624071E-01    0.744522508402647E-01
    0.239599999999990E+00    0.720370583321962E-01    0.177374601709720E-04    0.620744196576011E-01    0.744810216634874E-01
    0.239699999999990E+00    0.720653079537331E-01    0.177619300038410E-04    0.620981390156475E-01    0.745097907373207E-01
    0.239799999999990E+00    0.720935561326377E-01    0.177864234311562E-04    0.621218566366405E-01    0.745385580619629E-01
    0.239899999999990E+00    0.721218028689917E-01    0.178109404656240E-04    0.621455725206742E-01    0.745673236376120E-01
    0.239999999999990E+00    0.721500481628768E-01    0.178354811199671E-04    0.621692866678430E-01    0.745960874644662E-01
    0.240099999999990E+00    0.721782920143749E-01    0.178600454068876E-04    0.621929990782408E-01    0.746248495427236E-01
    0.240199999999990E+00    0.722065344235677E-01    0.178846333390988E-04    0.622167097519620E-01    0.746536098725824E-01
    0.240299999999990E+00    0.722347753905369E-01    0.179092449293095E-04    0.622404186891006E-01    0.746823684542404E-01
    0.240399999999990E+00    0.722630149153644E-01    0.179338801902296E-04    0.622641258897508E-01    0.747111252878959E-01
    0.240499999999990E+00    0.722912529981318E-01    0.179585391345736E-04    0.622878313540067E-01    0.747398803737467E-01
    0.240599999999990E+00    0.723194896389209E-01    0.179832217750633E-04    0.623115350819625E-01    0.747686337119908E-01
    0.240699999999990E+00    0.723477248378134E-01    0.180079281244059E-04    0.623352370737124E-01    0.747973853028262E-01
    0.240799999999990E+00    0.723759585948910E-01    0.180326581953147E-04    0.623589373293503E-01    0.748261351464507E-01
    0.240899999999990E+00    0.724041909102355E-01    0.180574120005126E-04    0.623826358489705E-01    0.748548832430622E-01
    0.240999999999990E+00    0.724324217839286E-01    0.180821895527126E-04    0.624063326326670E-01    0.748836295928586E-01
    0.241099999999990E+00    0.724606512160520E-01    0.181069908646305E-04    0.624300276805339E-01    0.749123741960377E-01
    0.241199999999990E+00    0.724888792066874E-01    0.181318159489846E-04    0.624537209926653E-01    0.749411170527972E-01
    0.241299999999990E+00    0.725171057559164E-01    0.181566648184979E-04    0.624774125691552E-01    0.749698581633350E-01
    0.241399999999990E+00    0.725453308638209E-01    0.181815374858888E-04    0.625011024100978E-01    0.749985975278487E-01
    0.241499999999990E+00    0.725735545304824E-01    0.182064339638722E-04    0.625247905155870E-01    0.750273351465360E-01
    0.241599999999990E+00    0.726017767559826E-01    0.182313542651784E-04    0.625484768857170E-01    0.750560710195946E-01
    0.241699999999990E+00    0.726299975404033E-01    0.182562984025186E-04    0.625721615205818E-01    0.750848051472222E-01
    0.241799999999990E+00    0.726582168838261E-01    0.182812663886240E-04    0.625958444202754E-01    0.751135375296163E-01
    0.241899999999990E+00    0.726864347863326E-01    0.183062582362113E-04    0.626195255848917E-01    0.751422681669745E-01
    0.241999999999990E+00    0.727146512480045E-01    0.183312739580098E-04    0.626432050145250E-01    0.751709970594944E-01
    0.242099999999990E+00    0.727428662689235E-01    0.183563135667395E-04    0.626668827092690E-01    0.751997242073735E-01
    0.242199999999990E+00    0.727710798491711E-01    0.183813770751288E-04    0.626905586692179E-01    0.752284496108093E-01
    0.242299999999990E+00    0.727992919888291E-01    0.184064644959046E-04    0.627142328944656E-01    0.752571732699992E-01
    0.242399999999990E+00    0.728275026879791E-01    0.184315758417852E-04    0.627379053851062E-01    0.752858951851407E-01
    0.242499999999990E+00    0.728557119467027E-01    0.184567111255076E-04    0.627615761412335E-01    0.753146153564312E-01
    0.242599999999990E+00    0.728839197650816E-01    0.184818703598002E-04    0.627852451629416E-01    0.753433337840680E-01
    0.242699999999990E+00    0.729121261431972E-01    0.185070535573868E-04    0.628089124503244E-01    0.753720504682485E-01
    0.242799999999990E+00    0.729403310811313E-01    0.185322607309982E-04    0.628325780034758E-01    0.754007654091701E-01
    0.242899999999990E+00    0.729685345789655E-01    0.185574918933639E-04    0.628562418224898E-01    0.754294786070299E-01
    0.242999999999990E+00    0.729967366367813E-01    0.185827470572144E-04    0.628799039074603E-01    0.754581900620252E-01
    0.243099999999990E+00    0.730249372546604E-01    0.186080262352800E-04    0.629035642584812E-01    0.754868997743534E-01
    0.243199999999990E+00    0.730531364326843E-01    0.186333294402955E-04    0.629272228756465E-01    0.755156077442115E-01
    0.243299999999990E+00    0.730813341709347E-01    0.186586566849937E-04    0.629508797590501E-01    0.755443139717967E-01
    0.243399999999990E+00    0.731095304694930E-01    0.186840079821051E-04    0.629745349087858E-01    0.755730184573063E-01
    0.243499999999990E+00    0.731377253284409E-01    0.187093833443710E-04    0.629981883249475E-01    0.756017212009372E-01
    0.243599999999989E+00    0.731659187478600E-01    0.187347827845148E-04    0.630218400076292E-01    0.756304222028866E-01
    0.243699999999989E+00    0.731941107278317E-01    0.187602063152841E-04    0.630454899569246E-01    0.756591214633515E-01
    0.243799999999989E+00    0.732223012684376E-01    0.187856539494080E-04    0.630691381729277E-01    0.756878189825290E-01
    0.243899999999989E+00    0.732504903697594E-01    0.188111256996239E-04    0.630927846557323E-01    0.757165147606159E-01
    0.243999999999989E+00    0.732786780318784E-01    0.188366215786703E-04    0.631164294054323E-01    0.757452087978094E-01
    0.244099999999989E+00    0.733068642548764E-01    0.188621415992854E-04    0.631400724221214E-01    0.757739010943063E-01
    0.244199999999989E+00    0.733350490388347E-01    0.188876857742104E-04    0.631637137058935E-01    0.758025916503036E-01
    0.244299999999989E+00    0.733632323838350E-01    0.189132541161839E-04    0.631873532568425E-01    0.758312804659980E-01
    0.244399999999989E+00    0.733914142899587E-01    0.189388466379415E-04    0.632109910750622E-01    0.758599675415865E-01
    0.244499999999989E+00    0.734195947572873E-01    0.189644633522279E-04    0.632346271606463E-01    0.758886528772658E-01
    0.244599999999989E+00    0.734477737859024E-01    0.189901042717808E-04    0.632582615136886E-01    0.759173364732328E-01
    0.244699999999989E+00    0.734759513758855E-01    0.190157694093537E-04    0.632818941342830E-01    0.759460183296843E-01
    0.244799999999989E+00    0.735041275273180E-01    0.190414587776755E-04    0.633055250225232E-01    0.759746984468168E-01
    0.244899999999989E+00    0.735323022402815E-01    0.190671723894955E-04    0.633291541785030E-01    0.760033768248272E-01
    0.244999999999989E+00    0.735604755148574E-01    0.190929102575654E-04    0.633527816023161E-01    0.760320534639121E-01
    0.245099999999989E+00    0.735886473511271E-01    0.191186723946178E-04    0.633764072940564E-01    0.760607283642682E-01
    0.245199999999989E+00    0.736168177491723E-01    0.191444588133991E-04    0.634000312538174E-01    0.760894015260920E-01
    0.245299999999989E+00    0.736449867090743E-01    0.191702695266650E-04    0.634236534816931E-01    0.761180729495802E-01
    0.245399999999989E+00    0.736731542309147E-01    0.191961045471528E-04    0.634472739777771E-01    0.761467426349293E-01
    0.245499999999989E+00    0.737013203147747E-01    0.192219638876197E-04    0.634708927421630E-01    0.761754105823357E-01
    0.245599999999989E+00    0.737294849607360E-01    0.192478475608035E-04    0.634945097749448E-01    0.762040767919961E-01
    0.245699999999989E+00    0.737576481688800E-01    0.192737555794571E-04    0.635181250762160E-01    0.762327412641069E-01
    0.245799999999989E+00    0.737858099392880E-01    0.192996879563317E-04    0.635417386460703E-01    0.762614039988646E-01
    0.245899999999989E+00    0.738139702720415E-01    0.193256447041737E-04    0.635653504846014E-01    0.762900649964654E-01
    0.245999999999989E+00    0.738421291672220E-01    0.193516258357395E-04    0.635889605919031E-01    0.763187242571058E-01
    0.246099999999989E+00    0.738702866249109E-01    0.193776313637768E-04    0.636125689680689E-01    0.763473817809822E-01
    0.246199999999989E+00    0.738984426451895E-01    0.194036613010333E-04    0.636361756131925E-01    0.763760375682909E-01
    0.246299999999989E+00    0.739265972281393E-01    0.194297156602666E-04    0.636597805273677E-01    0.764046916192281E-01
    0.246399999999989E+00    0.739547503738417E-01    0.194557944542265E-04    0.636833837106879E-01    0.764333439339901E-01
    0.246499999999989E+00    0.739829020823782E-01    0.194818976956655E-04    0.637069851632470E-01    0.764619945127732E-01
    0.246599999999989E+00    0.740110523538300E-01    0.195080253973457E-04    0.637305848851384E-01    0.764906433557735E-01
    0.246699999999989E+00    0.740392011882785E-01    0.195341775720151E-04    0.637541828764558E-01    0.765192904631873E-01
    0.246799999999989E+00    0.740673485858053E-01    0.195603542324332E-04    0.637777791372929E-01    0.765479358352106E-01
    0.246899999999989E+00    0.740954945464915E-01    0.195865553913554E-04    0.638013736677431E-01    0.765765794720397E-01
    0.246999999999989E+00    0.741236390704186E-01    0.196127810615355E-04    0.638249664679002E-01    0.766052213738705E-01
    0.247099999999989E+00    0.741517821576680E-01    0.196390312557342E-04    0.638485575378577E-01    0.766338615408991E-01
    0.247199999999989E+00    0.741799238083210E-01    0.196653059867097E-04    0.638721468777092E-01    0.766624999733216E-01
    0.247299999999989E+00    0.742080640224589E-01    0.196916052672184E-04    0.638957344875482E-01    0.766911366713339E-01
    0.247399999999989E+00    0.742362028001632E-01    0.197179291100204E-04    0.639193203674684E-01    0.767197716351321E-01
    0.247499999999989E+00    0.742643401415151E-01    0.197442775278791E-04    0.639429045175632E-01    0.767484048649120E-01
    0.247599999999989E+00    0.742924760465960E-01    0.197706505335495E-04    0.639664869379262E-01    0.767770363608696E-01
    0.247699999999989E+00    0.743206105154872E-01    0.197970481398015E-04    0.639900676286509E-01    0.768056661232008E-01
    0.247799999999989E+00    0.743487435482701E-01    0.198234703593846E-04    0.640136465898309E-01    0.768342941521014E-01
    0.247899999999989E+00    0.743768751450258E-01    0.198499172050634E-04    0.640372238215597E-01    0.768629204477672E-01
    0.247999999999989E+00    0.744050053058359E-01    0.198763886896099E-04    0.640607993239308E-01    0.768915450103940E-01
    0.248099999999989E+00    0.744331340307815E-01    0.199028848257804E-04    0.640843730970377E-01    0.769201678401776E-01
    0.248199999999989E+00    0.744612613199440E-01    0.199294056263384E-04    0.641079451409739E-01    0.769487889373138E-01
    0.248299999999989E+00    0.744893871734046E-01    0.199559511040607E-04    0.641315154558328E-01    0.769774083019981E-01
    0.248399999999989E+00    0.745175115912447E-01    0.199825212716914E-04    0.641550840417081E-01    0.770060259344264E-01
    0.248499999999989E+00    0.745456345735456E-01    0.200091161420169E-04    0.641786508986930E-01    0.770346418347943E-01
    0.248599999999989E+00    0.745737561203884E-01    0.200357357277907E-04    0.642022160268811E-01    0.770632560032973E-01
    0.248699999999989E+00    0.746018762318545E-01    0.200623800417829E-04    0.642257794263658E-01    0.770918684401311E-01
    0.248799999999989E+00    0.746299949080251E-01    0.200890490967632E-04    0.642493410972406E-01    0.771204791454913E-01
    0.248899999999989E+00    0.746581121489816E-01    0.201157429055062E-04    0.642729010395989E-01    0.771490881195733E-01
    0.248999999999989E+00    0.746862279548051E-01    0.201424614807655E-04    0.642964592535342E-01    0.771776953625726E-01
    0.249099999999989E+00    0.747143423255768E-01    0.201692048353248E-04    0.643200157391398E-01    0.772063008746848E-01
    0.249199999999989E+00    0.747424552613782E-01    0.201959729819475E-04    0.643435704965091E-01    0.772349046561053E-01
    0.249299999999989E+00    0.747705667622901E-01    0.202227659333967E-04    0.643671235257356E-01    0.772635067070295E-01
    0.249399999999989E+00    0.747986768283942E-01    0.202495837024614E-04    0.643906748269127E-01    0.772921070276527E-01
    0.249499999999989E+00    0.748267854597715E-01    0.202764263019062E-04    0.644142244001337E-01    0.773207056181704E-01
    0.249599999999989E+00    0.748548926565034E-01    0.203032937444881E-04    0.644377722454920E-01    0.773493024787779E-01
    0.249699999999989E+00    0.748829984186709E-01    0.203301860429984E-04    0.644613183630810E-01    0.773778976096705E-01
    0.249799999999989E+00    0.749111027463552E-01    0.203571032102050E-04    0.644848627529940E-01    0.774064910110434E-01
    0.249899999999989E+00    0.749392056396376E-01    0.203840452588818E-04    0.645084054153244E-01    0.774350826830918E-01
    0.249999999999989E+00    0.749673070985993E-01    0.204110122018075E-04    0.645319463501656E-01    0.774636726260111E-01
    0.250099999999989E+00    0.749954071233215E-01    0.204380040517499E-04    0.645554855576108E-01    0.774922608399963E-01
    0.250199999999989E+00    0.750235057138853E-01    0.204650208214909E-04    0.645790230377534E-01    0.775208473252427E-01
    0.250299999999989E+00    0.750516028703720E-01    0.204920625238037E-04    0.646025587906867E-01    0.775494320819453E-01
    0.250399999999989E+00    0.750796985928626E-01    0.205191291714710E-04    0.646260928165040E-01    0.775780151102993E-01
    0.250499999999989E+00    0.751077928814384E-01    0.205462207772521E-04    0.646496251152987E-01    0.776065964104997E-01
    0.250599999999989E+00    0.751358857361806E-01    0.205733373539454E-04    0.646731556871639E-01    0.776351759827415E-01
    0.250699999999989E+00    0.751639771571702E-01    0.206004789143170E-04    0.646966845321931E-01    0.776637538272199E-01
    0.250799999999989E+00    0.751920671444885E-01    0.206276454711521E-04    0.647202116504794E-01    0.776923299441296E-01
    0.250899999999989E+00    0.752201556982165E-01    0.206548370372335E-04    0.647437370421162E-01    0.777209043336657E-01
    0.250999999999989E+00    0.752482428184355E-01    0.206820536253369E-04    0.647672607071966E-01    0.777494769960232E-01
    0.251099999999989E+00    0.752763285052265E-01    0.207092952482434E-04    0.647907826458140E-01    0.777780479313969E-01
    0.251199999999989E+00    0.753044127586707E-01    0.207365619187315E-04    0.648143028580616E-01    0.778066171399816E-01
    0.251299999999989E+00    0.753324955788491E-01    0.207638536495851E-04    0.648378213440326E-01    0.778351846219723E-01
    0.251399999999989E+00    0.753605769658430E-01    0.207911704535847E-04    0.648613381038202E-01    0.778637503775636E-01
    0.251499999999989E+00    0.753886569197335E-01    0.208185123435160E-04    0.648848531375177E-01    0.778923144069505E-01
    0.251599999999989E+00    0.754167354406015E-01    0.208458793321642E-04    0.649083664452182E-01    0.779208767103275E-01
    0.251699999999989E+00    0.754448125285283E-01    0.208732714323106E-04    0.649318780270150E-01    0.779494372878895E-01
    0.251799999999989E+00    0.754728881835949E-01    0.209006886567382E-04    0.649553878830013E-01    0.779779961398312E-01
    0.251899999999989E+00    0.755009624058824E-01    0.209281310182375E-04    0.649788960132702E-01    0.780065532663472E-01
    0.251999999999989E+00    0.755290351954719E-01    0.209555985295937E-04    0.650024024179150E-01    0.780351086676321E-01
    0.252099999999989E+00    0.755571065524444E-01    0.209830912035889E-04    0.650259070970287E-01    0.780636623438805E-01
    0.252199999999989E+00    0.755851764768811E-01    0.210106090530096E-04    0.650494100507046E-01    0.780922142952870E-01
    0.252299999999989E+00    0.756132449688630E-01    0.210381520906496E-04    0.650729112790357E-01    0.781207645220462E-01
    0.252399999999989E+00    0.756413120284711E-01    0.210657203292856E-04    0.650964107821153E-01    0.781493130243525E-01
    0.252499999999989E+00    0.756693776557866E-01    0.210933137817129E-04    0.651199085600364E-01    0.781778598024006E-01
    0.252599999999989E+00    0.756974418508904E-01    0.211209324607211E-04    0.651434046128923E-01    0.782064048563847E-01
    0.252699999999988E+00    0.757255046138636E-01    0.211485763790934E-04    0.651668989407759E-01    0.782349481864993E-01
    0.252799999999988E+00    0.757535659447872E-01    0.211762455496327E-04    0.651903915437804E-01    0.782634897929389E-01
    0.252899999999988E+00    0.757816258437423E-01    0.212039399851149E-04    0.652138824219990E-01    0.782920296758978E-01
    0.252999999999988E+00    0.758096843108098E-01    0.212316596983359E-04    0.652373715755246E-01    0.783205678355703E-01
    0.253099999999988E+00    0.758377413460709E-01    0.212594047020904E-04    0.652608590044505E-01    0.783491042721508E-01
    0.253199999999988E+00    0.758657969496065E-01    0.212871750091650E-04    0.652843447088696E-01    0.783776389858336E-01
    0.253299999999988E+00    0.758938511214976E-01    0.213149706323564E-04    0.653078286888750E-01    0.784061719768128E-01
    0.253399999999988E+00    0.759219038618252E-01    0.213427915844523E-04    0.653313109445598E-01    0.784347032452828E-01
    0.253499999999988E+00    0.759499551706703E-01    0.213706378782575E-04    0.653547914760170E-01    0.784632327914377E-01
    0.253599999999988E+00    0.759780050481140E-01    0.213985095265543E-04    0.653782702833397E-01    0.784917606154717E-01
    0.253699999999988E+00    0.760060534942371E-01    0.214264065421410E-04    0.654017473666210E-01    0.785202867175789E-01
    0.253799999999988E+00    0.760341005091207E-01    0.214543289378131E-04    0.654252227259537E-01    0.785488110979534E-01
    0.253899999999988E+00    0.760621460928457E-01    0.214822767263740E-04    0.654486963614310E-01    0.785773337567894E-01
    0.253999999999988E+00    0.760901902454932E-01    0.215102499206035E-04    0.654721682731458E-01    0.786058546942808E-01
    0.254099999999988E+00    0.761182329671440E-01    0.215382485333083E-04    0.654956384611912E-01    0.786343739106217E-01
    0.254199999999988E+00    0.761462742578791E-01    0.215662725772844E-04    0.655191069256601E-01    0.786628914060061E-01
    0.254299999999988E+00    0.761743141177795E-01    0.215943220653236E-04    0.655425736666455E-01    0.786914071806279E-01
    0.254399999999988E+00    0.762023525469261E-01    0.216223970102311E-04    0.655660386842405E-01    0.787199212346812E-01
    0.254499999999988E+00    0.762303895453999E-01    0.216504974247991E-04    0.655895019785379E-01    0.787484335683597E-01
    0.254599999999988E+00    0.762584251132818E-01    0.216786233218307E-04    0.656129635496307E-01    0.787769441818574E-01
    0.254699999999988E+00    0.762864592506526E-01    0.217067747141278E-04    0.656364233976119E-01    0.788054530753681E-01
    0.254799999999988E+00    0.763144919575934E-01    0.217349516144904E-04    0.656598815225743E-01    0.788339602490857E-01
    0.254899999999988E+00    0.763425232341851E-01    0.217631540357134E-04    0.656833379246111E-01    0.788624657032038E-01
    0.254999999999988E+00    0.763705530805085E-01    0.217913819905988E-04    0.657067926038150E-01    0.788909694379164E-01
    0.255099999999988E+00    0.763985814966445E-01    0.218196354919512E-04    0.657302455602789E-01    0.789194714534171E-01
    0.255199999999988E+00    0.764266084826741E-01    0.218479145525670E-04    0.657536967940959E-01    0.789479717498997E-01
    0.255299999999988E+00    0.764546340386782E-01    0.218762191852536E-04    0.657771463053587E-01    0.789764703275577E-01
    0.255399999999988E+00    0.764826581647376E-01    0.219045494028115E-04    0.658005940941603E-01    0.790049671865849E-01
    0.255499999999988E+00    0.765106808609332E-01    0.219329052180488E-04    0.658240401605936E-01    0.790334623271749E-01
    0.255599999999988E+00    0.765387021273459E-01    0.219612866437600E-04    0.658474845047514E-01    0.790619557495213E-01
    0.255699999999988E+00    0.765667219640566E-01    0.219896936927533E-04    0.658709271267265E-01    0.790904474538175E-01
    0.255799999999988E+00    0.765947403711461E-01    0.220181263778350E-04    0.658943680266120E-01    0.791189374402572E-01
    0.255899999999988E+00    0.766227573486953E-01    0.220465847118137E-04    0.659178072045005E-01    0.791474257090339E-01
    0.255999999999988E+00    0.766507728967850E-01    0.220750687074920E-04    0.659412446604850E-01    0.791759122603410E-01
    0.256099999999988E+00    0.766787870154961E-01    0.221035783776754E-04    0.659646803946582E-01    0.792043970943720E-01
    0.256199999999988E+00    0.767067997049094E-01    0.221321137351745E-04    0.659881144071130E-01    0.792328802113203E-01
    0.256299999999988E+00    0.767348109651057E-01    0.221606747927850E-04    0.660115466979423E-01    0.792613616113792E-01
    0.256399999999988E+00    0.767628207961659E-01    0.221892615633293E-04    0.660349772672387E-01    0.792898412947422E-01
    0.256499999999988E+00    0.767908291981709E-01    0.222178740595998E-04    0.660584061150952E-01    0.793183192616026E-01
    0.256599999999988E+00    0.768188361712013E-01    0.222465122944182E-04    0.660818332416045E-01    0.793467955121536E-01
    0.256699999999988E+00    0.768468417153381E-01    0.222751762805892E-04    0.661052586468593E-01    0.793752700465885E-01
    0.256799999999988E+00    0.768748458306621E-01    0.223038660309253E-04    0.661286823309525E-01    0.794037428651007E-01
    0.256899999999988E+00    0.769028485172540E-01    0.223325815582231E-04    0.661521042939768E-01    0.794322139678832E-01
    0.256999999999988E+00    0.769308497751946E-01    0.223613228753046E-04    0.661755245360250E-01    0.794606833551293E-01
    0.257099999999988E+00    0.769588496045647E-01    0.223900899949819E-04    0.661989430571899E-01    0.794891510270321E-01
    0.257199999999988E+00    0.769868480054452E-01    0.224188829300538E-04    0.662223598575641E-01    0.795176169837849E-01
    0.257299999999988E+00    0.770148449779167E-01    0.224477016933521E-04    0.662457749372404E-01    0.795460812255805E-01
    0.257399999999988E+00    0.770428405220601E-01    0.224765462976776E-04    0.662691882963115E-01    0.795745437526122E-01
    0.257499999999988E+00    0.770708346379561E-01    0.225054167558357E-04    0.662925999348702E-01    0.796030045650730E-01
    0.257599999999988E+00    0.770988273256855E-01    0.225343130806453E-04    0.663160098530091E-01    0.796314636631559E-01
    0.257699999999988E+00    0.771268185853290E-01    0.225632352849220E-04    0.663394180508209E-01    0.796599210470538E-01
    0.257799999999988E+00    0.771548084169675E-01    0.225921833814815E-04    0.663628245283984E-01    0.796883767169598E-01
    0.257899999999988E+00    0.771827968206815E-01    0.226211573831303E-04    0.663862292858341E-01    0.797168306730667E-01
    0.257999999999988E+00    0.772107837965520E-01    0.226501573026884E-04    0.664096323232209E-01    0.797452829155675E-01
    0.258099999999988E+00    0.772387693446595E-01    0.226791831529791E-04    0.664330336406513E-01    0.797737334446549E-01
    0.258199999999988E+00    0.772667534650849E-01    0.227082349467961E-04    0.664564332382180E-01    0.798021822605220E-01
    0.258299999999988E+00    0.772947361579088E-01    0.227373126969713E-04    0.664798311160137E-01    0.798306293633614E-01
    0.258399999999988E+00    0.773227174232120E-01    0.227664164163234E-04    0.665032272741309E-01    0.798590747533660E-01
    0.258499999999988E+00    0.773506972610751E-01    0.227955461176591E-04    0.665266217126624E-01    0.798875184307284E-01
    0.258599999999988E+00    0.773786756715789E-01    0.228247018137971E-04    0.665500144317008E-01    0.799159603956415E-01
    0.258699999999988E+00    0.774066526548041E-01    0.228538835175620E-04    0.665734054313386E-01    0.799444006482979E-01
    0.258799999999988E+00    0.774346282108313E-01    0.228830912417714E-04    0.665967947116684E-01    0.799728391888903E-01
    0.258899999999988E+00    0.774626023397413E-01    0.229123249992352E-04    0.666201822727829E-01    0.800012760176114E-01
    0.258999999999988E+00    0.774905750416147E-01    0.229415848027862E-04    0.666435681147747E-01    0.800297111346536E-01
    0.259099999999988E+00    0.775185463165323E-01    0.229708706652331E-04    0.666669522377363E-01    0.800581445402097E-01
    0.259199999999988E+00    0.775465161645745E-01    0.230001825993943E-04    0.666903346417603E-01    0.800865762344722E-01
    0.259299999999988E+00    0.775744845858223E-01    0.230295206181021E-04    0.667137153269393E-01    0.801150062176335E-01
    0.259399999999988E+00    0.776024515803561E-01    0.230588847341680E-04    0.667370942933658E-01    0.801434344898863E-01
    0.259499999999988E+00    0.776304171482567E-01    0.230882749604049E-04    0.667604715411324E-01    0.801718610514228E-01
    0.259599999999988E+00    0.776583812896046E-01    0.231176913096457E-04    0.667838470703316E-01    0.802002859024357E-01
    0.259699999999988E+00    0.776863440044806E-01    0.231471337947111E-04    0.668072208810560E-01    0.802287090431173E-01
    0.259799999999988E+00    0.777143052929652E-01    0.231766024284169E-04    0.668305929733980E-01    0.802571304736599E-01
    0.259899999999988E+00    0.777422651551392E-01    0.232060972235970E-04    0.668539633474502E-01    0.802855501942560E-01
    0.259999999999988E+00    0.777702235910830E-01    0.232356181930670E-04    0.668773320033051E-01    0.803139682050978E-01
    0.260099999999988E+00    0.777981806008774E-01    0.232651653496546E-04    0.669006989410552E-01    0.803423845063777E-01
    0.260199999999988E+00    0.778261361846030E-01    0.232947387061814E-04    0.669240641607929E-01    0.803707990982878E-01
    0.260299999999988E+00    0.778540903423403E-01    0.233243382754706E-04    0.669474276626109E-01    0.803992119810205E-01
    0.260399999999988E+00    0.778820430741699E-01    0.233539640703490E-04    0.669707894466014E-01    0.804276231547679E-01
    0.260499999999988E+00    0.779099943801725E-01    0.233836161036393E-04    0.669941495128570E-01    0.804560326197223E-01
    0.260599999999988E+00    0.779379442604286E-01    0.234132943881656E-04    0.670175078614702E-01    0.804844403760757E-01
    0.260699999999988E+00    0.779658927150189E-01    0.234429989367565E-04    0.670408644925334E-01    0.805128464240204E-01
    0.260799999999988E+00    0.779938397440238E-01    0.234727297622409E-04    0.670642194061390E-01    0.805412507637483E-01
    0.260899999999988E+00    0.780217853475240E-01    0.235024868774410E-04    0.670875726023795E-01    0.805696533954516E-01
    0.260999999999988E+00    0.780497295256001E-01    0.235322702951755E-04    0.671109240813473E-01    0.805980543193222E-01
    0.261099999999988E+00    0.780776722783325E-01    0.235620800282927E-04    0.671342738431348E-01    0.806264535355523E-01
    0.261199999999988E+00    0.781056136058019E-01    0.235919160896045E-04    0.671576218878344E-01    0.806548510443337E-01
    0.261299999999988E+00    0.781335535080888E-01    0.236217784919480E-04    0.671809682155386E-01    0.806832468458584E-01
    0.261399999999988E+00    0.781614919852738E-01    0.236516672481492E-04    0.672043128263396E-01    0.807116409403184E-01
    0.261499999999988E+00    0.781894290374373E-01    0.236815823710286E-04    0.672276557203299E-01    0.807400333279054E-01
    0.261599999999988E+00    0.782173646646599E-01    0.237115238734254E-04    0.672509968976018E-01    0.807684240088115E-01
    0.261699999999987E+00    0.782452988670221E-01    0.237414917681708E-04    0.672743363582478E-01    0.807968129832284E-01
    0.261799999999987E+00    0.782732316446045E-01    0.237714860680918E-04    0.672976741023601E-01    0.808252002513479E-01
    0.261899999999987E+00    0.783011629974876E-01    0.238015067860091E-04    0.673210101300312E-01    0.808535858133619E-01
    0.261999999999987E+00    0.783290929257519E-01    0.238315539347644E-04    0.673443444413533E-01    0.808819696694619E-01
    0.262099999999987E+00    0.783570214294779E-01    0.238616275271870E-04    0.673676770364188E-01    0.809103518198399E-01
    0.262199999999987E+00    0.783849485087460E-01    0.238917275761026E-04    0.673910079153200E-01    0.809387322646874E-01
    0.262299999999987E+00    0.784128741636368E-01    0.239218540943517E-04    0.674143370781493E-01    0.809671110041961E-01
    0.262399999999987E+00    0.784407983942308E-01    0.239520070947650E-04    0.674376645249988E-01    0.809954880385577E-01
    0.262499999999987E+00    0.784687212006084E-01    0.239821865901694E-04    0.674609902559610E-01    0.810238633679637E-01
    0.262599999999987E+00    0.784966425828499E-01    0.240123925933962E-04    0.674843142711282E-01    0.810522369926058E-01
    0.262699999999987E+00    0.785245625410362E-01    0.240426251172918E-04    0.675076365705925E-01    0.810806089126755E-01
    0.262799999999987E+00    0.785524810752476E-01    0.240728841746874E-04    0.675309571544463E-01    0.811089791283642E-01
    0.262899999999987E+00    0.785803981855645E-01    0.241031697784115E-04    0.675542760227819E-01    0.811373476398636E-01
    0.262999999999987E+00    0.786083138720673E-01    0.241334819412921E-04    0.675775931756914E-01    0.811657144473650E-01
    0.263099999999987E+00    0.786362281348365E-01    0.241638206761757E-04    0.676009086132672E-01    0.811940795510599E-01
    0.263199999999987E+00    0.786641409739526E-01    0.241941859958860E-04    0.676242223356014E-01    0.812224429511397E-01
    0.263299999999987E+00    0.786920523894959E-01    0.242245779132706E-04    0.676475343427864E-01    0.812508046477957E-01
    0.263399999999987E+00    0.787199623815470E-01    0.242549964411563E-04    0.676708446349143E-01    0.812791646412194E-01
    0.263499999999987E+00    0.787478709501862E-01    0.242854415923876E-04    0.676941532120774E-01    0.813075229316019E-01
    0.263599999999987E+00    0.787757780954939E-01    0.243159133797927E-04    0.677174600743678E-01    0.813358795191347E-01
    0.263699999999987E+00    0.788036838175506E-01    0.243464118162146E-04    0.677407652218778E-01    0.813642344040090E-01
    0.263799999999987E+00    0.788315881164367E-01    0.243769369144809E-04    0.677640686546995E-01    0.813925875864160E-01
    0.263899999999987E+00    0.788594909922325E-01    0.244074886874393E-04    0.677873703729252E-01    0.814209390665469E-01
    0.263999999999987E+00    0.788873924450185E-01    0.244380671479287E-04    0.678106703766469E-01    0.814492888445929E-01
    0.264099999999987E+00    0.789152924748751E-01    0.244686723087852E-04    0.678339686659569E-01    0.814776369207452E-01
    0.264199999999987E+00    0.789431910818826E-01    0.244993041828416E-04    0.678572652409473E-01    0.815059832951948E-01
    0.264299999999987E+00    0.789710882661214E-01    0.245299627829417E-04    0.678805601017103E-01    0.815343279681328E-01
    0.264399999999987E+00    0.789989840276719E-01    0.245606481219211E-04    0.679038532483380E-01    0.815626709397503E-01
    0.264499999999987E+00    0.790268783666144E-01    0.245913602126276E-04    0.679271446809226E-01    0.815910122102384E-01
    0.264599999999987E+00    0.790547712830294E-01    0.246220990678917E-04    0.679504343995561E-01    0.816193517797880E-01
    0.264699999999987E+00    0.790826627769971E-01    0.246528647005592E-04    0.679737224043306E-01    0.816476896485901E-01
    0.264799999999987E+00    0.791105528485979E-01    0.246836571234668E-04    0.679970086953384E-01    0.816760258168357E-01
    0.264899999999987E+00    0.791384414979122E-01    0.247144763494552E-04    0.680202932726714E-01    0.817043602847157E-01
    0.264999999999987E+00    0.791663287250203E-01    0.247453223913700E-04    0.680435761364218E-01    0.817326930524210E-01
    0.265099999999987E+00    0.791942145300026E-01    0.247761952620465E-04    0.680668572866817E-01    0.817610241201423E-01
    0.265199999999987E+00    0.792220989129393E-01    0.248070949743304E-04    0.680901367235430E-01    0.817893534880706E-01
    0.265299999999987E+00    0.792499818739107E-01    0.248380215410689E-04    0.681134144470980E-01    0.818176811563967E-01
    0.265399999999987E+00    0.792778634129973E-01    0.248689749750916E-04    0.681366904574386E-01    0.818460071253114E-01
    0.265499999999987E+00    0.793057435302793E-01    0.248999552892545E-04    0.681599647546569E-01    0.818743313950054E-01
    0.265599999999987E+00    0.793336222258370E-01    0.249309624963920E-04    0.681832373388449E-01    0.819026539656693E-01
    0.265699999999987E+00    0.793614994997506E-01    0.249619966093556E-04    0.682065082100946E-01    0.819309748374939E-01
    0.265799999999987E+00    0.793893753521006E-01    0.249930576409812E-04    0.682297773684982E-01    0.819592940106699E-01
    0.265899999999987E+00    0.794172497829672E-01    0.250241456041124E-04    0.682530448141476E-01    0.819876114853879E-01
    0.265999999999987E+00    0.794451227924307E-01    0.250552605116084E-04    0.682763105471348E-01    0.820159272618384E-01
    0.266099999999987E+00    0.794729943805712E-01    0.250864023762921E-04    0.682995745675517E-01    0.820442413402122E-01
    0.266199999999987E+00    0.795008645474692E-01    0.251175712110193E-04    0.683228368754905E-01    0.820725537206996E-01
    0.266299999999987E+00    0.795287332932049E-01    0.251487670286386E-04    0.683460974710431E-01    0.821008644034913E-01
    0.266399999999987E+00    0.795566006178585E-01    0.251799898419913E-04    0.683693563543014E-01    0.821291733887778E-01
    0.266499999999987E+00    0.795844665215103E-01    0.252112396639207E-04    0.683926135253574E-01    0.821574806767494E-01
    0.266599999999987E+00    0.796123310042405E-01    0.252425165072815E-04    0.684158689843031E-01    0.821857862675966E-01
    0.266699999999987E+00    0.796401940661294E-01    0.252738203849122E-04    0.684391227312304E-01    0.822140901615098E-01
    0.266799999999987E+00    0.796680557072572E-01    0.253051513096561E-04    0.684623747662313E-01    0.822423923586794E-01
    0.266899999999987E+00    0.796959159277042E-01    0.253365092943754E-04    0.684856250893976E-01    0.822706928592958E-01
    0.266999999999987E+00    0.797237747275505E-01    0.253678943519039E-04    0.685088737008214E-01    0.822989916635492E-01
    0.267099999999987E+00    0.797516321068764E-01    0.253993064950870E-04    0.685321206005945E-01    0.823272887716300E-01
    0.267199999999987E+00    0.797794880657621E-01    0.254307457367836E-04    0.685553657888089E-01    0.823555841837284E-01
    0.267299999999987E+00    0.798073426042878E-01    0.254622120898404E-04    0.685786092655563E-01    0.823838779000346E-01
    0.267399999999987E+00    0.798351957225337E-01    0.254937055671056E-04    0.686018510309288E-01    0.824121699207390E-01
    0.267499999999987E+00    0.798630474205800E-01    0.255252261814191E-04    0.686250910850183E-01    0.824404602460315E-01
    0.267599999999987E+00    0.798908976985069E-01    0.255567739456302E-04    0.686483294279164E-01    0.824687488761024E-01
    0.267699999999987E+00    0.799187465563945E-01    0.255883488726035E-04    0.686715660597153E-01    0.824970358111418E-01
    0.267799999999987E+00    0.799465939943231E-01    0.256199509751769E-04    0.686948009805066E-01    0.825253210513398E-01
    0.267899999999987E+00    0.799744400123729E-01    0.256515802662002E-04    0.687180341903823E-01    0.825536045968864E-01
    0.267999999999987E+00    0.800022846106239E-01    0.256832367585284E-04    0.687412656894342E-01    0.825818864479717E-01
    0.268099999999987E+00    0.800301277891564E-01    0.257149204650070E-04    0.687644954777541E-01    0.826101666047857E-01
    0.268199999999987E+00    0.800579695480505E-01    0.257466313984909E-04    0.687877235554339E-01    0.826384450675184E-01
    0.268299999999987E+00    0.800858098873864E-01    0.257783695718263E-04    0.688109499225653E-01    0.826667218363597E-01
    0.268399999999987E+00    0.801136488072442E-01    0.258101349978706E-04    0.688341745792402E-01    0.826949969114995E-01
    0.268499999999987E+00    0.801414863077040E-01    0.258419276894764E-04    0.688573975255504E-01    0.827232702931278E-01
    0.268599999999987E+00    0.801693223888460E-01    0.258737476594887E-04    0.688806187615876E-01    0.827515419814343E-01
    0.268699999999987E+00    0.801971570507503E-01    0.259055949207632E-04    0.689038382874437E-01    0.827798119766090E-01
    0.268799999999987E+00    0.802249902934970E-01    0.259374694861463E-04    0.689270561032104E-01    0.828080802788417E-01
    0.268899999999987E+00    0.802528221171663E-01    0.259693713684936E-04    0.689502722089795E-01    0.828363468883220E-01
    0.268999999999987E+00    0.802806525218382E-01    0.260013005806590E-04    0.689734866048427E-01    0.828646118052397E-01
    0.269099999999987E+00    0.803084815075929E-01    0.260332571355018E-04    0.689966992908918E-01    0.828928750297847E-01
    0.269199999999987E+00    0.803363090745104E-01    0.260652410458656E-04    0.690199102672185E-01    0.829211365621465E-01
    0.269299999999987E+00    0.803641352226709E-01    0.260972523246146E-04    0.690431195339146E-01    0.829493964025149E-01
    0.269399999999987E+00    0.803919599521544E-01    0.261292909845893E-04    0.690663270910718E-01    0.829776545510794E-01
    0.269499999999987E+00    0.804197832630411E-01    0.261613570386587E-04    0.690895329387818E-01    0.830059110080297E-01
    0.269599999999987E+00    0.804476051554109E-01    0.261934504996607E-04    0.691127370771362E-01    0.830341657735554E-01
    0.269699999999987E+00    0.804754256293440E-01    0.262255713804622E-04    0.691359395062269E-01    0.830624188478460E-01
    0.269799999999987E+00    0.805032446849205E-01    0.262577196939108E-04    0.691591402261455E-01    0.830906702310910E-01
    0.269899999999987E+00    0.805310623222203E-01    0.262898954528636E-04    0.691823392369837E-01    0.831189199234799E-01
    0.269999999999987E+00    0.805588785413236E-01    0.263220986701848E-04    0.692055365388331E-01    0.831471679252023E-01
    0.270099999999987E+00    0.805866933423104E-01    0.263543293587169E-04    0.692287321317855E-01    0.831754142364474E-01
    0.270199999999987E+00    0.806145067252607E-01    0.263865875313221E-04    0.692519260159324E-01    0.832036588574048E-01
    0.270299999999987E+00    0.806423186902546E-01    0.264188732008610E-04    0.692751181913656E-01    0.832319017882639E-01
    0.270399999999987E+00    0.806701292373721E-01    0.264511863801831E-04    0.692983086581766E-01    0.832601430292138E-01
    0.270499999999987E+00    0.806979383666933E-01    0.264835270821409E-04    0.693214974164572E-01    0.832883825804441E-01
    0.270599999999987E+00    0.807257460782980E-01    0.265158953195948E-04    0.693446844662989E-01    0.833166204421440E-01
    0.270699999999987E+00    0.807535523722665E-01    0.265482911054028E-04    0.693678698077933E-01    0.833448566145027E-01
    0.270799999999986E+00    0.807813572486786E-01    0.265807144524192E-04    0.693910534410321E-01    0.833730910977095E-01
    0.270899999999986E+00    0.808091607076144E-01    0.266131653735150E-04    0.694142353661068E-01    0.834013238919537E-01
    0.270999999999986E+00    0.808369627491539E-01    0.266456438815396E-04    0.694374155831091E-01    0.834295549974243E-01
    0.271099999999986E+00    0.808647633733770E-01    0.266781499893436E-04    0.694605940921305E-01    0.834577844143105E-01
    0.271199999999986E+00    0.808925625803637E-01    0.267106837097836E-04    0.694837708932626E-01    0.834860121428016E-01
    0.271299999999986E+00    0.809203603701941E-01    0.267432450557315E-04    0.695069459865970E-01    0.835142381830864E-01
    0.271399999999986E+00    0.809481567429482E-01    0.267758340400402E-04    0.695301193722252E-01    0.835424625353542E-01
    0.271499999999986E+00    0.809759516987057E-01    0.268084506755687E-04    0.695532910502388E-01    0.835706851997940E-01
    0.271599999999986E+00    0.810037452375468E-01    0.268410949751727E-04    0.695764610207293E-01    0.835989061765948E-01
    0.271699999999986E+00    0.810315373595514E-01    0.268737669517209E-04    0.695996292837883E-01    0.836271254659455E-01
    0.271799999999986E+00    0.810593280647995E-01    0.269064666180630E-04    0.696227958395072E-01    0.836553430680351E-01
    0.271899999999986E+00    0.810871173533709E-01    0.269391939870623E-04    0.696459606879777E-01    0.836835589830526E-01
    0.271999999999986E+00    0.811149052253456E-01    0.269719490715744E-04    0.696691238292911E-01    0.837117732111868E-01
    0.272099999999986E+00    0.811426916808037E-01    0.270047318844691E-04    0.696922852635391E-01    0.837399857526266E-01
    0.272199999999986E+00    0.811704767198249E-01    0.270375424385930E-04    0.697154449908130E-01    0.837681966075609E-01
    0.272299999999986E+00    0.811982603424892E-01    0.270703807468230E-04    0.697386030112044E-01    0.837964057761785E-01
    0.272399999999986E+00    0.812260425488766E-01    0.271032468219994E-04    0.697617593248048E-01    0.838246132586681E-01
    0.272499999999986E+00    0.812538233390669E-01    0.271361406770007E-04    0.697849139317056E-01    0.838528190552185E-01
    0.272599999999986E+00    0.812816027131400E-01    0.271690623246822E-04    0.698080668319983E-01    0.838810231660185E-01
    0.272699999999986E+00    0.813093806711759E-01    0.272020117779074E-04    0.698312180257744E-01    0.839092255912566E-01
    0.272799999999986E+00    0.813371572132545E-01    0.272349890495322E-04    0.698543675131252E-01    0.839374263311218E-01
    0.272899999999986E+00    0.813649323394556E-01    0.272679941524166E-04    0.698775152941422E-01    0.839656253858024E-01
    0.272999999999986E+00    0.813927060498591E-01    0.273010270994329E-04    0.699006613689168E-01    0.839938227554873E-01
    0.273099999999986E+00    0.814204783445449E-01    0.273340879034348E-04    0.699238057375405E-01    0.840220184403648E-01
    0.273199999999986E+00    0.814482492235929E-01    0.273671765772928E-04    0.699469484001047E-01    0.840502124406237E-01
    0.273299999999986E+00    0.814760186870829E-01    0.274002931338585E-04    0.699700893567008E-01    0.840784047564525E-01
    0.273399999999986E+00    0.815037867350948E-01    0.274334375860107E-04    0.699932286074201E-01    0.841065953880396E-01
    0.273499999999986E+00    0.815315533677084E-01    0.274666099465913E-04    0.700163661523540E-01    0.841347843355735E-01
    0.273599999999986E+00    0.815593185850037E-01    0.274998102284773E-04    0.700395019915940E-01    0.841629715992427E-01
    0.273699999999986E+00    0.815870823870604E-01    0.275330384445250E-04    0.700626361252313E-01    0.841911571792356E-01
    0.273799999999986E+00    0.816148447739584E-01    0.275662946076020E-04    0.700857685533574E-01    0.842193410757405E-01
    0.273899999999986E+00    0.816426057457775E-01    0.275995787305659E-04    0.701088992760636E-01    0.842475232889459E-01
    0.273999999999986E+00    0.816703653025975E-01    0.276328908262968E-04    0.701320282934412E-01    0.842757038190401E-01
    0.274099999999986E+00    0.816981234444983E-01    0.276662309076417E-04    0.701551556055816E-01    0.843038826662113E-01
    0.274199999999986E+00    0.817258801715597E-01    0.276995989874717E-04    0.701782812125761E-01    0.843320598306478E-01
    0.274299999999986E+00    0.817536354838615E-01    0.277329950786509E-04    0.702014051145160E-01    0.843602353125379E-01
    0.274399999999986E+00    0.817813893814835E-01    0.277664191940555E-04    0.702245273114927E-01    0.843884091120699E-01
    0.274499999999986E+00    0.818091418645055E-01    0.277998713465253E-04    0.702476478035974E-01    0.844165812294319E-01
    0.274599999999986E+00    0.818368929330072E-01    0.278333515489381E-04    0.702707665909214E-01    0.844447516648120E-01
    0.274699999999986E+00    0.818646425870686E-01    0.278668598141599E-04    0.702938836735561E-01    0.844729204183985E-01
    0.274799999999986E+00    0.818923908267693E-01    0.279003961550508E-04    0.703169990515926E-01    0.845010874903793E-01
    0.274899999999986E+00    0.819201376521891E-01    0.279339605844903E-04    0.703401127251223E-01    0.845292528809427E-01
    0.274999999999986E+00    0.819478830634078E-01    0.279675531153354E-04    0.703632246942364E-01    0.845574165902765E-01
    0.275099999999986E+00    0.819756270605052E-01    0.280011737604438E-04    0.703863349590262E-01    0.845855786185690E-01
    0.275199999999986E+00    0.820033696435610E-01    0.280348225326873E-04    0.704094435195829E-01    0.846137389660079E-01
    0.275299999999986E+00    0.820311108126549E-01    0.280684994449332E-04    0.704325503759977E-01    0.846418976327815E-01
    0.275399999999986E+00    0.820588505678669E-01    0.281022045100428E-04    0.704556555283619E-01    0.846700546190774E-01
    0.275499999999986E+00    0.820865889092764E-01    0.281359377408974E-04    0.704787589767667E-01    0.846982099250837E-01
    0.275599999999986E+00    0.821143258369634E-01    0.281696991503458E-04    0.705018607213033E-01    0.847263635509883E-01
    0.275699999999986E+00    0.821420613510075E-01    0.282034887512530E-04    0.705249607620630E-01    0.847545154969790E-01
    0.275799999999986E+00    0.821697954514885E-01    0.282373065565079E-04    0.705480590991368E-01    0.847826657632436E-01
    0.275899999999986E+00    0.821975281384860E-01    0.282711525789555E-04    0.705711557326160E-01    0.848108143499699E-01
    0.275999999999986E+00    0.822252594120799E-01    0.283050268314714E-04    0.705942506625918E-01    0.848389612573457E-01
    0.276099999999986E+00    0.822529892723497E-01    0.283389293269267E-04    0.706173438891553E-01    0.848671064855587E-01
    0.276199999999986E+00    0.822807177193752E-01    0.283728600781812E-04    0.706404354123978E-01    0.848952500347966E-01
    0.276299999999986E+00    0.823084447532362E-01    0.284068190981181E-04    0.706635252324102E-01    0.849233919052472E-01
    0.276399999999986E+00    0.823361703740122E-01    0.284408063995871E-04    0.706866133492839E-01    0.849515320970981E-01
    0.276499999999986E+00    0.823638945817830E-01    0.284748219954656E-04    0.707096997631099E-01    0.849796706105369E-01
    0.276599999999986E+00    0.823916173766283E-01    0.285088658986168E-04    0.707327844739794E-01    0.850078074457511E-01
    0.276699999999986E+00    0.824193387586274E-01    0.285429381218945E-04    0.707558674819835E-01    0.850359426029284E-01
    0.276799999999986E+00    0.824470587278606E-01    0.285770386781982E-04    0.707789487872132E-01    0.850640760822564E-01
    0.276899999999986E+00    0.824747772844072E-01    0.286111675803793E-04    0.708020283897598E-01    0.850922078839225E-01
    0.276999999999986E+00    0.825024944283470E-01    0.286453248413123E-04    0.708251062897142E-01    0.851203380081142E-01
    0.277099999999986E+00    0.825302101597595E-01    0.286795104738598E-04    0.708481824871676E-01    0.851484664550189E-01
    0.277199999999986E+00    0.825579244787245E-01    0.287137244908891E-04    0.708712569822111E-01    0.851765932248242E-01
    0.277299999999986E+00    0.825856373853215E-01    0.287479669052791E-04    0.708943297749357E-01    0.852047183177174E-01
    0.277399999999986E+00    0.826133488796302E-01    0.287822377298862E-04    0.709174008654325E-01    0.852328417338859E-01
    0.277499999999986E+00    0.826410589617302E-01    0.288165369775868E-04    0.709404702537926E-01    0.852609634735169E-01
    0.277599999999986E+00    0.826687676317012E-01    0.288508646612550E-04    0.709635379401069E-01    0.852890835367980E-01
    0.277699999999986E+00    0.826964748896227E-01    0.288852207937404E-04    0.709866039244666E-01    0.853172019239162E-01
    0.277799999999986E+00    0.827241807355744E-01    0.289196053879398E-04    0.710096682069627E-01    0.853453186350590E-01
    0.277899999999986E+00    0.827518851696358E-01    0.289540184567041E-04    0.710327307876861E-01    0.853734336704134E-01
    0.277999999999986E+00    0.827795881918867E-01    0.289884600129099E-04    0.710557916667279E-01    0.854015470301668E-01
    0.278099999999986E+00    0.828072898024065E-01    0.290229300694284E-04    0.710788508441791E-01    0.854296587145063E-01
    0.278199999999986E+00    0.828349900012749E-01    0.290574286391240E-04    0.711019083201307E-01    0.854577687236191E-01
    0.278299999999986E+00    0.828626887885714E-01    0.290919557348711E-04    0.711249640946737E-01    0.854858770576923E-01
    0.278399999999986E+00    0.828903861643756E-01    0.291265113695371E-04    0.711480181678991E-01    0.855139837169129E-01
    0.278499999999986E+00    0.829180821287672E-01    0.291610955559975E-04    0.711710705398977E-01    0.855420887014680E-01
    0.278599999999986E+00    0.829457766818256E-01    0.291957083071195E-04    0.711941212107607E-01    0.855701920115447E-01
    0.278699999999986E+00    0.829734698236304E-01    0.292303496357696E-04    0.712171701805789E-01    0.855982936473301E-01
    0.278799999999986E+00    0.830011615542613E-01    0.292650195548249E-04    0.712402174494434E-01    0.856263936090109E-01
    0.278899999999986E+00    0.830288518737976E-01    0.292997180771532E-04    0.712632630174449E-01    0.856544918967743E-01
    0.278999999999986E+00    0.830565407823190E-01    0.293344452156214E-04    0.712863068846746E-01    0.856825885108071E-01
    0.279099999999986E+00    0.830842282799050E-01    0.293692009831114E-04    0.713093490512232E-01    0.857106834512962E-01
    0.279199999999986E+00    0.831119143666352E-01    0.294039853924863E-04    0.713323895171817E-01    0.857387767184285E-01
    0.279299999999986E+00    0.831395990425891E-01    0.294387984566299E-04    0.713554282826410E-01    0.857668683123909E-01
    0.279399999999986E+00    0.831672823078461E-01    0.294736401883946E-04    0.713784653476921E-01    0.857949582333701E-01
    0.279499999999986E+00    0.831949641624858E-01    0.295085106006566E-04    0.714015007124257E-01    0.858230464815529E-01
    0.279599999999986E+00    0.832226446065878E-01    0.295434097062963E-04    0.714245343769328E-01    0.858511330571261E-01
    0.279699999999986E+00    0.832503236402315E-01    0.295783375181737E-04    0.714475663413043E-01    0.858792179602765E-01
    0.279799999999986E+00    0.832780012634964E-01    0.296132940491709E-04    0.714705966056309E-01    0.859073011911907E-01
    0.279899999999985E+00    0.833056774764621E-01    0.296482793121523E-04    0.714936251700037E-01    0.859353827500553E-01
    0.279999999999985E+00    0.833333522792079E-01    0.296832933199981E-04    0.715166520345134E-01    0.859634626370571E-01
    0.280099999999985E+00    0.833610256718134E-01    0.297183360855772E-04    0.715396771992508E-01    0.859915408523826E-01
    0.280199999999985E+00    0.833886976543581E-01    0.297534076217584E-04    0.715627006643068E-01    0.860196173962184E-01
    0.280299999999985E+00    0.834163682269214E-01    0.297885079414162E-04    0.715857224297722E-01    0.860476922687511E-01
    0.280399999999985E+00    0.834440373895829E-01    0.298236370574217E-04    0.716087424957379E-01    0.860757654701673E-01
    0.280499999999985E+00    0.834717051424218E-01    0.298587949826472E-04    0.716317608622945E-01    0.861038370006533E-01
    0.280599999999985E+00    0.834993714855178E-01    0.298939817299642E-04    0.716547775295330E-01    0.861319068603958E-01
    0.280699999999985E+00    0.835270364189503E-01    0.299291973122529E-04    0.716777924975442E-01    0.861599750495811E-01
    0.280799999999985E+00    0.835546999427986E-01    0.299644417423779E-04    0.717008057664187E-01    0.861880415683956E-01
    0.280899999999985E+00    0.835823620571423E-01    0.299997150332050E-04    0.717238173362474E-01    0.862161064170258E-01
    0.280999999999985E+00    0.836100227620608E-01    0.300350171976201E-04    0.717468272071211E-01    0.862441695956581E-01
    0.281099999999985E+00    0.836376820576335E-01    0.300703482484905E-04    0.717698353791305E-01    0.862722311044786E-01
    0.281199999999985E+00    0.836653399439398E-01    0.301057081986881E-04    0.717928418523663E-01    0.863002909436739E-01
    0.281299999999985E+00    0.836929964210591E-01    0.301410970610922E-04    0.718158466269193E-01    0.863283491134301E-01
    0.281399999999985E+00    0.837206514890709E-01    0.301765148485659E-04    0.718388497028802E-01    0.863564056139334E-01
    0.281499999999985E+00    0.837483051480545E-01    0.302119615739999E-04    0.718618510803398E-01    0.863844604453702E-01
    0.281599999999985E+00    0.837759573980893E-01    0.302474372502449E-04    0.718848507593888E-01    0.864125136079265E-01
    0.281699999999985E+00    0.838036082392548E-01    0.302829418901878E-04    0.719078487401178E-01    0.864405651017887E-01
    0.281799999999985E+00    0.838312576716303E-01    0.303184755066990E-04    0.719308450226176E-01    0.864686149271427E-01
    0.281899999999985E+00    0.838589056952952E-01    0.303540381126509E-04    0.719538396069788E-01    0.864966630841748E-01
    0.281999999999985E+00    0.838865523103288E-01    0.303896297209185E-04    0.719768324932922E-01    0.865247095730709E-01
    0.282099999999985E+00    0.839141975168106E-01    0.304252503443752E-04    0.719998236816484E-01    0.865527543940173E-01
    0.282199999999985E+00    0.839418413148200E-01    0.304608999958828E-04    0.720228131721381E-01    0.865807975471997E-01
    0.282299999999985E+00    0.839694837044362E-01    0.304965786883342E-04    0.720458009648520E-01    0.866088390328044E-01
    0.282399999999985E+00    0.839971246857386E-01    0.305322864346001E-04    0.720687870598807E-01    0.866368788510172E-01
    0.282499999999985E+00    0.840247642588065E-01    0.305680232475464E-04    0.720917714573148E-01    0.866649170020242E-01
    0.282599999999985E+00    0.840524024237194E-01    0.306037891400509E-04    0.721147541572449E-01    0.866929534860111E-01
    0.282699999999985E+00    0.840800391805565E-01    0.306395841249828E-04    0.721377351597618E-01    0.867209883031639E-01
    0.282799999999985E+00    0.841076745293972E-01    0.306754082152123E-04    0.721607144649560E-01    0.867490214536685E-01
    0.282899999999985E+00    0.841353084703208E-01    0.307112614236250E-04    0.721836920729181E-01    0.867770529377107E-01
    0.282999999999985E+00    0.841629410034065E-01    0.307471437630927E-04    0.722066679837387E-01    0.868050827554762E-01
    0.283099999999985E+00    0.841905721287338E-01    0.307830552464850E-04    0.722296421975085E-01    0.868331109071510E-01
    0.283199999999985E+00    0.842182018463820E-01    0.308189958866629E-04    0.722526147143180E-01    0.868611373929206E-01
    0.283299999999985E+00    0.842458301564303E-01    0.308549656965204E-04    0.722755855342577E-01    0.868891622129709E-01
    0.283399999999985E+00    0.842734570589580E-01    0.308909646889286E-04    0.722985546574183E-01    0.869171853674875E-01
    0.283499999999985E+00    0.843010825540445E-01    0.309269928767522E-04    0.723215220838904E-01    0.869452068566560E-01
    0.283599999999985E+00    0.843287066417689E-01    0.309630502728756E-04    0.723444878137643E-01    0.869732266806622E-01
    0.283699999999985E+00    0.843563293222107E-01    0.309991368901658E-04    0.723674518471308E-01    0.870012448396916E-01
    0.283799999999985E+00    0.843839505954490E-01    0.310352527415080E-04    0.723904141840804E-01    0.870292613339298E-01
    0.283899999999985E+00    0.844115704615631E-01    0.310713978397654E-04    0.724133748247035E-01    0.870572761635624E-01
    0.283999999999985E+00    0.844391889206323E-01    0.311075721978165E-04    0.724363337690906E-01    0.870852893287749E-01
    0.284099999999985E+00    0.844668059727359E-01    0.311437758285292E-04    0.724592910173324E-01    0.871133008297527E-01
    0.284199999999985E+00    0.844944216179530E-01    0.311800087447939E-04    0.724822465695193E-01    0.871413106666813E-01
    0.284299999999985E+00    0.845220358563630E-01    0.312162709594686E-04    0.725052004257418E-01    0.871693188397463E-01
    0.284399999999985E+00    0.845496486880451E-01    0.312525624854304E-04    0.725281525860903E-01    0.871973253491330E-01
    0.284499999999985E+00    0.845772601130785E-01    0.312888833355574E-04    0.725511030506554E-01    0.872253301950267E-01
    0.284599999999985E+00    0.846048701315425E-01    0.313252335227265E-04    0.725740518195276E-01    0.872533333776128E-01
    0.284699999999985E+00    0.846324787435162E-01    0.313616130598122E-04    0.725969988927972E-01    0.872813348970768E-01
    0.284799999999985E+00    0.846600859490789E-01    0.313980219596771E-04    0.726199442705548E-01    0.873093347536037E-01
    0.284899999999985E+00    0.846876917483098E-01    0.314344602352128E-04    0.726428879528907E-01    0.873373329473791E-01
    0.284999999999985E+00    0.847152961412880E-01    0.314709278992745E-04    0.726658299398955E-01    0.873653294785880E-01
    0.285099999999985E+00    0.847428991280929E-01    0.315074249647502E-04    0.726887702316595E-01    0.873933243474157E-01
    0.285199999999985E+00    0.847705007088037E-01    0.315439514445224E-04    0.727117088282732E-01    0.874213175540474E-01
    0.285299999999985E+00    0.847981008834994E-01    0.315805073514466E-04    0.727346457298270E-01    0.874493090986682E-01
    0.285399999999985E+00    0.848256996522592E-01    0.316170926984032E-04    0.727575809364113E-01    0.874772989814633E-01
    0.285499999999985E+00    0.848532970151624E-01    0.316537074982693E-04    0.727805144481165E-01    0.875052872026178E-01
    0.285599999999985E+00    0.848808929722881E-01    0.316903517639234E-04    0.728034462650329E-01    0.875332737623168E-01
    0.285699999999985E+00    0.849084875237156E-01    0.317270255082377E-04    0.728263763872510E-01    0.875612586607452E-01
    0.285799999999985E+00    0.849360806695238E-01    0.317637287440855E-04    0.728493048148611E-01    0.875892418980882E-01
    0.285899999999985E+00    0.849636724097921E-01    0.318004614843327E-04    0.728722315479536E-01    0.876172234745307E-01
    0.285999999999985E+00    0.849912627445995E-01    0.318372237418687E-04    0.728951565866189E-01    0.876452033902578E-01
    0.286099999999985E+00    0.850188516740252E-01    0.318740155295649E-04    0.729180799309472E-01    0.876731816454542E-01
    0.286199999999985E+00    0.850464391981484E-01    0.319108368602860E-04    0.729410015810289E-01    0.877011582403050E-01
    0.286299999999985E+00    0.850740253170481E-01    0.319476877469148E-04    0.729639215369544E-01    0.877291331749950E-01
    0.286399999999985E+00    0.851016100308036E-01    0.319845682023189E-04    0.729868397988140E-01    0.877571064497090E-01
    0.286499999999985E+00    0.851291933394938E-01    0.320214782393821E-04    0.730097563666980E-01    0.877850780646320E-01
    0.286599999999985E+00    0.851567752431980E-01    0.320584178709784E-04    0.730326712406967E-01    0.878130480199487E-01
    0.286699999999985E+00    0.851843557419952E-01    0.320953871099802E-04    0.730555844209003E-01    0.878410163158438E-01
    0.286799999999985E+00    0.852119348359646E-01    0.321323859692642E-04    0.730784959073993E-01    0.878689829525022E-01
    0.286899999999985E+00    0.852395125251852E-01    0.321694144616946E-04    0.731014057002838E-01    0.878969479301085E-01
    0.286999999999985E+00    0.852670888097362E-01    0.322064726001491E-04    0.731243137996442E-01    0.879249112488474E-01
    0.287099999999985E+00    0.852946636896966E-01    0.322435603975059E-04    0.731472202055706E-01    0.879528729089036E-01
    0.287199999999985E+00    0.853222371651455E-01    0.322806778666387E-04    0.731701249181535E-01    0.879808329104617E-01
    0.287299999999985E+00    0.853498092361620E-01    0.323178250204204E-04    0.731930279374829E-01    0.880087912537063E-01
    0.287399999999985E+00    0.853773799028252E-01    0.323550018717380E-04    0.732159292636492E-01    0.880367479388219E-01
    0.287499999999985E+00    0.854049491652140E-01    0.323922084334479E-04    0.732388288967425E-01    0.880647029659933E-01
    0.287599999999985E+00    0.854325170234077E-01    0.324294447184302E-04    0.732617268368531E-01    0.880926563354048E-01
    0.287699999999985E+00    0.854600834774852E-01    0.324667107395644E-04    0.732846230840713E-01    0.881206080472409E-01
    0.287799999999985E+00    0.854876485275256E-01    0.325040065097107E-04    0.733075176384872E-01    0.881485581016861E-01
    0.287899999999985E+00    0.855152121736080E-01    0.325413320417645E-04    0.733304105001910E-01    0.881765064989249E-01
    0.287999999999985E+00    0.855427744158113E-01    0.325786873485853E-04    0.733533016692729E-01    0.882044532391417E-01
    0.288099999999985E+00    0.855703352542146E-01    0.326160724430487E-04    0.733761911458232E-01    0.882323983225207E-01
    0.288199999999985E+00    0.855978946888969E-01    0.326534873380348E-04    0.733990789299318E-01    0.882603417492465E-01
    0.288299999999985E+00    0.856254527199373E-01    0.326909320464124E-04    0.734219650216892E-01    0.882882835195034E-01
    0.288399999999985E+00    0.856530093474147E-01    0.327284065810650E-04    0.734448494211853E-01    0.883162236334755E-01
    0.288499999999985E+00    0.856805645714082E-01    0.327659109548491E-04    0.734677321285104E-01    0.883441620913472E-01
    0.288599999999985E+00    0.857081183919968E-01    0.328034451806505E-04    0.734906131437545E-01    0.883720988933027E-01
    0.288699999999985E+00    0.857356708092595E-01    0.328410092713482E-04    0.735134924670079E-01    0.884000340395263E-01
    0.288799999999985E+00    0.857632218232752E-01    0.328786032398098E-04    0.735363700983606E-01    0.884279675302021E-01
    0.288899999999985E+00    0.857907714341230E-01    0.329162270989005E-04    0.735592460379028E-01    0.884558993655143E-01
    0.288999999999984E+00    0.858183196418818E-01    0.329538808615092E-04    0.735821202857246E-01    0.884838295456471E-01
    0.289099999999984E+00    0.858458664466306E-01    0.329915645405025E-04    0.736049928419160E-01    0.885117580707844E-01
    0.289199999999984E+00    0.858734118484485E-01    0.330292781487556E-04    0.736278637065672E-01    0.885396849411105E-01
    0.289299999999984E+00    0.859009558474142E-01    0.330670216991395E-04    0.736507328797682E-01    0.885676101568093E-01
    0.289399999999984E+00    0.859284984436069E-01    0.331047952045321E-04    0.736736003616092E-01    0.885955337180649E-01
    0.289499999999984E+00    0.859560396371054E-01    0.331425986778127E-04    0.736964661521802E-01    0.886234556250613E-01
    0.289599999999984E+00    0.859835794279887E-01    0.331804321318423E-04    0.737193302515712E-01    0.886513758779824E-01
    0.289699999999984E+00    0.860111178163358E-01    0.332182955794936E-04    0.737421926598723E-01    0.886792944770122E-01
    0.289799999999984E+00    0.860386548022255E-01    0.332561890336455E-04    0.737650533771736E-01    0.887072114223345E-01
    0.289899999999984E+00    0.860661903857369E-01    0.332941125071748E-04    0.737879124035651E-01    0.887351267141333E-01
    0.289999999999984E+00    0.860937245669488E-01    0.333320660129549E-04    0.738107697391367E-01    0.887630403525924E-01
    0.290099999999984E+00    0.861212573459402E-01    0.333700495638554E-04    0.738336253839786E-01    0.887909523378956E-01
    0.290199999999984E+00    0.861487887227900E-01    0.334080631727481E-04    0.738564793381807E-01    0.888188626702268E-01
    0.290299999999984E+00    0.861763186975770E-01    0.334461068525063E-04    0.738793316018331E-01    0.888467713497697E-01
    0.290399999999984E+00    0.862038472703802E-01    0.334841806159986E-04    0.739021821750257E-01    0.888746783767081E-01
    0.290499999999984E+00    0.862313744412785E-01    0.335222844761089E-04    0.739250310578486E-01    0.889025837512256E-01
    0.290599999999984E+00    0.862589002103507E-01    0.335604184457053E-04    0.739478782503916E-01    0.889304874735060E-01
    0.290699999999984E+00    0.862864245776759E-01    0.335985825376594E-04    0.739707237527448E-01    0.889583895437328E-01
    0.290799999999984E+00    0.863139475433327E-01    0.336367767648535E-04    0.739935675649982E-01    0.889862899620899E-01
    0.290899999999984E+00    0.863414691074002E-01    0.336750011401500E-04    0.740164096872416E-01    0.890141887287607E-01
    0.290999999999984E+00    0.863689892699571E-01    0.337132556764173E-04    0.740392501195651E-01    0.890420858439288E-01
    0.291099999999984E+00    0.863965080310824E-01    0.337515403865451E-04    0.740620888620585E-01    0.890699813077778E-01
    0.291199999999984E+00    0.864240253908549E-01    0.337898552833926E-04    0.740849259148119E-01    0.890978751204912E-01
    0.291299999999984E+00    0.864515413493535E-01    0.338282003798301E-04    0.741077612779150E-01    0.891257672822525E-01
    0.291399999999984E+00    0.864790559066569E-01    0.338665756887309E-04    0.741305949514579E-01    0.891536577932451E-01
    0.291499999999984E+00    0.865065690628441E-01    0.339049812229728E-04    0.741534269355305E-01    0.891815466536526E-01
    0.291599999999984E+00    0.865340808179939E-01    0.339434169954264E-04    0.741762572302225E-01    0.892094338636583E-01
    0.291699999999984E+00    0.865615911721851E-01    0.339818830189582E-04    0.741990858356240E-01    0.892373194234455E-01
    0.291799999999984E+00    0.865891001254963E-01    0.340203793064498E-04    0.742219127518248E-01    0.892652033331977E-01
    0.291899999999984E+00    0.866166076780068E-01    0.340589058707760E-04    0.742447379789147E-01    0.892930855930982E-01
    0.291999999999984E+00    0.866441138297951E-01    0.340974627248053E-04    0.742675615169838E-01    0.893209662033302E-01
    0.292099999999984E+00    0.866716185809401E-01    0.341360498813956E-04    0.742903833661216E-01    0.893488451640771E-01
    0.292199999999984E+00    0.866991219315207E-01    0.341746673534307E-04    0.743132035264183E-01    0.893767224755221E-01
    0.292299999999984E+00    0.867266238816154E-01    0.342133151537852E-04    0.743360219979635E-01    0.894045981378485E-01
    0.292399999999984E+00    0.867541244313033E-01    0.342519932953292E-04    0.743588387808471E-01    0.894324721512393E-01
    0.292499999999984E+00    0.867816235806630E-01    0.342907017909267E-04    0.743816538751589E-01    0.894603445158778E-01
    0.292599999999984E+00    0.868091213297733E-01    0.343294406534518E-04    0.744044672809888E-01    0.894882152319470E-01
    0.292699999999984E+00    0.868366176787130E-01    0.343682098957800E-04    0.744272789984266E-01    0.895160842996302E-01
    0.292799999999984E+00    0.868641126275609E-01    0.344070095307712E-04    0.744500890275620E-01    0.895439517191104E-01
    0.292899999999984E+00    0.868916061763957E-01    0.344458395713154E-04    0.744728973684848E-01    0.895718174905706E-01
    0.292999999999984E+00    0.869190983252962E-01    0.344847000302689E-04    0.744957040212849E-01    0.895996816141939E-01
    0.293099999999984E+00    0.869465890743411E-01    0.345235909205070E-04    0.745185089860520E-01    0.896275440901633E-01
    0.293199999999984E+00    0.869740784236093E-01    0.345625122548954E-04    0.745413122628758E-01    0.896554049186616E-01
    0.293299999999984E+00    0.870015663731794E-01    0.346014640463092E-04    0.745641138518462E-01    0.896832640998719E-01
    0.293399999999984E+00    0.870290529231301E-01    0.346404463076187E-04    0.745869137530528E-01    0.897111216339771E-01
    0.293499999999984E+00    0.870565380735402E-01    0.346794590516945E-04    0.746097119665854E-01    0.897389775211601E-01
    0.293599999999984E+00    0.870840218244884E-01    0.347185022914069E-04    0.746325084925338E-01    0.897668317616037E-01
    0.293699999999984E+00    0.871115041760535E-01    0.347575760396290E-04    0.746553033309877E-01    0.897946843554907E-01
    0.293799999999984E+00    0.871389851283141E-01    0.347966803092256E-04    0.746780964820368E-01    0.898225353030040E-01
    0.293899999999984E+00    0.871664646813489E-01    0.348358151130723E-04    0.747008879457707E-01    0.898503846043264E-01
    0.293999999999984E+00    0.871939428352368E-01    0.348749804640344E-04    0.747236777222793E-01    0.898782322596405E-01
    0.294099999999984E+00    0.872214195900562E-01    0.349141763749787E-04    0.747464658116521E-01    0.899060782691291E-01
    0.294199999999984E+00    0.872488949458860E-01    0.349534028587788E-04    0.747692522139789E-01    0.899339226329749E-01
    0.294299999999984E+00    0.872763689028048E-01    0.349926599283072E-04    0.747920369293493E-01    0.899617653513606E-01
    0.294399999999984E+00    0.873038414608914E-01    0.350319475964244E-04    0.748148199578531E-01    0.899896064244687E-01
    0.294499999999984E+00    0.873313126202243E-01    0.350712658760078E-04    0.748376012995799E-01    0.900174458524820E-01
    0.294599999999984E+00    0.873587823808822E-01    0.351106147799217E-04    0.748603809546192E-01    0.900452836355829E-01
    0.294699999999984E+00    0.873862507429439E-01    0.351499943210323E-04    0.748831589230609E-01    0.900731197739541E-01
    0.294799999999984E+00    0.874137177064879E-01    0.351894045122167E-04    0.749059352049944E-01    0.901009542677781E-01
    0.294899999999984E+00    0.874411832715929E-01    0.352288453663395E-04    0.749287098005095E-01    0.901287871172373E-01
    0.294999999999984E+00    0.874686474383376E-01    0.352683168962704E-04    0.749514827096958E-01    0.901566183225143E-01
    0.295099999999984E+00    0.874961102068005E-01    0.353078191148757E-04    0.749742539326428E-01    0.901844478837915E-01
    0.295199999999984E+00    0.875235715770604E-01    0.353473520350285E-04    0.749970234694402E-01    0.902122758012512E-01
    0.295299999999984E+00    0.875510315491959E-01    0.353869156695881E-04    0.750197913201775E-01    0.902401020750760E-01
    0.295399999999984E+00    0.875784901232856E-01    0.354265100314309E-04    0.750425574849444E-01    0.902679267054481E-01
    0.295499999999984E+00    0.876059472994080E-01    0.354661351334229E-04    0.750653219638304E-01    0.902957496925499E-01
    0.295599999999984E+00    0.876334030776419E-01    0.355057909884247E-04    0.750880847569251E-01    0.903235710365637E-01
    0.295699999999984E+00    0.876608574580658E-01    0.355454776093163E-04    0.751108458643181E-01    0.903513907376717E-01
    0.295799999999984E+00    0.876883104407582E-01    0.355851950089438E-04    0.751336052860989E-01    0.903792087960563E-01
    0.295899999999984E+00    0.877157620257979E-01    0.356249432002083E-04    0.751563630223570E-01    0.904070252118997E-01
    0.295999999999984E+00    0.877432122132635E-01    0.356647221959474E-04    0.751791190731821E-01    0.904348399853840E-01
    0.296099999999984E+00    0.877706610032334E-01    0.357045320090354E-04    0.752018734386635E-01    0.904626531166914E-01
    0.296199999999984E+00    0.877981083957862E-01    0.357443726523479E-04    0.752246261188909E-01    0.904904646060040E-01
    0.296299999999984E+00    0.878255543910006E-01    0.357842441387493E-04    0.752473771139538E-01    0.905182744535040E-01
    0.296399999999984E+00    0.878529989889551E-01    0.358241464811025E-04    0.752701264239416E-01    0.905460826593735E-01
    0.296499999999984E+00    0.878804421897283E-01    0.358640796922659E-04    0.752928740489439E-01    0.905738892237946E-01
    0.296599999999984E+00    0.879078839933987E-01    0.359040437851173E-04    0.753156199890502E-01    0.906016941469491E-01
    0.296699999999984E+00    0.879353244000449E-01    0.359440387725130E-04    0.753383642443499E-01    0.906294974290192E-01
    0.296799999999984E+00    0.879627634097453E-01    0.359840646673364E-04    0.753611068149324E-01    0.906572990701869E-01
    0.296899999999984E+00    0.879902010225787E-01    0.360241214824367E-04    0.753838477008874E-01    0.906850990706340E-01
    0.296999999999984E+00    0.880176372386234E-01    0.360642092306867E-04    0.754065869023042E-01    0.907128974305425E-01
    0.297099999999984E+00    0.880450720579580E-01    0.361043279249555E-04    0.754293244192722E-01    0.907406941500943E-01
    0.297199999999984E+00    0.880725054806611E-01    0.361444775781073E-04    0.754520602518810E-01    0.907684892294713E-01
    0.297299999999984E+00    0.880999375068112E-01    0.361846582029921E-04    0.754747944002199E-01    0.907962826688553E-01
    0.297399999999984E+00    0.881273681364867E-01    0.362248698124829E-04    0.754975268643784E-01    0.908240744684280E-01
    0.297499999999984E+00    0.881547973697661E-01    0.362651124194509E-04    0.755202576444458E-01    0.908518646283714E-01
    0.297599999999984E+00    0.881822252067281E-01    0.363053860367574E-04    0.755429867405117E-01    0.908796531488671E-01
    0.297699999999984E+00    0.882096516474510E-01    0.363456906772642E-04    0.755657141526653E-01    0.909074400300970E-01
    0.297799999999984E+00    0.882370766920134E-01    0.363860263538447E-04    0.755884398809961E-01    0.909352252722426E-01
    0.297899999999984E+00    0.882645003404937E-01    0.364263930793539E-04    0.756111639255935E-01    0.909630088754856E-01
    0.297999999999984E+00    0.882919225929704E-01    0.364667908666575E-04    0.756338862865469E-01    0.909907908400078E-01
    0.298099999999983E+00    0.883193434495221E-01    0.365072197286201E-04    0.756566069639455E-01    0.910185711659906E-01
    0.298199999999983E+00    0.883467629102270E-01    0.365476796781053E-04    0.756793259578788E-01    0.910463498536158E-01
    0.298299999999983E+00    0.883741809751638E-01    0.365881707279741E-04    0.757020432684361E-01    0.910741269030649E-01
    0.298399999999983E+00    0.884015976444109E-01    0.366286928910984E-04    0.757247588957067E-01    0.911019023145194E-01
    0.298499999999983E+00    0.884290129180467E-01    0.366692461803371E-04    0.757474728397801E-01    0.911296760881608E-01
    0.298599999999983E+00    0.884564267961497E-01    0.367098306085433E-04    0.757701851007455E-01    0.911574482241706E-01
    0.298699999999983E+00    0.884838392787982E-01    0.367504461885803E-04    0.757928956786922E-01    0.911852187227303E-01
    0.298799999999983E+00    0.885112503660708E-01    0.367910929333231E-04    0.758156045737095E-01    0.912129875840213E-01
    0.298899999999983E+00    0.885386600580459E-01    0.368317708556316E-04    0.758383117858868E-01    0.912407548082250E-01
    0.298999999999983E+00    0.885660683548019E-01    0.368724799683645E-04    0.758610173153134E-01    0.912685203955227E-01
    0.299099999999983E+00    0.885934752564172E-01    0.369132202843794E-04    0.758837211620785E-01    0.912962843460958E-01
    0.299199999999983E+00    0.886208807629701E-01    0.369539918165418E-04    0.759064233262714E-01    0.913240466601257E-01
    0.299299999999983E+00    0.886482848745392E-01    0.369947945777144E-04    0.759291238079813E-01    0.913518073377936E-01
    0.299399999999983E+00    0.886756875912029E-01    0.370356285807604E-04    0.759518226072976E-01    0.913795663792807E-01
    0.299499999999983E+00    0.887030889130394E-01    0.370764938385341E-04    0.759745197243095E-01    0.914073237847684E-01
    0.299599999999983E+00    0.887304888401272E-01    0.371173903638954E-04    0.759972151591062E-01    0.914350795544377E-01
    0.299699999999983E+00    0.887578873725447E-01    0.371583181697096E-04    0.760199089117770E-01    0.914628336884700E-01
    0.299799999999983E+00    0.887852845103703E-01    0.371992772688395E-04    0.760426009824111E-01    0.914905861870464E-01
    0.299899999999983E+00    0.888126802536824E-01    0.372402676741538E-04    0.760652913710977E-01    0.915183370503479E-01
    0.299999999999983E+00    0.888400746025592E-01    0.372812893984972E-04    0.760879800779260E-01    0.915460862785557E-01
    0.300099999999983E+00    0.888674675570792E-01    0.373223424547302E-04    0.761106671029853E-01    0.915738338718508E-01
    0.300199999999983E+00    0.888948591173207E-01    0.373634268557258E-04    0.761333524463647E-01    0.916015798304144E-01
    0.300299999999983E+00    0.889222492833621E-01    0.374045426143317E-04    0.761560361081534E-01    0.916293241544273E-01
    0.300399999999983E+00    0.889496380552817E-01    0.374456897434093E-04    0.761787180884406E-01    0.916570668440706E-01
    0.300499999999983E+00    0.889770254331578E-01    0.374868682558249E-04    0.762013983873155E-01    0.916848078995253E-01
    0.300599999999983E+00    0.890044114170688E-01    0.375280781644299E-04    0.762240770048672E-01    0.917125473209723E-01
    0.300699999999983E+00    0.890317960070930E-01    0.375693194820867E-04    0.762467539411849E-01    0.917402851085925E-01
    0.300799999999983E+00    0.890591792033088E-01    0.376105922216559E-04    0.762694291963578E-01    0.917680212625668E-01
    0.300899999999983E+00    0.890865610057944E-01    0.376518963959751E-04    0.762921027704750E-01    0.917957557830759E-01
    0.300999999999983E+00    0.891139414146282E-01    0.376932320179304E-04    0.763147746636255E-01    0.918234886703009E-01
    0.301099999999983E+00    0.891413204298884E-01    0.377345991003686E-04    0.763374448758986E-01    0.918512199244224E-01
    0.301199999999983E+00    0.891686980516534E-01    0.377759976561369E-04    0.763601134073834E-01    0.918789495456212E-01
    0.301299999999983E+00    0.891960742800014E-01    0.378174276981064E-04    0.763827802581689E-01    0.919066775340781E-01
    0.301399999999983E+00    0.892234491150108E-01    0.378588892391301E-04    0.764054454283442E-01    0.919344038899738E-01
    0.301499999999983E+00    0.892508225567598E-01    0.379003822920718E-04    0.764281089179985E-01    0.919621286134889E-01
    0.301599999999983E+00    0.892781946053267E-01    0.379419068697753E-04    0.764507707272208E-01    0.919898517048041E-01
    0.301699999999983E+00    0.893055652607898E-01    0.379834629851082E-04    0.764734308561003E-01    0.920175731641001E-01
    0.301799999999983E+00    0.893329345232273E-01    0.380250506509138E-04    0.764960893047258E-01    0.920452929915575E-01
    0.301899999999983E+00    0.893603023927176E-01    0.380666698800612E-04    0.765187460731867E-01    0.920730111873568E-01
    0.301999999999983E+00    0.893876688693387E-01    0.381083206854019E-04    0.765414011615718E-01    0.921007277516786E-01
    0.302099999999983E+00    0.894150339531691E-01    0.381500030797891E-04    0.765640545699702E-01    0.921284426847035E-01
    0.302199999999983E+00    0.894423976442870E-01    0.381917170760837E-04    0.765867062984710E-01    0.921561559866118E-01
    0.302299999999983E+00    0.894697599427705E-01    0.382334626871329E-04    0.766093563471632E-01    0.921838676575842E-01
    0.302399999999983E+00    0.894971208486980E-01    0.382752399257939E-04    0.766320047161357E-01    0.922115776978009E-01
    0.302499999999983E+00    0.895244803621476E-01    0.383170488049239E-04    0.766546514054777E-01    0.922392861074425E-01
    0.302599999999983E+00    0.895518384831975E-01    0.383588893373689E-04    0.766772964152781E-01    0.922669928866893E-01
    0.302699999999983E+00    0.895791952119261E-01    0.384007615359943E-04    0.766999397456259E-01    0.922946980357217E-01
    0.302799999999983E+00    0.896065505484115E-01    0.384426654136504E-04    0.767225813966101E-01    0.923224015547200E-01
    0.302899999999983E+00    0.896339044927318E-01    0.384846009831905E-04    0.767452213683197E-01    0.923501034438646E-01
    0.302999999999983E+00    0.896612570449654E-01    0.385265682574699E-04    0.767678596608436E-01    0.923778037033357E-01
    0.303099999999983E+00    0.896886082051903E-01    0.385685672493328E-04    0.767904962742708E-01    0.924055023333134E-01
    0.303199999999983E+00    0.897159579734848E-01    0.386105979716438E-04    0.768131312086902E-01    0.924331993339782E-01
    0.303299999999983E+00    0.897433063499271E-01    0.386526604372511E-04    0.768357644641909E-01    0.924608947055102E-01
    0.303399999999983E+00    0.897706533345953E-01    0.386947546590088E-04    0.768583960408616E-01    0.924885884480895E-01
    0.303499999999983E+00    0.897979989275677E-01    0.387368806497675E-04    0.768810259387915E-01    0.925162805618962E-01
    0.303599999999983E+00    0.898253431289223E-01    0.387790384223727E-04    0.769036541580693E-01    0.925439710471106E-01
    0.303699999999983E+00    0.898526859387373E-01    0.388212279896825E-04    0.769262806987840E-01    0.925716599039127E-01
    0.303799999999983E+00    0.898800273570910E-01    0.388634493645599E-04    0.769489055610245E-01    0.925993471324824E-01
    0.303899999999983E+00    0.899073673840614E-01    0.389057025598340E-04    0.769715287448798E-01    0.926270327330000E-01
    0.303999999999983E+00    0.899347060197266E-01    0.389479875883593E-04    0.769941502504386E-01    0.926547167056454E-01
    0.304099999999983E+00    0.899620432641649E-01    0.389903044630027E-04    0.770167700777899E-01    0.926823990505985E-01
    0.304199999999983E+00    0.899893791174544E-01    0.390326531966000E-04    0.770393882270225E-01    0.927100797680393E-01
    0.304299999999983E+00    0.900167135796731E-01    0.390750338020079E-04    0.770620046982253E-01    0.927377588581477E-01
    0.304399999999983E+00    0.900440466508992E-01    0.391174462920689E-04    0.770846194914872E-01    0.927654363211037E-01
    0.304499999999983E+00    0.900713783312109E-01    0.391598906796403E-04    0.771072326068970E-01    0.927931121570871E-01
    0.304599999999983E+00    0.900987086206862E-01    0.392023669775584E-04    0.771298440445435E-01    0.928207863662777E-01
    0.304699999999983E+00    0.901260375194032E-01    0.392448751986984E-04    0.771524538045156E-01    0.928484589488554E-01
    0.304799999999983E+00    0.901533650274400E-01    0.392874153558774E-04    0.771750618869022E-01    0.928761299049999E-01
    0.304899999999983E+00    0.901806911448748E-01    0.393299874619617E-04    0.771976682917919E-01    0.929037992348910E-01
    0.304999999999983E+00    0.902080158717856E-01    0.393725915298041E-04    0.772202730192737E-01    0.929314669387084E-01
    0.305099999999983E+00    0.902353392082505E-01    0.394152275722405E-04    0.772428760694363E-01    0.929591330166319E-01
    0.305199999999983E+00    0.902626611543476E-01    0.394578956021331E-04    0.772654774423685E-01    0.929867974688411E-01
    0.305299999999983E+00    0.902899817101549E-01    0.395005956323085E-04    0.772880771381591E-01    0.930144602955156E-01
    0.305399999999983E+00    0.903173008757506E-01    0.395433276756275E-04    0.773106751568969E-01    0.930421214968352E-01
    0.305499999999983E+00    0.903446186512126E-01    0.395860917449365E-04    0.773332714986707E-01    0.930697810729793E-01
    0.305599999999983E+00    0.903719350366190E-01    0.396288878530751E-04    0.773558661635691E-01    0.930974390241276E-01
    0.305699999999983E+00    0.903992500320479E-01    0.396717160129007E-04    0.773784591516810E-01    0.931250953504596E-01
    0.305799999999983E+00    0.904265636375774E-01    0.397145762372525E-04    0.774010504630951E-01    0.931527500521548E-01
    0.305899999999983E+00    0.904538758532854E-01    0.397574685389741E-04    0.774236400979002E-01    0.931804031293927E-01
    0.305999999999983E+00    0.904811866792500E-01    0.398003929309244E-04    0.774462280561849E-01    0.932080545823527E-01
    0.306099999999983E+00    0.905084961155492E-01    0.398433494259283E-04    0.774688143380380E-01    0.932357044112144E-01
    0.306199999999983E+00    0.905358041622610E-01    0.398863380368427E-04    0.774913989435481E-01    0.932633526161570E-01
    0.306299999999983E+00    0.905631108194635E-01    0.399293587765096E-04    0.775139818728041E-01    0.932909991973601E-01
    0.306399999999983E+00    0.905904160872347E-01    0.399724116577711E-04    0.775365631258945E-01    0.933186441550029E-01
    0.306499999999983E+00    0.906177199656525E-01    0.400154966934776E-04    0.775591427029081E-01    0.933462874892647E-01
    0.306599999999983E+00    0.906450224547950E-01    0.400586138964618E-04    0.775817206039336E-01    0.933739292003249E-01
    0.306699999999983E+00    0.906723235547402E-01    0.401017632795773E-04    0.776042968290596E-01    0.934015692883627E-01
    0.306799999999983E+00    0.906996232655660E-01    0.401449448556591E-04    0.776268713783748E-01    0.934292077535573E-01
    0.306899999999983E+00    0.907269215873505E-01    0.401881586375531E-04    0.776494442519678E-01    0.934568445960881E-01
    0.306999999999983E+00    0.907542185201715E-01    0.402314046381095E-04    0.776720154499273E-01    0.934844798161341E-01
    0.307099999999982E+00    0.907815140641072E-01    0.402746828701581E-04    0.776945849723420E-01    0.935121134138745E-01
    0.307199999999982E+00    0.908088082192354E-01    0.403179933465458E-04    0.777171528193003E-01    0.935397453894886E-01
    0.307299999999982E+00    0.908361009856341E-01    0.403613360801153E-04    0.777397189908911E-01    0.935673757431553E-01
    0.307399999999982E+00    0.908633923633813E-01    0.404047110837110E-04    0.777622834872028E-01    0.935950044750537E-01
    0.307499999999982E+00    0.908906823525549E-01    0.404481183701705E-04    0.777848463083242E-01    0.936226315853630E-01
    0.307599999999982E+00    0.909179709532328E-01    0.404915579523268E-04    0.778074074543437E-01    0.936502570742620E-01
    0.307699999999982E+00    0.909452581654931E-01    0.405350298430334E-04    0.778299669253501E-01    0.936778809419300E-01
    0.307799999999982E+00    0.909725439894136E-01    0.405785340551198E-04    0.778525247214318E-01    0.937055031885457E-01
    0.307899999999982E+00    0.909998284250719E-01    0.406220706014289E-04    0.778750808426774E-01    0.937331238142881E-01
    0.307999999999982E+00    0.910271114725466E-01    0.406656394947992E-04    0.778976352891756E-01    0.937607428193362E-01
    0.308099999999982E+00    0.910543931319153E-01    0.407092407480723E-04    0.779201880610148E-01    0.937883602038690E-01
    0.308199999999982E+00    0.910816734032559E-01    0.407528743740897E-04    0.779427391582836E-01    0.938159759680650E-01
    0.308299999999982E+00    0.911089522866463E-01    0.407965403856897E-04    0.779652885810706E-01    0.938435901121034E-01
    0.308399999999982E+00    0.911362297821645E-01    0.408402387957130E-04    0.779878363294642E-01    0.938712026361628E-01
    0.308499999999982E+00    0.911635058898882E-01    0.408839696169819E-04    0.780103824035531E-01    0.938988135404221E-01
    0.308599999999982E+00    0.911907806098954E-01    0.409277328623444E-04    0.780329268034257E-01    0.939264228250599E-01
    0.308699999999982E+00    0.912180539422640E-01    0.409715285446398E-04    0.780554695291705E-01    0.939540304902551E-01
    0.308799999999982E+00    0.912453258870718E-01    0.410153566766912E-04    0.780780105808761E-01    0.939816365361863E-01
    0.308899999999982E+00    0.912725964443968E-01    0.410592172713557E-04    0.781005499586309E-01    0.940092409630322E-01
    0.308999999999982E+00    0.912998656143167E-01    0.411031103414607E-04    0.781230876625234E-01    0.940368437709715E-01
    0.309099999999982E+00    0.913271333969095E-01    0.411470358998332E-04    0.781456236926422E-01    0.940644449601827E-01
    0.309199999999982E+00    0.913543997922530E-01    0.411909939593238E-04    0.781681580490756E-01    0.940920445308445E-01
    0.309299999999982E+00    0.913816648004251E-01    0.412349845327573E-04    0.781906907319121E-01    0.941196424831353E-01
    0.309399999999982E+00    0.914089284215035E-01    0.412790076329717E-04    0.782132217412402E-01    0.941472388172339E-01
    0.309499999999982E+00    0.914361906555662E-01    0.413230632727934E-04    0.782357510771483E-01    0.941748335333186E-01
    0.309599999999982E+00    0.914634515026910E-01    0.413671514650781E-04    0.782582787397248E-01    0.942024266315679E-01
    0.309699999999982E+00    0.914907109629557E-01    0.414112722226409E-04    0.782808047290583E-01    0.942300181121604E-01
    0.309799999999982E+00    0.915179690364381E-01    0.414554255583121E-04    0.783033290452371E-01    0.942576079752744E-01
    0.309899999999982E+00    0.915452257232160E-01    0.414996114849433E-04    0.783258516883496E-01    0.942851962210884E-01
    0.309999999999982E+00    0.915724810233672E-01    0.415438300153598E-04    0.783483726584842E-01    0.943127828497806E-01
    0.310099999999982E+00    0.915997349369696E-01    0.415880811623798E-04    0.783708919557294E-01    0.943403678615295E-01
    0.310199999999982E+00    0.916269874641010E-01    0.416323649388507E-04    0.783934095801734E-01    0.943679512565135E-01
    0.310299999999982E+00    0.916542386048391E-01    0.416766813575937E-04    0.784159255319048E-01    0.943955330349106E-01
    0.310399999999982E+00    0.916814883592617E-01    0.417210304314533E-04    0.784384398110118E-01    0.944231131968994E-01
    0.310499999999982E+00    0.917087367274467E-01    0.417654121732545E-04    0.784609524175828E-01    0.944506917426579E-01
    0.310599999999982E+00    0.917359837094717E-01    0.418098265958219E-04    0.784834633517063E-01    0.944782686723643E-01
    0.310699999999982E+00    0.917632293054147E-01    0.418542737119959E-04    0.785059726134704E-01    0.945058439861970E-01
    0.310799999999982E+00    0.917904735153532E-01    0.418987535345977E-04    0.785284802029637E-01    0.945334176843340E-01
    0.310899999999982E+00    0.918177163393652E-01    0.419432660764655E-04    0.785509861202743E-01    0.945609897669536E-01
    0.310999999999982E+00    0.918449577775283E-01    0.419878113504259E-04    0.785734903654907E-01    0.945885602342336E-01
    0.311099999999982E+00    0.918721978299203E-01    0.420323893693028E-04    0.785959929387011E-01    0.946161290863524E-01
    0.311199999999982E+00    0.918994364966189E-01    0.420770001459251E-04    0.786184938399939E-01    0.946436963234878E-01
    0.311299999999982E+00    0.919266737777019E-01    0.421216436931311E-04    0.786409930694574E-01    0.946712619458180E-01
    0.311399999999982E+00    0.919539096732471E-01    0.421663200237384E-04    0.786634906271797E-01    0.946988259535208E-01
    0.311499999999982E+00    0.919811441833320E-01    0.422110291505820E-04    0.786859865132493E-01    0.947263883467744E-01
    0.311599999999982E+00    0.920083773080346E-01    0.422557710864829E-04    0.787084807277545E-01    0.947539491257567E-01
    0.311699999999982E+00    0.920356090474324E-01    0.423005458442725E-04    0.787309732707834E-01    0.947815082906454E-01
    0.311799999999982E+00    0.920628394016033E-01    0.423453534367721E-04    0.787534641424243E-01    0.948090658416186E-01
    0.311899999999982E+00    0.920900683706248E-01    0.423901938768024E-04    0.787759533427655E-01    0.948366217788542E-01
    0.311999999999982E+00    0.921172959545748E-01    0.424350671771991E-04    0.787984408718953E-01    0.948641761025298E-01
    0.312099999999982E+00    0.921445221535308E-01    0.424799733507913E-04    0.788209267299018E-01    0.948917288128234E-01
    0.312199999999982E+00    0.921717469675706E-01    0.425249124103864E-04    0.788434109168733E-01    0.949192799099128E-01
    0.312299999999982E+00    0.921989703967719E-01    0.425698843688274E-04    0.788658934328980E-01    0.949468293939756E-01
    0.312399999999982E+00    0.922261924412123E-01    0.426148892389340E-04    0.788883742780642E-01    0.949743772651896E-01
    0.312499999999982E+00    0.922534131009695E-01    0.426599270335298E-04    0.789108534524600E-01    0.950019235237325E-01
    0.312599999999982E+00    0.922806323761213E-01    0.427049977654338E-04    0.789333309561736E-01    0.950294681697820E-01
    0.312699999999982E+00    0.923078502667452E-01    0.427501014474572E-04    0.789558067892932E-01    0.950570112035157E-01
    0.312799999999982E+00    0.923350667729188E-01    0.427952380924465E-04    0.789782809519070E-01    0.950845526251113E-01
    0.312899999999982E+00    0.923622818947199E-01    0.428404077132111E-04    0.790007534441032E-01    0.951120924347462E-01
    0.312999999999982E+00    0.923894956322262E-01    0.428856103225746E-04    0.790232242659699E-01    0.951396306325982E-01
    0.313099999999982E+00    0.924167079855152E-01    0.429308459333627E-04    0.790456934175953E-01    0.951671672188447E-01
    0.313199999999982E+00    0.924439189546645E-01    0.429761145583875E-04    0.790681608990675E-01    0.951947021936633E-01
    0.313299999999982E+00    0.924711285397518E-01    0.430214162104806E-04    0.790906267104747E-01    0.952222355572314E-01
    0.313399999999982E+00    0.924983367408548E-01    0.430667509024642E-04    0.791130908519050E-01    0.952497673097265E-01
    0.313499999999982E+00    0.925255435580510E-01    0.431121186471432E-04    0.791355533234465E-01    0.952772974513260E-01
    0.313599999999982E+00    0.925527489914181E-01    0.431575194573468E-04    0.791580141251874E-01    0.953048259822073E-01
    0.313699999999982E+00    0.925799530410336E-01    0.432029533458923E-04    0.791804732572157E-01    0.953323529025478E-01
    0.313799999999982E+00    0.926071557069752E-01    0.432484203256032E-04    0.792029307196196E-01    0.953598782125249E-01
    0.313899999999982E+00    0.926343569893204E-01    0.432939204092859E-04    0.792253865124871E-01    0.953874019123158E-01
    0.313999999999982E+00    0.926615568881468E-01    0.433394536097664E-04    0.792478406359063E-01    0.954149240020979E-01
    0.314099999999982E+00    0.926887554035321E-01    0.433850199398652E-04    0.792702930899654E-01    0.954424444820484E-01
    0.314199999999982E+00    0.927159525355538E-01    0.434306194124059E-04    0.792927438747523E-01    0.954699633523445E-01
    0.314299999999982E+00    0.927431482842895E-01    0.434762520401851E-04    0.793151929903551E-01    0.954974806131636E-01
    0.314399999999982E+00    0.927703426498167E-01    0.435219178360291E-04    0.793376404368619E-01    0.955249962646827E-01
    0.314499999999982E+00    0.927975356322130E-01    0.435676168127566E-04    0.793600862143607E-01    0.955525103070791E-01
    0.314599999999982E+00    0.928247272315560E-01    0.436133489831815E-04    0.793825303229396E-01    0.955800227405298E-01
    0.314699999999982E+00    0.928519174479232E-01    0.436591143601201E-04    0.794049727626865E-01    0.956075335652120E-01
    0.314799999999982E+00    0.928791062813922E-01    0.437049129563855E-04    0.794274135336896E-01    0.956350427813028E-01
    0.314899999999982E+00    0.929062937320405E-01    0.437507447847904E-04    0.794498526360368E-01    0.956625503889791E-01
    0.314999999999982E+00    0.929334797999456E-01    0.437966098581512E-04    0.794722900698161E-01    0.956900563884181E-01
    0.315099999999982E+00    0.929606644851851E-01    0.438425081892772E-04    0.794947258351155E-01    0.957175607797967E-01
    0.315199999999982E+00    0.929878477878364E-01    0.438884397909917E-04    0.795171599320230E-01    0.957450635632919E-01
    0.315299999999982E+00    0.930150297079772E-01    0.439344046760968E-04    0.795395923606266E-01    0.957725647390806E-01
    0.315399999999982E+00    0.930422102456849E-01    0.439804028574153E-04    0.795620231210142E-01    0.958000643073399E-01
    0.315499999999982E+00    0.930693894010370E-01    0.440264343477523E-04    0.795844522132739E-01    0.958275622682464E-01
    0.315599999999982E+00    0.930965671741111E-01    0.440724991599076E-04    0.796068796374935E-01    0.958550586219772E-01
    0.315699999999982E+00    0.931237435649845E-01    0.441185973067135E-04    0.796293053937611E-01    0.958825533687091E-01
    0.315799999999982E+00    0.931509185737349E-01    0.441647288009672E-04    0.796517294821645E-01    0.959100465086188E-01
    0.315899999999982E+00    0.931780922004397E-01    0.442108936554865E-04    0.796741519027916E-01    0.959375380418831E-01
    0.315999999999982E+00    0.932052644451763E-01    0.442570918830767E-04    0.796965726557305E-01    0.959650279686789E-01
    0.316099999999982E+00    0.932324353080223E-01    0.443033234965588E-04    0.797189917410691E-01    0.959925162891828E-01
    0.316199999999981E+00    0.932596047890551E-01    0.443495885087201E-04    0.797414091588951E-01    0.960200030035715E-01
    0.316299999999981E+00    0.932867728883522E-01    0.443958869323807E-04    0.797638249092966E-01    0.960474881120218E-01
    0.316399999999981E+00    0.933139396059911E-01    0.444422187803509E-04    0.797862389923614E-01    0.960749716147102E-01
    0.316499999999981E+00    0.933411049420491E-01    0.444885840654363E-04    0.798086514081775E-01    0.961024535118134E-01
    0.316599999999981E+00    0.933682688966038E-01    0.445349828004399E-04    0.798310621568326E-01    0.961299338035081E-01
    0.316699999999981E+00    0.933954314697326E-01    0.445814149981835E-04    0.798534712384146E-01    0.961574124899706E-01
    0.316799999999981E+00    0.934225926615128E-01    0.446278806714550E-04    0.798758786530115E-01    0.961848895713777E-01
    0.316899999999981E+00    0.934497524720220E-01    0.446743798330615E-04    0.798982844007110E-01    0.962123650479057E-01
    0.316999999999981E+00    0.934769109013376E-01    0.447209124958119E-04    0.799206884816010E-01    0.962398389197313E-01
    0.317099999999981E+00    0.935040679495370E-01    0.447674786725169E-04    0.799430908957694E-01    0.962673111870308E-01
    0.317199999999981E+00    0.935312236166975E-01    0.448140783759836E-04    0.799654916433039E-01    0.962947818499807E-01
    0.317299999999981E+00    0.935583779028967E-01    0.448607116190189E-04    0.799878907242925E-01    0.963222509087574E-01
    0.317399999999981E+00    0.935855308082119E-01    0.449073784144143E-04    0.800102881388228E-01    0.963497183635373E-01
    0.317499999999981E+00    0.936126823327205E-01    0.449540787749755E-04    0.800326838869827E-01    0.963771842144968E-01
    0.317599999999981E+00    0.936398324764998E-01    0.450008127135043E-04    0.800550779688600E-01    0.964046484618121E-01
    0.317699999999981E+00    0.936669812396274E-01    0.450475802428039E-04    0.800774703845425E-01    0.964321111056596E-01
    0.317799999999981E+00    0.936941286221805E-01    0.450943813756799E-04    0.800998611341180E-01    0.964595721462155E-01
    0.317899999999981E+00    0.937212746242366E-01    0.451412161249314E-04    0.801222502176742E-01    0.964870315836561E-01
    0.317999999999981E+00    0.937484192458730E-01    0.451880845033553E-04    0.801446376352989E-01    0.965144894181576E-01
    0.318099999999981E+00    0.937755624871670E-01    0.452349865237529E-04    0.801670233870798E-01    0.965419456498962E-01
    0.318199999999981E+00    0.938027043481961E-01    0.452819221989270E-04    0.801894074731048E-01    0.965694002790481E-01
    0.318299999999981E+00    0.938298448290375E-01    0.453288915416851E-04    0.802117898934615E-01    0.965968533057893E-01
    0.318399999999981E+00    0.938569839297687E-01    0.453758945648255E-04    0.802341706482376E-01    0.966243047302961E-01
    0.318499999999981E+00    0.938841216504669E-01    0.454229312811392E-04    0.802565497375210E-01    0.966517545527445E-01
    0.318599999999981E+00    0.939112579912095E-01    0.454700017034243E-04    0.802789271613993E-01    0.966792027733106E-01
    0.318699999999981E+00    0.939383929520739E-01    0.455171058444867E-04    0.803013029199602E-01    0.967066493921703E-01
    0.318799999999981E+00    0.939655265331373E-01    0.455642437171079E-04    0.803236770132914E-01    0.967340944094998E-01
    0.318899999999981E+00    0.939926587344772E-01    0.456114153340997E-04    0.803460494414806E-01    0.967615378254749E-01
    0.318999999999981E+00    0.940197895561707E-01    0.456586207082540E-04    0.803684202046155E-01    0.967889796402717E-01
    0.319099999999981E+00    0.940469189982952E-01    0.457058598523669E-04    0.803907893027838E-01    0.968164198540661E-01
    0.319199999999981E+00    0.940740470609280E-01    0.457531327792280E-04    0.804131567360731E-01    0.968438584670339E-01
    0.319299999999981E+00    0.941011737441465E-01    0.458004395016437E-04    0.804355225045712E-01    0.968712954793510E-01
    0.319399999999981E+00    0.941282990480278E-01    0.458477800324039E-04    0.804578866083655E-01    0.968987308911933E-01
    0.319499999999981E+00    0.941554229726493E-01    0.458951543842975E-04    0.804802490475439E-01    0.969261647027366E-01
    0.319599999999981E+00    0.941825455180882E-01    0.459425625701328E-04    0.805026098221939E-01    0.969535969141566E-01
    0.319699999999981E+00    0.942096666844219E-01    0.459900046026820E-04    0.805249689324031E-01    0.969810275256293E-01
    0.319799999999981E+00    0.942367864717277E-01    0.460374804947523E-04    0.805473263782592E-01    0.970084565373302E-01
    0.319899999999981E+00    0.942639048800826E-01    0.460849902591380E-04    0.805696821598499E-01    0.970358839494351E-01
    0.319999999999981E+00    0.942910219095641E-01    0.461325339086117E-04    0.805920362772626E-01    0.970633097621197E-01
    0.320099999999981E+00    0.943181375602494E-01    0.461801114559944E-04    0.806143887305849E-01    0.970907339755596E-01
    0.320199999999981E+00    0.943452518322158E-01    0.462277229140642E-04    0.806367395199046E-01    0.971181565899305E-01
    0.320299999999981E+00    0.943723647255404E-01    0.462753682956016E-04    0.806590886453091E-01    0.971455776054079E-01
    0.320399999999981E+00    0.943994762403005E-01    0.463230476133966E-04    0.806814361068861E-01    0.971729970221675E-01
    0.320499999999981E+00    0.944265863765734E-01    0.463707608802425E-04    0.807037819047230E-01    0.972004148403849E-01
    0.320599999999981E+00    0.944536951344362E-01    0.464185081089411E-04    0.807261260389075E-01    0.972278310602354E-01
    0.320699999999981E+00    0.944808025139662E-01    0.464662893122646E-04    0.807484685095271E-01    0.972552456818947E-01
    0.320799999999981E+00    0.945079085152406E-01    0.465141045030083E-04    0.807708093166693E-01    0.972826587055381E-01
    0.320899999999981E+00    0.945350131383367E-01    0.465619536939625E-04    0.807931484604217E-01    0.973100701313413E-01
    0.320999999999981E+00    0.945621163833315E-01    0.466098368979070E-04    0.808154859408718E-01    0.973374799594794E-01
    0.321099999999981E+00    0.945892182503024E-01    0.466577541276355E-04    0.808378217581071E-01    0.973648881901280E-01
    0.321199999999981E+00    0.946163187393265E-01    0.467057053959171E-04    0.808601559122151E-01    0.973922948234624E-01
    0.321299999999981E+00    0.946434178504810E-01    0.467536907155511E-04    0.808824884032833E-01    0.974196998596580E-01
    0.321399999999981E+00    0.946705155838431E-01    0.468017100993247E-04    0.809048192313992E-01    0.974471032988900E-01
    0.321499999999981E+00    0.946976119394899E-01    0.468497635600246E-04    0.809271483966503E-01    0.974745051413338E-01
    0.321599999999981E+00    0.947247069174987E-01    0.468978511104265E-04    0.809494758991241E-01    0.975019053871646E-01
    0.321699999999981E+00    0.947518005179465E-01    0.469459727633190E-04    0.809718017389081E-01    0.975293040365576E-01
    0.321799999999981E+00    0.947788927409106E-01    0.469941285314704E-04    0.809941259160896E-01    0.975567010896880E-01
    0.321899999999981E+00    0.948059835864682E-01    0.470423184276903E-04    0.810164484307562E-01    0.975840965467311E-01
    0.321999999999981E+00    0.948330730546962E-01    0.470905424647422E-04    0.810387692829953E-01    0.976114904078619E-01
    0.322099999999981E+00    0.948601611456720E-01    0.471388006554121E-04    0.810610884728944E-01    0.976388826732556E-01
    0.322199999999981E+00    0.948872478594726E-01    0.471870930124729E-04    0.810834060005408E-01    0.976662733430872E-01
    0.322299999999981E+00    0.949143331961752E-01    0.472354195487152E-04    0.811057218660219E-01    0.976936624175319E-01
    0.322399999999981E+00    0.949414171558568E-01    0.472837802769100E-04    0.811280360694253E-01    0.977210498967647E-01
    0.322499999999981E+00    0.949684997385947E-01    0.473321752098535E-04    0.811503486108383E-01    0.977484357809607E-01
    0.322599999999981E+00    0.949955809444660E-01    0.473806043603101E-04    0.811726594903483E-01    0.977758200702947E-01
    0.322699999999981E+00    0.950226607735476E-01    0.474290677410582E-04    0.811949687080426E-01    0.978032027649417E-01
    0.322799999999981E+00    0.950497392259169E-01    0.474775653648826E-04    0.812172762640088E-01    0.978305838650768E-01
    0.322899999999981E+00    0.950768163016508E-01    0.475260972445632E-04    0.812395821583340E-01    0.978579633708748E-01
    0.322999999999981E+00    0.951038920008264E-01    0.475746633928613E-04    0.812618863911058E-01    0.978853412825106E-01
    0.323099999999981E+00    0.951309663235209E-01    0.476232638225622E-04    0.812841889624115E-01    0.979127176001591E-01
    0.323199999999981E+00    0.951580392698113E-01    0.476718985464520E-04    0.813064898723384E-01    0.979400923239950E-01
    0.323299999999981E+00    0.951851108397746E-01    0.477205675772860E-04    0.813287891209738E-01    0.979674654541932E-01
    0.323399999999981E+00    0.952121810334881E-01    0.477692709278641E-04    0.813510867084051E-01    0.979948369909285E-01
    0.323499999999981E+00    0.952392498510286E-01    0.478180086109378E-04    0.813733826347196E-01    0.980222069343756E-01
    0.323599999999981E+00    0.952663172924734E-01    0.478667806392937E-04    0.813956769000047E-01    0.980495752847092E-01
    0.323699999999981E+00    0.952933833578995E-01    0.479155870257008E-04    0.814179695043476E-01    0.980769420421040E-01
    0.323799999999981E+00    0.953204480473838E-01    0.479644277829222E-04    0.814402604478356E-01    0.981043072067348E-01
    0.323899999999981E+00    0.953475113610035E-01    0.480133029237437E-04    0.814625497305561E-01    0.981316707787761E-01
    0.323999999999981E+00    0.953745732988356E-01    0.480622124609343E-04    0.814848373525963E-01    0.981590327584026E-01
    0.324099999999981E+00    0.954016338609570E-01    0.481111564072659E-04    0.815071233140435E-01    0.981863931457888E-01
    0.324199999999981E+00    0.954286930474450E-01    0.481601347755014E-04    0.815294076149849E-01    0.982137519411093E-01
    0.324299999999981E+00    0.954557508583764E-01    0.482091475784200E-04    0.815516902555079E-01    0.982411091445387E-01
    0.324399999999981E+00    0.954828072938283E-01    0.482581948287950E-04    0.815739712356997E-01    0.982684647562515E-01
    0.324499999999981E+00    0.955098623538777E-01    0.483072765393839E-04    0.815962505556476E-01    0.982958187764221E-01
    0.324599999999981E+00    0.955369160386016E-01    0.483563927229672E-04    0.816185282154387E-01    0.983231712052251E-01
    0.324699999999981E+00    0.955639683480770E-01    0.484055433922923E-04    0.816408042151603E-01    0.983505220428347E-01
    0.324799999999981E+00    0.955910192823809E-01    0.484547285601397E-04    0.816630785548996E-01    0.983778712894256E-01
    0.324899999999981E+00    0.956180688415903E-01    0.485039482392789E-04    0.816853512347438E-01    0.984052189451719E-01
    0.324999999999981E+00    0.956451170257822E-01    0.485532024424779E-04    0.817076222547802E-01    0.984325650102481E-01
    0.325099999999981E+00    0.956721638350335E-01    0.486024911824957E-04    0.817298916150959E-01    0.984599094848286E-01
    0.325199999999981E+00    0.956992092694210E-01    0.486518144720976E-04    0.817521593157782E-01    0.984872523690875E-01
    0.325299999999980E+00    0.957262533290222E-01    0.487011723240475E-04    0.817744253569142E-01    0.985145936631992E-01
    0.325399999999980E+00    0.957532960139137E-01    0.487505647511239E-04    0.817966897385911E-01    0.985419333673379E-01
    0.325499999999980E+00    0.957803373241725E-01    0.487999917660723E-04    0.818189524608960E-01    0.985692714816778E-01
    0.325599999999980E+00    0.958073772598757E-01    0.488494533816647E-04    0.818412135239161E-01    0.985966080063932E-01
    0.325699999999980E+00    0.958344158211000E-01    0.488989496106573E-04    0.818634729277386E-01    0.986239429416581E-01
    0.325799999999980E+00    0.958614530079225E-01    0.489484804658205E-04    0.818857306724507E-01    0.986512762876468E-01
    0.325899999999980E+00    0.958884888204200E-01    0.489980459599150E-04    0.819079867581394E-01    0.986786080445333E-01
    0.325999999999980E+00    0.959155232586697E-01    0.490476461056849E-04    0.819302411848918E-01    0.987059382124917E-01
    0.326099999999980E+00    0.959425563227482E-01    0.490972809159131E-04    0.819524939527951E-01    0.987332667916961E-01
    0.326199999999980E+00    0.959695880127326E-01    0.491469504033548E-04    0.819747450619365E-01    0.987605937823206E-01
    0.326299999999980E+00    0.959966183286998E-01    0.491966545807569E-04    0.819969945124029E-01    0.987879191845390E-01
    0.326399999999980E+00    0.960236472707266E-01    0.492463934608868E-04    0.820192423042816E-01    0.988152429985255E-01
    0.326499999999980E+00    0.960506748388901E-01    0.492961670564993E-04    0.820414884376595E-01    0.988425652244539E-01
    0.326599999999980E+00    0.960777010332670E-01    0.493459753803550E-04    0.820637329126238E-01    0.988698858624982E-01
    0.326699999999980E+00    0.961047258539343E-01    0.493958184452148E-04    0.820859757292616E-01    0.988972049128323E-01
    0.326799999999980E+00    0.961317493009689E-01    0.494456962638241E-04    0.821082168876598E-01    0.989245223756300E-01
    0.326899999999980E+00    0.961587713744476E-01    0.494956088489450E-04    0.821304563879056E-01    0.989518382510652E-01
    0.326999999999980E+00    0.961857920744473E-01    0.495455562133344E-04    0.821526942300860E-01    0.989791525393118E-01
    0.327099999999980E+00    0.962128114010449E-01    0.495955383697436E-04    0.821749304142881E-01    0.990064652405435E-01
    0.327199999999980E+00    0.962398293543173E-01    0.496455553309231E-04    0.821971649405988E-01    0.990337763549340E-01
    0.327299999999980E+00    0.962668459343412E-01    0.496956071096297E-04    0.822193978091052E-01    0.990610858826572E-01
    0.327399999999980E+00    0.962938611411937E-01    0.497456937186202E-04    0.822416290198944E-01    0.990883938238867E-01
    0.327499999999980E+00    0.963208749749514E-01    0.497958151706436E-04    0.822638585730533E-01    0.991157001787962E-01
    0.327599999999980E+00    0.963478874356913E-01    0.498459714784515E-04    0.822860864686689E-01    0.991430049475594E-01
    0.327699999999980E+00    0.963748985234901E-01    0.498961626548055E-04    0.823083127068283E-01    0.991703081303499E-01
    0.327799999999980E+00    0.964019082384248E-01    0.499463887124408E-04    0.823305372876183E-01    0.991976097273414E-01
    0.327899999999980E+00    0.964289165805722E-01    0.499966496641170E-04    0.823527602111261E-01    0.992249097387073E-01
    0.327999999999980E+00    0.964559235500090E-01    0.500469455225859E-04    0.823749814774385E-01    0.992522081646214E-01
    0.328099999999980E+00    0.964829291468121E-01    0.500972763005911E-04    0.823972010866425E-01    0.992795050052570E-01
    0.328199999999980E+00    0.965099333710582E-01    0.501476420108754E-04    0.824194190388250E-01    0.993068002607877E-01
    0.328299999999980E+00    0.965369362228243E-01    0.501980426661864E-04    0.824416353340731E-01    0.993340939313870E-01
    0.328399999999980E+00    0.965639377021870E-01    0.502484782792768E-04    0.824638499724737E-01    0.993613860172283E-01
    0.328499999999980E+00    0.965909378092232E-01    0.502989488629046E-04    0.824860629541136E-01    0.993886765184850E-01
    0.328599999999980E+00    0.966179365440098E-01    0.503494544297946E-04    0.825082742790798E-01    0.994159654353306E-01
    0.328699999999980E+00    0.966449339066233E-01    0.503999949927058E-04    0.825304839474592E-01    0.994432527679384E-01
    0.328799999999980E+00    0.966719298971407E-01    0.504505705643762E-04    0.825526919593387E-01    0.994705385164817E-01
    0.328899999999980E+00    0.966989245156387E-01    0.505011811575544E-04    0.825748983148052E-01    0.994978226811339E-01
    0.328999999999980E+00    0.967259177621940E-01    0.505518267849815E-04    0.825971030139457E-01    0.995251052620683E-01
    0.329099999999980E+00    0.967529096368835E-01    0.506025074594048E-04    0.826193060568470E-01    0.995523862594581E-01
    0.329199999999980E+00    0.967799001397838E-01    0.506532231935557E-04    0.826415074435959E-01    0.995796656734765E-01
    0.329299999999980E+00    0.968068892709718E-01    0.507039740001880E-04    0.826637071742793E-01    0.996069435042968E-01
    0.329399999999980E+00    0.968338770305242E-01    0.507547598920380E-04    0.826859052489841E-01    0.996342197520922E-01
    0.329499999999980E+00    0.968608634185176E-01    0.508055808818463E-04    0.827081016677972E-01    0.996614944170358E-01
    0.329599999999980E+00    0.968878484350289E-01    0.508564369823554E-04    0.827302964308053E-01    0.996887674993007E-01
    0.329699999999980E+00    0.969148320801348E-01    0.509073282063037E-04    0.827524895380954E-01    0.997160389990600E-01
    0.329799999999980E+00    0.969418143539119E-01    0.509582545664304E-04    0.827746809897542E-01    0.997433089164870E-01
    0.329899999999980E+00    0.969687952564371E-01    0.510092160754781E-04    0.827968707858685E-01    0.997705772517545E-01
    0.329999999999980E+00    0.969957747877870E-01    0.510602127461808E-04    0.828190589265253E-01    0.997978440050356E-01
    0.330099999999980E+00    0.970227529480383E-01    0.511112445912665E-04    0.828412454118112E-01    0.998251091765032E-01
    0.330199999999980E+00    0.970497297372677E-01    0.511623116234810E-04    0.828634302418131E-01    0.998523727663305E-01
    0.330299999999980E+00    0.970767051555520E-01    0.512134138555635E-04    0.828856134166177E-01    0.998796347746903E-01
    0.330399999999980E+00    0.971036792029678E-01    0.512645513002371E-04    0.829077949363119E-01    0.999068952017556E-01
    0.330499999999980E+00    0.971306518795917E-01    0.513157239702337E-04    0.829299748009823E-01    0.999341540476992E-01
    0.330599999999980E+00    0.971576231855006E-01    0.513669318783019E-04    0.829521530107159E-01    0.999614113126940E-01
    0.330699999999980E+00    0.971845931207709E-01    0.514181750371741E-04    0.829743295655992E-01    0.999886669969128E-01
    0.330799999999980E+00    0.972115616854795E-01    0.514694534595794E-04    0.829965044657192E-01    0.100015921100529E+00
    0.330899999999980E+00    0.972385288797029E-01    0.515207671582464E-04    0.830186777111624E-01    0.100043173623714E+00
    0.330999999999980E+00    0.972654947035179E-01    0.515721161459027E-04    0.830408493020157E-01    0.100070424566642E+00
    0.331099999999980E+00    0.972924591570010E-01    0.516235004352990E-04    0.830630192383658E-01    0.100097673929485E+00
    0.331199999999980E+00    0.973194222402290E-01    0.516749200391436E-04    0.830851875202994E-01    0.100124921712415E+00
    0.331299999999980E+00    0.973463839532784E-01    0.517263749701765E-04    0.831073541479031E-01    0.100152167915607E+00
    0.331399999999980E+00    0.973733442962259E-01    0.517778652411254E-04    0.831295191212637E-01    0.100179412539231E+00
    0.331499999999980E+00    0.974003032691482E-01    0.518293908647209E-04    0.831516824404679E-01    0.100206655583462E+00
    0.331599999999980E+00    0.974272608721218E-01    0.518809518536861E-04    0.831738441056025E-01    0.100233897048470E+00
    0.331699999999980E+00    0.974542171052234E-01    0.519325482207545E-04    0.831960041167539E-01    0.100261136934430E+00
    0.331799999999980E+00    0.974811719685295E-01    0.519841799786412E-04    0.832181624740090E-01    0.100288375241513E+00
    0.331899999999980E+00    0.975081254621169E-01    0.520358471400849E-04    0.832403191774543E-01    0.100315611969893E+00
    0.331999999999980E+00    0.975350775860620E-01    0.520875497178122E-04    0.832624742271766E-01    0.100342847119741E+00
    0.332099999999980E+00    0.975620283404415E-01    0.521392877245442E-04    0.832846276232625E-01    0.100370080691230E+00
    0.332199999999980E+00    0.975889777253320E-01    0.521910611729946E-04    0.833067793657985E-01    0.100397312684532E+00
    0.332299999999980E+00    0.976159257408101E-01    0.522428700758901E-04    0.833289294548715E-01    0.100424543099821E+00
    0.332399999999980E+00    0.976428723869523E-01    0.522947144459625E-04    0.833510778905679E-01    0.100451771937268E+00
    0.332499999999980E+00    0.976698176638352E-01    0.523465942959276E-04    0.833732246729743E-01    0.100478999197045E+00
    0.332599999999980E+00    0.976967615715354E-01    0.523985096385022E-04    0.833953698021775E-01    0.100506224879326E+00
    0.332699999999980E+00    0.977237041101294E-01    0.524504604864202E-04    0.834175132782639E-01    0.100533448984281E+00
    0.332799999999980E+00    0.977506452796938E-01    0.525024468523974E-04    0.834396551013202E-01    0.100560671512085E+00
    0.332899999999980E+00    0.977775850803052E-01    0.525544687491452E-04    0.834617952714330E-01    0.100587892462908E+00
    0.332999999999980E+00    0.978045235120401E-01    0.526065261893856E-04    0.834839337886888E-01    0.100615111836923E+00
    0.333099999999980E+00    0.978314605749751E-01    0.526586191858399E-04    0.835060706531742E-01    0.100642329634303E+00
    0.333199999999980E+00    0.978583962691866E-01    0.527107477512264E-04    0.835282058649758E-01    0.100669545855219E+00
    0.333299999999980E+00    0.978853305947512E-01    0.527629118982601E-04    0.835503394241801E-01    0.100696760499844E+00
    0.333399999999980E+00    0.979122635517455E-01    0.528151116396650E-04    0.835724713308736E-01    0.100723973568350E+00
    0.333499999999980E+00    0.979391951402459E-01    0.528673469881382E-04    0.835946015851429E-01    0.100751185060908E+00
    0.333599999999980E+00    0.979661253603290E-01    0.529196179564144E-04    0.836167301870745E-01    0.100778394977692E+00
    0.333699999999980E+00    0.979930542120713E-01    0.529719245571975E-04    0.836388571367549E-01    0.100805603318873E+00
    0.333799999999980E+00    0.980199816955493E-01    0.530242668031973E-04    0.836609824342707E-01    0.100832810084622E+00
    0.333899999999980E+00    0.980469078108395E-01    0.530766447071373E-04    0.836831060797084E-01    0.100860015275113E+00
    0.333999999999980E+00    0.980738325580183E-01    0.531290582817235E-04    0.837052280731544E-01    0.100887218890516E+00
    0.334099999999980E+00    0.981007559371623E-01    0.531815075396690E-04    0.837273484146952E-01    0.100914420931005E+00
    0.334199999999980E+00    0.981276779483480E-01    0.532339924936936E-04    0.837494671044173E-01    0.100941621396750E+00
    0.334299999999980E+00    0.981545985916518E-01    0.532865131564878E-04    0.837715841424072E-01    0.100968820287924E+00
    0.334399999999979E+00    0.981815178671502E-01    0.533390695407765E-04    0.837936995287514E-01    0.100996017604699E+00
    0.334499999999979E+00    0.982084357749196E-01    0.533916616592597E-04    0.838158132635363E-01    0.101023213347247E+00
    0.334599999999979E+00    0.982353523150365E-01    0.534442895246706E-04    0.838379253468483E-01    0.101050407515738E+00
    0.334699999999979E+00    0.982622674875774E-01    0.534969531496870E-04    0.838600357787739E-01    0.101077600110346E+00
    0.334799999999979E+00    0.982891812926188E-01    0.535496525470257E-04    0.838821445593996E-01    0.101104791131241E+00
    0.334899999999979E+00    0.983160937302369E-01    0.536023877293889E-04    0.839042516888117E-01    0.101131980578596E+00
    0.334999999999979E+00    0.983430048005084E-01    0.536551587094925E-04    0.839263571670967E-01    0.101159168452583E+00
    0.335099999999979E+00    0.983699145035097E-01    0.537079655000448E-04    0.839484609943410E-01    0.101186354753372E+00
    0.335199999999979E+00    0.983968228393171E-01    0.537608081137273E-04    0.839705631706309E-01    0.101213539481136E+00
    0.335299999999979E+00    0.984237298080070E-01    0.538136865632673E-04    0.839926636960530E-01    0.101240722636046E+00
    0.335399999999979E+00    0.984506354096560E-01    0.538666008613676E-04    0.840147625706934E-01    0.101267904218274E+00
    0.335499999999979E+00    0.984775396443404E-01    0.539195510207127E-04    0.840368597946388E-01    0.101295084227992E+00
    0.335599999999979E+00    0.985044425121366E-01    0.539725370540153E-04    0.840589553679753E-01    0.101322262665370E+00
    0.335699999999979E+00    0.985313440131210E-01    0.540255589739777E-04    0.840810492907894E-01    0.101349439530581E+00
    0.335799999999979E+00    0.985582441473701E-01    0.540786167932988E-04    0.841031415631675E-01    0.101376614823796E+00
    0.335899999999979E+00    0.985851429149601E-01    0.541317105246697E-04    0.841252321851958E-01    0.101403788545186E+00
    0.335999999999979E+00    0.986120403159675E-01    0.541848401808097E-04    0.841473211569607E-01    0.101430960694924E+00
    0.336099999999979E+00    0.986389363504687E-01    0.542380057744001E-04    0.841694084785486E-01    0.101458131273179E+00
    0.336199999999979E+00    0.986658310185400E-01    0.542912073181365E-04    0.841914941500458E-01    0.101485300280125E+00
    0.336299999999979E+00    0.986927243202578E-01    0.543444448247275E-04    0.842135781715385E-01    0.101512467715931E+00
    0.336399999999979E+00    0.987196162556985E-01    0.543977183068534E-04    0.842356605431131E-01    0.101539633580770E+00
    0.336499999999979E+00    0.987465068249384E-01    0.544510277772378E-04    0.842577412648559E-01    0.101566797874813E+00
    0.336599999999979E+00    0.987733960280538E-01    0.545043732485518E-04    0.842798203368533E-01    0.101593960598230E+00
    0.336699999999979E+00    0.988002838651212E-01    0.545577547334927E-04    0.843018977591913E-01    0.101621121751194E+00
    0.336799999999979E+00    0.988271703362169E-01    0.546111722447644E-04    0.843239735319564E-01    0.101648281333876E+00
    0.336899999999979E+00    0.988540554414171E-01    0.546646257950481E-04    0.843460476552349E-01    0.101675439346446E+00
    0.336999999999979E+00    0.988809391807982E-01    0.547181153970439E-04    0.843681201291129E-01    0.101702595789076E+00
    0.337099999999979E+00    0.989078215544366E-01    0.547716410634388E-04    0.843901909536767E-01    0.101729750661938E+00
    0.337199999999979E+00    0.989347025624086E-01    0.548252028069201E-04    0.844122601290126E-01    0.101756903965201E+00
    0.337299999999979E+00    0.989615822047905E-01    0.548788006401849E-04    0.844343276552068E-01    0.101784055699038E+00
    0.337399999999979E+00    0.989884604816585E-01    0.549324345759264E-04    0.844563935323455E-01    0.101811205863620E+00
    0.337499999999979E+00    0.990153373930890E-01    0.549861046268166E-04    0.844784577605150E-01    0.101838354459116E+00
    0.337599999999979E+00    0.990422129391583E-01    0.550398108055603E-04    0.845005203398014E-01    0.101865501485700E+00
    0.337699999999979E+00    0.990690871199427E-01    0.550935531248381E-04    0.845225812702911E-01    0.101892646943540E+00
    0.337799999999979E+00    0.990959599355184E-01    0.551473315973371E-04    0.845446405520701E-01    0.101919790832809E+00
    0.337899999999979E+00    0.991228313859618E-01    0.552011462357427E-04    0.845666981852247E-01    0.101946933153678E+00
    0.337999999999979E+00    0.991497014713491E-01    0.552549970527395E-04    0.845887541698410E-01    0.101974073906317E+00
    0.338099999999979E+00    0.991765701917565E-01    0.553088840610173E-04    0.846108085060053E-01    0.102001213090897E+00
    0.338199999999979E+00    0.992034375472605E-01    0.553628072732548E-04    0.846328611938036E-01    0.102028350707590E+00
    0.338299999999979E+00    0.992303035379371E-01    0.554167667021301E-04    0.846549122333222E-01    0.102055486756565E+00
    0.338399999999979E+00    0.992571681638627E-01    0.554707623603436E-04    0.846769616246472E-01    0.102082621237994E+00
    0.338499999999979E+00    0.992840314251135E-01    0.555247942605610E-04    0.846990093678647E-01    0.102109754152047E+00
    0.338599999999979E+00    0.993108933217657E-01    0.555788624154533E-04    0.847210554630609E-01    0.102136885498896E+00
    0.338699999999979E+00    0.993377538538956E-01    0.556329668377263E-04    0.847430999103219E-01    0.102164015278711E+00
    0.338799999999979E+00    0.993646130215795E-01    0.556871075400455E-04    0.847651427097339E-01    0.102191143491663E+00
    0.338899999999979E+00    0.993914708248935E-01    0.557412845350894E-04    0.847871838613828E-01    0.102218270137922E+00
    0.338999999999979E+00    0.994183272639138E-01    0.557954978355385E-04    0.848092233653549E-01    0.102245395217659E+00
    0.339099999999979E+00    0.994451823387168E-01    0.558497474540763E-04    0.848312612217363E-01    0.102272518731045E+00
    0.339199999999979E+00    0.994720360493785E-01    0.559040334033702E-04    0.848532974306130E-01    0.102299640678250E+00
    0.339299999999979E+00    0.994988883959752E-01    0.559583556961016E-04    0.848753319920710E-01    0.102326761059446E+00
    0.339399999999979E+00    0.995257393785832E-01    0.560127143449342E-04    0.848973649061966E-01    0.102353879874802E+00
    0.339499999999979E+00    0.995525889972785E-01    0.560671093625554E-04    0.849193961730757E-01    0.102380997124488E+00
    0.339599999999979E+00    0.995794372521373E-01    0.561215407616356E-04    0.849414257927944E-01    0.102408112808677E+00
    0.339699999999979E+00    0.996062841432360E-01    0.561760085548490E-04    0.849634537654387E-01    0.102435226927537E+00
    0.339799999999979E+00    0.996331296706505E-01    0.562305127548592E-04    0.849854800910948E-01    0.102462339481240E+00
    0.339899999999979E+00    0.996599738344572E-01    0.562850533743489E-04    0.850075047698486E-01    0.102489450469955E+00
    0.339999999999979E+00    0.996868166347322E-01    0.563396304259819E-04    0.850295278017861E-01    0.102516559893854E+00
    0.340099999999979E+00    0.997136580715515E-01    0.563942439224419E-04    0.850515491869934E-01    0.102543667753107E+00
    0.340199999999979E+00    0.997404981449915E-01    0.564488938763770E-04    0.850735689255565E-01    0.102570774047884E+00
    0.340299999999979E+00    0.997673368551282E-01    0.565035803004688E-04    0.850955870175613E-01    0.102597878778355E+00
    0.340399999999979E+00    0.997941742020378E-01    0.565583032073823E-04    0.851176034630939E-01    0.102624981944690E+00
    0.340499999999979E+00    0.998210101857964E-01    0.566130626097916E-04    0.851396182622403E-01    0.102652083547061E+00
    0.340599999999979E+00    0.998478448064802E-01    0.566678585203484E-04    0.851616314150864E-01    0.102679183585636E+00
    0.340699999999979E+00    0.998746780641653E-01    0.567226909517212E-04    0.851836429217183E-01    0.102706282060587E+00
    0.340799999999979E+00    0.999015099589277E-01    0.567775599165781E-04    0.852056527822218E-01    0.102733378972083E+00
    0.340899999999979E+00    0.999283404908437E-01    0.568324654275916E-04    0.852276609966830E-01    0.102760474320296E+00
    0.340999999999979E+00    0.999551696599894E-01    0.568874074974240E-04    0.852496675651877E-01    0.102787568105394E+00
    0.341099999999979E+00    0.999819974664407E-01    0.569423861387249E-04    0.852716724878220E-01    0.102814660327547E+00
    0.341199999999979E+00    0.100008823910274E+00    0.569974013641652E-04    0.852936757646717E-01    0.102841750986927E+00
    0.341299999999979E+00    0.100035648991565E+00    0.570524531864070E-04    0.853156773958227E-01    0.102868840083703E+00
    0.341399999999979E+00    0.100062472710390E+00    0.571075416181085E-04    0.853376773813611E-01    0.102895927618046E+00
    0.341499999999979E+00    0.100089295066826E+00    0.571626666719299E-04    0.853596757213727E-01    0.102923013590124E+00
    0.341599999999979E+00    0.100116116060947E+00    0.572178283605315E-04    0.853816724159434E-01    0.102950098000108E+00
    0.341699999999979E+00    0.100142935692831E+00    0.572730266965617E-04    0.854036674651591E-01    0.102977180848169E+00
    0.341799999999979E+00    0.100169753962553E+00    0.573282616926982E-04    0.854256608691057E-01    0.103004262134475E+00
    0.341899999999979E+00    0.100196570870190E+00    0.573835333615811E-04    0.854476526278690E-01    0.103031341859198E+00
    0.341999999999979E+00    0.100223386415817E+00    0.574388417158660E-04    0.854696427415350E-01    0.103058420022506E+00
    0.342099999999979E+00    0.100250200599510E+00    0.574941867682076E-04    0.854916312101894E-01    0.103085496624570E+00
    0.342199999999979E+00    0.100277013421346E+00    0.575495685312674E-04    0.855136180339183E-01    0.103112571665559E+00
    0.342299999999979E+00    0.100303824881401E+00    0.576049870177051E-04    0.855356032128073E-01    0.103139645145643E+00
    0.342399999999979E+00    0.100330634979750E+00    0.576604422401624E-04    0.855575867469423E-01    0.103166717064993E+00
    0.342499999999979E+00    0.100357443716470E+00    0.577159342112919E-04    0.855795686364092E-01    0.103193787423777E+00
    0.342599999999979E+00    0.100384251091637E+00    0.577714629437504E-04    0.856015488812938E-01    0.103220856222166E+00
    0.342699999999979E+00    0.100411057105326E+00    0.578270284501849E-04    0.856235274816819E-01    0.103247923460329E+00
    0.342799999999979E+00    0.100437861757614E+00    0.578826307432533E-04    0.856455044376593E-01    0.103274989138436E+00
    0.342899999999979E+00    0.100464665048577E+00    0.579382698355837E-04    0.856674797493118E-01    0.103302053256657E+00
    0.342999999999979E+00    0.100491466978290E+00    0.579939457398475E-04    0.856894534167253E-01    0.103329115815160E+00
    0.343099999999979E+00    0.100518267546831E+00    0.580496584686862E-04    0.857114254399854E-01    0.103356176814116E+00
    0.343199999999979E+00    0.100545066754274E+00    0.581054080347427E-04    0.857333958191780E-01    0.103383236253695E+00
    0.343299999999979E+00    0.100571864600695E+00    0.581611944506682E-04    0.857553645543888E-01    0.103410294134065E+00
    0.343399999999979E+00    0.100598661086172E+00    0.582170177290980E-04    0.857773316457036E-01    0.103437350455397E+00
    0.343499999999978E+00    0.100625456210779E+00    0.582728778826799E-04    0.857992970932081E-01    0.103464405217860E+00
    0.343599999999978E+00    0.100652249974593E+00    0.583287749240683E-04    0.858212608969882E-01    0.103491458421622E+00
    0.343699999999978E+00    0.100679042377689E+00    0.583847088658896E-04    0.858432230571295E-01    0.103518510066855E+00
    0.343799999999978E+00    0.100705833420144E+00    0.584406797207888E-04    0.858651835737177E-01    0.103545560153727E+00
    0.343899999999978E+00    0.100732623102033E+00    0.584966875014239E-04    0.858871424468386E-01    0.103572608682407E+00
    0.343999999999978E+00    0.100759411423433E+00    0.585527322204312E-04    0.859090996765779E-01    0.103599655653065E+00
    0.344099999999978E+00    0.100786198384420E+00    0.586088138904384E-04    0.859310552630213E-01    0.103626701065870E+00
    0.344199999999978E+00    0.100812983985068E+00    0.586649325240979E-04    0.859530092062545E-01    0.103653744920992E+00
    0.344299999999978E+00    0.100839768225455E+00    0.587210881340347E-04    0.859749615063632E-01    0.103680787218599E+00
    0.344399999999978E+00    0.100866551105657E+00    0.587772807328904E-04    0.859969121634331E-01    0.103707827958862E+00
    0.344499999999978E+00    0.100893332625748E+00    0.588335103333070E-04    0.860188611775499E-01    0.103734867141949E+00
    0.344599999999978E+00    0.100920112785806E+00    0.588897769479089E-04    0.860408085487991E-01    0.103761904768029E+00
    0.344699999999978E+00    0.100946891585905E+00    0.589460805893468E-04    0.860627542772666E-01    0.103788940837272E+00
    0.344799999999978E+00    0.100973669026122E+00    0.590024212702461E-04    0.860846983630378E-01    0.103815975349847E+00
    0.344899999999978E+00    0.101000445106533E+00    0.590587990032417E-04    0.861066408061986E-01    0.103843008305922E+00
    0.344999999999978E+00    0.101027219827214E+00    0.591152138009601E-04    0.861285816068344E-01    0.103870039705668E+00
    0.345099999999978E+00    0.101053993188241E+00    0.591716656760481E-04    0.861505207650310E-01    0.103897069549253E+00
    0.345199999999978E+00    0.101080765189688E+00    0.592281546411304E-04    0.861724582808740E-01    0.103924097836846E+00
    0.345299999999978E+00    0.101107535831634E+00    0.592846807088235E-04    0.861943941544489E-01    0.103951124568616E+00
    0.345399999999978E+00    0.101134305114152E+00    0.593412438917795E-04    0.862163283858415E-01    0.103978149744732E+00
    0.345499999999978E+00    0.101161073037319E+00    0.593978442026113E-04    0.862382609751371E-01    0.104005173365363E+00
    0.345599999999978E+00    0.101187839601212E+00    0.594544816539554E-04    0.862601919224216E-01    0.104032195430678E+00
    0.345699999999978E+00    0.101214604805905E+00    0.595111562584367E-04    0.862821212277804E-01    0.104059215940847E+00
    0.345799999999978E+00    0.101241368651475E+00    0.595678680286838E-04    0.863040488912992E-01    0.104086234896037E+00
    0.345899999999978E+00    0.101268131137997E+00    0.596246169773133E-04    0.863259749130634E-01    0.104113252296418E+00
    0.345999999999978E+00    0.101294892265547E+00    0.596814031169601E-04    0.863478992931587E-01    0.104140268142158E+00
    0.346099999999978E+00    0.101321652034202E+00    0.597382264602490E-04    0.863698220316706E-01    0.104167282433427E+00
    0.346199999999978E+00    0.101348410444037E+00    0.597950870197937E-04    0.863917431286847E-01    0.104194295170393E+00
    0.346299999999978E+00    0.101375167495128E+00    0.598519848082219E-04    0.864136625842864E-01    0.104221306353225E+00
    0.346399999999978E+00    0.101401923187550E+00    0.599089198381426E-04    0.864355803985614E-01    0.104248315982091E+00
    0.346499999999978E+00    0.101428677521380E+00    0.599658921221983E-04    0.864574965715950E-01    0.104275324057161E+00
    0.346599999999978E+00    0.101455430496692E+00    0.600229016729995E-04    0.864794111034730E-01    0.104302330578603E+00
    0.346699999999978E+00    0.101482182113565E+00    0.600799485031718E-04    0.865013239942806E-01    0.104329335546585E+00
    0.346799999999978E+00    0.101508932372071E+00    0.601370326253243E-04    0.865232352441036E-01    0.104356338961277E+00
    0.346899999999978E+00    0.101535681272289E+00    0.601941540520763E-04    0.865451448530272E-01    0.104383340822847E+00
    0.346999999999978E+00    0.101562428814293E+00    0.602513127960443E-04    0.865670528211371E-01    0.104410341131464E+00
    0.347099999999978E+00    0.101589174998159E+00    0.603085088698507E-04    0.865889591485186E-01    0.104437339887295E+00
    0.347199999999978E+00    0.101615919823964E+00    0.603657422860998E-04    0.866108638352573E-01    0.104464337090510E+00
    0.347299999999978E+00    0.101642663291782E+00    0.604230130574104E-04    0.866327668814387E-01    0.104491332741277E+00
    0.347399999999978E+00    0.101669405401689E+00    0.604803211963902E-04    0.866546682871481E-01    0.104518326839765E+00
    0.347499999999978E+00    0.101696146153762E+00    0.605376667156661E-04    0.866765680524710E-01    0.104545319386142E+00
    0.347599999999978E+00    0.101722885548076E+00    0.605950496278385E-04    0.866984661774928E-01    0.104572310380576E+00
    0.347699999999978E+00    0.101749623584707E+00    0.606524699455287E-04    0.867203626622990E-01    0.104599299823236E+00
    0.347799999999978E+00    0.101776360263730E+00    0.607099276813355E-04    0.867422575069750E-01    0.104626287714290E+00
    0.347899999999978E+00    0.101803095585222E+00    0.607674228478707E-04    0.867641507116062E-01    0.104653274053907E+00
    0.347999999999978E+00    0.101829829549257E+00    0.608249554577519E-04    0.867860422762780E-01    0.104680258842254E+00
    0.348099999999978E+00    0.101856562155913E+00    0.608825255235821E-04    0.868079322010759E-01    0.104707242079501E+00
    0.348199999999978E+00    0.101883293405264E+00    0.609401330579598E-04    0.868298204860851E-01    0.104734223765814E+00
    0.348299999999978E+00    0.101910023297386E+00    0.609977780735029E-04    0.868517071313911E-01    0.104761203901364E+00
    0.348399999999978E+00    0.101936751832355E+00    0.610554605828017E-04    0.868735921370792E-01    0.104788182486317E+00
    0.348499999999978E+00    0.101963479010246E+00    0.611131805984753E-04    0.868954755032348E-01    0.104815159520842E+00
    0.348599999999978E+00    0.101990204831136E+00    0.611709381331254E-04    0.869173572299433E-01    0.104842135005108E+00
    0.348699999999978E+00    0.102016929295100E+00    0.612287331993538E-04    0.869392373172900E-01    0.104869108939282E+00
    0.348799999999978E+00    0.102043652402214E+00    0.612865658097553E-04    0.869611157653603E-01    0.104896081323532E+00
    0.348899999999978E+00    0.102070374152553E+00    0.613444359769383E-04    0.869829925742395E-01    0.104923052158027E+00
    0.348999999999978E+00    0.102097094546193E+00    0.614023437135014E-04    0.870048677440129E-01    0.104950021442934E+00
    0.349099999999978E+00    0.102123813583209E+00    0.614602890320427E-04    0.870267412747658E-01    0.104976989178422E+00
    0.349199999999978E+00    0.102150531263678E+00    0.615182719451545E-04    0.870486131665836E-01    0.105003955364659E+00
    0.349299999999978E+00    0.102177247587676E+00    0.615762924654485E-04    0.870704834195516E-01    0.105030920001812E+00
    0.349399999999978E+00    0.102203962555277E+00    0.616343506055109E-04    0.870923520337549E-01    0.105057883090050E+00
    0.349499999999978E+00    0.102230676166557E+00    0.616924463779435E-04    0.871142190092791E-01    0.105084844629540E+00
    0.349599999999978E+00    0.102257388421592E+00    0.617505797953348E-04    0.871360843462092E-01    0.105111804620451E+00
    0.349699999999978E+00    0.102284099320458E+00    0.618087508702805E-04    0.871579480446307E-01    0.105138763062950E+00
    0.349799999999978E+00    0.102310808863231E+00    0.618669596153825E-04    0.871798101046287E-01    0.105165719957205E+00
    0.349899999999978E+00    0.102337517049985E+00    0.619252060432272E-04    0.872016705262885E-01    0.105192675303384E+00
    0.349999999999978E+00    0.102364223880797E+00    0.619834901663980E-04    0.872235293096954E-01    0.105219629101655E+00
    0.350099999999978E+00    0.102390929355742E+00    0.620418119975059E-04    0.872453864549346E-01    0.105246581352185E+00
    0.350199999999978E+00    0.102417633474896E+00    0.621001715491227E-04    0.872672419620914E-01    0.105273532055143E+00
    0.350299999999978E+00    0.102444336238334E+00    0.621585688338540E-04    0.872890958312509E-01    0.105300481210696E+00
    0.350399999999978E+00    0.102471037646132E+00    0.622170038642713E-04    0.873109480624984E-01    0.105327428819011E+00
    0.350499999999978E+00    0.102497737698366E+00    0.622754766529752E-04    0.873327986559191E-01    0.105354374880257E+00
    0.350599999999978E+00    0.102524436395111E+00    0.623339872125386E-04    0.873546476115982E-01    0.105381319394601E+00
    0.350699999999978E+00    0.102551133736443E+00    0.623925355555706E-04    0.873764949296208E-01    0.105408262362211E+00
    0.350799999999978E+00    0.102577829722437E+00    0.624511216946343E-04    0.873983406100723E-01    0.105435203783254E+00
    0.350899999999978E+00    0.102604524353169E+00    0.625097456423238E-04    0.874201846530377E-01    0.105462143657898E+00
    0.350999999999978E+00    0.102631217628715E+00    0.625684074112099E-04    0.874420270586023E-01    0.105489081986310E+00
    0.351099999999978E+00    0.102657909549150E+00    0.626271070138868E-04    0.874638678268512E-01    0.105516018768658E+00
    0.351199999999978E+00    0.102684600114549E+00    0.626858444629354E-04    0.874857069578695E-01    0.105542954005110E+00
    0.351299999999978E+00    0.102711289324989E+00    0.627446197709422E-04    0.875075444517424E-01    0.105569887695832E+00
    0.351399999999978E+00    0.102737977180544E+00    0.628034329504687E-04    0.875293803085551E-01    0.105596819840993E+00
    0.351499999999978E+00    0.102764663681290E+00    0.628622840141035E-04    0.875512145283927E-01    0.105623750440760E+00
    0.351599999999978E+00    0.102791348827304E+00    0.629211729744218E-04    0.875730471113402E-01    0.105650679495299E+00
    0.351699999999978E+00    0.102818032618660E+00    0.629800998440023E-04    0.875948780574829E-01    0.105677607004779E+00
    0.351799999999978E+00    0.102844715055433E+00    0.630390646354294E-04    0.876167073669058E-01    0.105704532969367E+00
    0.351899999999978E+00    0.102871396137701E+00    0.630980673612596E-04    0.876385350396941E-01    0.105731457389230E+00
    0.351999999999978E+00    0.102898075865537E+00    0.631571080340952E-04    0.876603610759328E-01    0.105758380264536E+00
    0.352099999999978E+00    0.102924754239017E+00    0.632161866664938E-04    0.876821854757071E-01    0.105785301595451E+00
    0.352199999999978E+00    0.102951431258218E+00    0.632753032710184E-04    0.877040082391019E-01    0.105812221382144E+00
    0.352299999999978E+00    0.102978106923214E+00    0.633344578602667E-04    0.877258293662024E-01    0.105839139624780E+00
    0.352399999999978E+00    0.103004781234080E+00    0.633936504467931E-04    0.877476488570937E-01    0.105866056323528E+00
    0.352499999999977E+00    0.103031454190894E+00    0.634528810431668E-04    0.877694667118608E-01    0.105892971478554E+00
    0.352599999999977E+00    0.103058125793729E+00    0.635121496619626E-04    0.877912829305887E-01    0.105919885090026E+00
    0.352699999999977E+00    0.103084796042662E+00    0.635714563157331E-04    0.878130975133625E-01    0.105946797158110E+00
    0.352799999999977E+00    0.103111464937767E+00    0.636308010170636E-04    0.878349104602672E-01    0.105973707682974E+00
    0.352899999999977E+00    0.103138132479121E+00    0.636901837785179E-04    0.878567217713878E-01    0.106000616664786E+00
    0.352999999999977E+00    0.103164798666799E+00    0.637496046126647E-04    0.878785314468094E-01    0.106027524103711E+00
    0.353099999999977E+00    0.103191463500876E+00    0.638090635320559E-04    0.879003394866170E-01    0.106054429999917E+00
    0.353199999999977E+00    0.103218126981428E+00    0.638685605492767E-04    0.879221458908956E-01    0.106081334353571E+00
    0.353299999999977E+00    0.103244789108530E+00    0.639280956768630E-04    0.879439506597301E-01    0.106108237164840E+00
    0.353399999999977E+00    0.103271449882257E+00    0.639876689273936E-04    0.879657537932056E-01    0.106135138433890E+00
    0.353499999999977E+00    0.103298109302686E+00    0.640472803134328E-04    0.879875552914071E-01    0.106162038160889E+00
    0.353599999999977E+00    0.103324767369891E+00    0.641069298475291E-04    0.880093551544194E-01    0.106188936346004E+00
    0.353699999999977E+00    0.103351424083948E+00    0.641666175422477E-04    0.880311533823277E-01    0.106215832989401E+00
    0.353799999999977E+00    0.103378079444932E+00    0.642263434101529E-04    0.880529499752168E-01    0.106242728091248E+00
    0.353899999999977E+00    0.103404733452919E+00    0.642861074637952E-04    0.880747449331716E-01    0.106269621651710E+00
    0.353999999999977E+00    0.103431386107985E+00    0.643459097157282E-04    0.880965382562772E-01    0.106296513670956E+00
    0.354099999999977E+00    0.103458037410203E+00    0.644057501785153E-04    0.881183299446184E-01    0.106323404149150E+00
    0.354199999999977E+00    0.103484687359651E+00    0.644656288647094E-04    0.881401199982803E-01    0.106350293086461E+00
    0.354299999999977E+00    0.103511335956403E+00    0.645255457868736E-04    0.881619084173476E-01    0.106377180483056E+00
    0.354399999999977E+00    0.103537983200535E+00    0.645855009575508E-04    0.881836952019054E-01    0.106404066339099E+00
    0.354499999999977E+00    0.103564629092122E+00    0.646454943892828E-04    0.882054803520384E-01    0.106430950654759E+00
    0.354599999999977E+00    0.103591273631240E+00    0.647055260946456E-04    0.882272638678317E-01    0.106457833430202E+00
    0.354699999999977E+00    0.103617916817963E+00    0.647655960861705E-04    0.882490457493701E-01    0.106484714665595E+00
    0.354799999999977E+00    0.103644558652368E+00    0.648257043764265E-04    0.882708259967385E-01    0.106511594361103E+00
    0.354899999999977E+00    0.103671199134529E+00    0.648858509779307E-04    0.882926046100217E-01    0.106538472516894E+00
    0.354999999999977E+00    0.103697838264523E+00    0.649460359032569E-04    0.883143815893046E-01    0.106565349133134E+00
    0.355099999999977E+00    0.103724476042423E+00    0.650062591649426E-04    0.883361569346721E-01    0.106592224209990E+00
    0.355199999999977E+00    0.103751112468306E+00    0.650665207755401E-04    0.883579306462090E-01    0.106619097747628E+00
    0.355299999999977E+00    0.103777747542248E+00    0.651268207475914E-04    0.883797027240003E-01    0.106645969746215E+00
    0.355399999999977E+00    0.103804381264322E+00    0.651871590936405E-04    0.884014731681306E-01    0.106672840205916E+00
    0.355499999999977E+00    0.103831013634605E+00    0.652475358262233E-04    0.884232419786848E-01    0.106699709126899E+00
    0.355599999999977E+00    0.103857644653173E+00    0.653079509578918E-04    0.884450091557477E-01    0.106726576509329E+00
    0.355699999999977E+00    0.103884274320099E+00    0.653684045011874E-04    0.884667746994042E-01    0.106753442353374E+00
    0.355799999999977E+00    0.103910902635460E+00    0.654288964686459E-04    0.884885386097391E-01    0.106780306659199E+00
    0.355899999999977E+00    0.103937529599332E+00    0.654894268728154E-04    0.885103008868372E-01    0.106807169426970E+00
    0.355999999999977E+00    0.103964155211788E+00    0.655499957262255E-04    0.885320615307832E-01    0.106834030656854E+00
    0.356099999999977E+00    0.103990779472905E+00    0.656106030414194E-04    0.885538205416619E-01    0.106860890349018E+00
    0.356199999999977E+00    0.104017402382757E+00    0.656712488309253E-04    0.885755779195581E-01    0.106887748503627E+00
    0.356299999999977E+00    0.104044023941421E+00    0.657319331072833E-04    0.885973336645565E-01    0.106914605120847E+00
    0.356399999999977E+00    0.104070644148972E+00    0.657926558830367E-04    0.886190877767420E-01    0.106941460200845E+00
    0.356499999999977E+00    0.104097263005483E+00    0.658534171707073E-04    0.886408402561992E-01    0.106968313743787E+00
    0.356599999999977E+00    0.104123880511032E+00    0.659142169828451E-04    0.886625911030130E-01    0.106995165749839E+00
    0.356699999999977E+00    0.104150496665693E+00    0.659750553319656E-04    0.886843403172679E-01    0.107022016219167E+00
    0.356799999999977E+00    0.104177111469542E+00    0.660359322305956E-04    0.887060878990489E-01    0.107048865151937E+00
    0.356899999999977E+00    0.104203724922653E+00    0.660968476912928E-04    0.887278338484406E-01    0.107075712548315E+00
    0.356999999999977E+00    0.104230337025102E+00    0.661578017265535E-04    0.887495781655276E-01    0.107102558408467E+00
    0.357099999999977E+00    0.104256947776965E+00    0.662187943489190E-04    0.887713208503948E-01    0.107129402732559E+00
    0.357199999999977E+00    0.104283557178315E+00    0.662798255709283E-04    0.887930619031267E-01    0.107156245520757E+00
    0.357299999999977E+00    0.104310165229230E+00    0.663408954051067E-04    0.888148013238082E-01    0.107183086773227E+00
    0.357399999999977E+00    0.104336771929783E+00    0.664020038639627E-04    0.888365391125238E-01    0.107209926490135E+00
    0.357499999999977E+00    0.104363377280051E+00    0.664631509600382E-04    0.888582752693583E-01    0.107236764671647E+00
    0.357599999999977E+00    0.104389981280108E+00    0.665243367058414E-04    0.888800097943962E-01    0.107263601317929E+00
    0.357699999999977E+00    0.104416583930029E+00    0.665855611139078E-04    0.889017426877223E-01    0.107290436429145E+00
    0.357799999999977E+00    0.104443185229891E+00    0.666468241967544E-04    0.889234739494213E-01    0.107317270005463E+00
    0.357899999999977E+00    0.104469785179767E+00    0.667081259668985E-04    0.889452035795777E-01    0.107344102047048E+00
    0.357999999999977E+00    0.104496383779733E+00    0.667694664368673E-04    0.889669315782762E-01    0.107370932554066E+00
    0.358099999999977E+00    0.104522981029865E+00    0.668308456191788E-04    0.889886579456014E-01    0.107397761526682E+00
    0.358199999999977E+00    0.104549576930237E+00    0.668922635263523E-04    0.890103826816379E-01    0.107424588965063E+00
    0.358299999999977E+00    0.104576171480925E+00    0.669537201709008E-04    0.890321057864704E-01    0.107451414869373E+00
    0.358399999999977E+00    0.104602764682004E+00    0.670152155653444E-04    0.890538272601835E-01    0.107478239239779E+00
    0.358499999999977E+00    0.104629356533549E+00    0.670767497221996E-04    0.890755471028617E-01    0.107505062076446E+00
    0.358599999999977E+00    0.104655947035636E+00    0.671383226539659E-04    0.890972653145896E-01    0.107531883379539E+00
    0.358699999999977E+00    0.104682536188338E+00    0.671999343731734E-04    0.891189818954519E-01    0.107558703149225E+00
    0.358799999999977E+00    0.104709123991732E+00    0.672615848923380E-04    0.891406968455331E-01    0.107585521385669E+00
    0.358899999999977E+00    0.104735710445893E+00    0.673232742239591E-04    0.891624101649177E-01    0.107612338089036E+00
    0.358999999999977E+00    0.104762295550896E+00    0.673850023805487E-04    0.891841218536904E-01    0.107639153259492E+00
    0.359099999999977E+00    0.104788879306815E+00    0.674467693746167E-04    0.892058319119356E-01    0.107665966897202E+00
    0.359199999999977E+00    0.104815461713727E+00    0.675085752186761E-04    0.892275403397379E-01    0.107692779002332E+00
    0.359299999999977E+00    0.104842042771706E+00    0.675704199252286E-04    0.892492471371819E-01    0.107719589575047E+00
    0.359399999999977E+00    0.104868622480827E+00    0.676323035067820E-04    0.892709523043520E-01    0.107746398615513E+00
    0.359499999999977E+00    0.104895200841166E+00    0.676942259758540E-04    0.892926558413329E-01    0.107773206123895E+00
    0.359599999999977E+00    0.104921777852797E+00    0.677561873449308E-04    0.893143577482089E-01    0.107800012100357E+00
    0.359699999999977E+00    0.104948353515796E+00    0.678181876265345E-04    0.893360580250647E-01    0.107826816545067E+00
    0.359799999999977E+00    0.104974927830238E+00    0.678802268331591E-04    0.893577566719847E-01    0.107853619458188E+00
    0.359899999999977E+00    0.105001500796197E+00    0.679423049772948E-04    0.893794536890534E-01    0.107880420839887E+00
    0.359999999999977E+00    0.105028072413750E+00    0.680044220714630E-04    0.894011490763553E-01    0.107907220690328E+00
    0.360099999999977E+00    0.105054642682970E+00    0.680665781281627E-04    0.894228428339748E-01    0.107934019009676E+00
    0.360199999999977E+00    0.105081211603934E+00    0.681287731598822E-04    0.894445349619965E-01    0.107960815798097E+00
    0.360299999999977E+00    0.105107779176716E+00    0.681910071791114E-04    0.894662254605047E-01    0.107987611055756E+00
    0.360399999999977E+00    0.105134345401391E+00    0.682532801983630E-04    0.894879143295840E-01    0.108014404782819E+00
    0.360499999999977E+00    0.105160910278034E+00    0.683155922301364E-04    0.895096015693188E-01    0.108041196979449E+00
    0.360599999999977E+00    0.105187473806721E+00    0.683779432869123E-04    0.895312871797934E-01    0.108067987645813E+00
    0.360699999999977E+00    0.105214035987526E+00    0.684403333811891E-04    0.895529711610925E-01    0.108094776782075E+00
    0.360799999999977E+00    0.105240596820525E+00    0.685027625254714E-04    0.895746535133002E-01    0.108121564388400E+00
    0.360899999999977E+00    0.105267156305792E+00    0.685652307322350E-04    0.895963342365012E-01    0.108148350464954E+00
    0.360999999999977E+00    0.105293714443402E+00    0.686277380139819E-04    0.896180133307797E-01    0.108175135011901E+00
    0.361099999999977E+00    0.105320271233432E+00    0.686902843832037E-04    0.896396907962203E-01    0.108201918029407E+00
    0.361199999999977E+00    0.105346826675954E+00    0.687528698523841E-04    0.896613666329072E-01    0.108228699517636E+00
    0.361299999999977E+00    0.105373380771046E+00    0.688154944340160E-04    0.896830408409248E-01    0.108255479476753E+00
    0.361399999999977E+00    0.105399933518781E+00    0.688781581405713E-04    0.897047134203576E-01    0.108282257906923E+00
    0.361499999999977E+00    0.105426484919235E+00    0.689408609845571E-04    0.897263843712899E-01    0.108309034808311E+00
    0.361599999999976E+00    0.105453034972482E+00    0.690036029784597E-04    0.897480536938061E-01    0.108335810181082E+00
    0.361699999999976E+00    0.105479583678598E+00    0.690663841347476E-04    0.897697213879904E-01    0.108362584025400E+00
    0.361799999999976E+00    0.105506131037658E+00    0.691292044659053E-04    0.897913874539273E-01    0.108389356341430E+00
    0.361899999999976E+00    0.105532677049736E+00    0.691920639844263E-04    0.898130518917011E-01    0.108416127129338E+00
    0.361999999999976E+00    0.105559221714907E+00    0.692549627027946E-04    0.898347147013962E-01    0.108442896389287E+00
    0.362099999999976E+00    0.105585765033248E+00    0.693179006334726E-04    0.898563758830968E-01    0.108469664121443E+00
    0.362199999999976E+00    0.105612307004832E+00    0.693808777889574E-04    0.898780354368872E-01    0.108496430325971E+00
    0.362299999999976E+00    0.105638847629734E+00    0.694438941817032E-04    0.898996933628518E-01    0.108523195003034E+00
    0.362399999999976E+00    0.105665386908030E+00    0.695069498242127E-04    0.899213496610749E-01    0.108549958152797E+00
    0.362499999999976E+00    0.105691924839794E+00    0.695700447289605E-04    0.899430043316408E-01    0.108576719775426E+00
    0.362599999999976E+00    0.105718461425102E+00    0.696331789084203E-04    0.899646573746337E-01    0.108603479871084E+00
    0.362699999999976E+00    0.105744996664028E+00    0.696963523750582E-04    0.899863087901378E-01    0.108630238439936E+00
    0.362799999999976E+00    0.105771530556647E+00    0.697595651413529E-04    0.900079585782376E-01    0.108656995482148E+00
    0.362899999999976E+00    0.105798063103034E+00    0.698228172197728E-04    0.900296067390172E-01    0.108683750997882E+00
    0.362999999999976E+00    0.105824594303265E+00    0.698861086227843E-04    0.900512532725610E-01    0.108710504987304E+00
    0.363099999999976E+00    0.105851124157413E+00    0.699494393628769E-04    0.900728981789530E-01    0.108737257450579E+00
    0.363199999999976E+00    0.105877652665555E+00    0.700128094525098E-04    0.900945414582777E-01    0.108764008387870E+00
    0.363299999999976E+00    0.105904179827764E+00    0.700762189041397E-04    0.901161831106192E-01    0.108790757799342E+00
    0.363399999999976E+00    0.105930705644116E+00    0.701396677302563E-04    0.901378231360617E-01    0.108817505685159E+00
    0.363499999999976E+00    0.105957230114686E+00    0.702031559433119E-04    0.901594615346895E-01    0.108844252045486E+00
    0.363599999999976E+00    0.105983753239548E+00    0.702666835557722E-04    0.901810983065867E-01    0.108870996880487E+00
    0.363699999999976E+00    0.106010275018778E+00    0.703302505801124E-04    0.902027334518376E-01    0.108897740190326E+00
    0.363799999999976E+00    0.106036795452450E+00    0.703938570287758E-04    0.902243669705263E-01    0.108924481975168E+00
    0.363899999999976E+00    0.106063314540639E+00    0.704575029142542E-04    0.902459988627372E-01    0.108951222235177E+00
    0.363999999999976E+00    0.106089832283421E+00    0.705211882489968E-04    0.902676291285542E-01    0.108977960970517E+00
    0.364099999999976E+00    0.106116348680869E+00    0.705849130454496E-04    0.902892577680616E-01    0.109004698181352E+00
    0.364199999999976E+00    0.106142863733060E+00    0.706486773160857E-04    0.903108847813435E-01    0.109031433867847E+00
    0.364299999999976E+00    0.106169377440066E+00    0.707124810733556E-04    0.903325101684842E-01    0.109058168030165E+00
    0.364399999999976E+00    0.106195889801965E+00    0.707763243297182E-04    0.903541339295678E-01    0.109084900668471E+00
    0.364499999999976E+00    0.106222400818830E+00    0.708402070976324E-04    0.903757560646783E-01    0.109111631782929E+00
    0.364599999999976E+00    0.106248910490736E+00    0.709041293895556E-04    0.903973765738999E-01    0.109138361373703E+00
    0.364699999999976E+00    0.106275418817758E+00    0.709680912179404E-04    0.904189954573168E-01    0.109165089440956E+00
    0.364799999999976E+00    0.106301925799971E+00    0.710320925952524E-04    0.904406127150130E-01    0.109191815984854E+00
    0.364899999999976E+00    0.106328431437450E+00    0.710961335339204E-04    0.904622283470728E-01    0.109218541005560E+00
    0.364999999999976E+00    0.106354935730269E+00    0.711602140464128E-04    0.904838423535801E-01    0.109245264503237E+00
    0.365099999999976E+00    0.106381438678504E+00    0.712243341451785E-04    0.905054547346191E-01    0.109271986478050E+00
    0.365199999999976E+00    0.106407940282229E+00    0.712884938426619E-04    0.905270654902738E-01    0.109298706930163E+00
    0.365299999999976E+00    0.106434440541519E+00    0.713526931513037E-04    0.905486746206284E-01    0.109325425859740E+00
    0.365399999999976E+00    0.106460939456448E+00    0.714169320835674E-04    0.905702821257669E-01    0.109352143266944E+00
    0.365499999999976E+00    0.106487437027093E+00    0.714812106518848E-04    0.905918880057734E-01    0.109378859151940E+00
    0.365599999999976E+00    0.106513933253526E+00    0.715455288687122E-04    0.906134922607319E-01    0.109405573514890E+00
    0.365699999999976E+00    0.106540428135824E+00    0.716098867464842E-04    0.906350948907264E-01    0.109432286355960E+00
    0.365799999999976E+00    0.106566921674060E+00    0.716742842976562E-04    0.906566958958411E-01    0.109458997675313E+00
    0.365899999999976E+00    0.106593413868311E+00    0.717387215346576E-04    0.906782952761600E-01    0.109485707473112E+00
    0.365999999999976E+00    0.106619904718650E+00    0.718031984699408E-04    0.906998930317670E-01    0.109512415749521E+00
    0.366099999999976E+00    0.106646394225152E+00    0.718677151159422E-04    0.907214891627462E-01    0.109539122504704E+00
    0.366199999999976E+00    0.106672882387892E+00    0.719322714851073E-04    0.907430836691817E-01    0.109565827738824E+00
    0.366299999999976E+00    0.106699369206944E+00    0.719968675898530E-04    0.907646765511573E-01    0.109592531452046E+00
    0.366399999999976E+00    0.106725854682385E+00    0.720615034426291E-04    0.907862678087571E-01    0.109619233644533E+00
    0.366499999999976E+00    0.106752338814287E+00    0.721261790558799E-04    0.908078574420652E-01    0.109645934316448E+00
    0.366599999999976E+00    0.106778821602727E+00    0.721908944420183E-04    0.908294454511654E-01    0.109672633467955E+00
    0.366699999999976E+00    0.106805303047778E+00    0.722556496135117E-04    0.908510318361418E-01    0.109699331099217E+00
    0.366799999999976E+00    0.106831783149515E+00    0.723204445827586E-04    0.908726165970783E-01    0.109726027210399E+00
    0.366899999999976E+00    0.106858261908014E+00    0.723852793622097E-04    0.908941997340588E-01    0.109752721801663E+00
    0.366999999999976E+00    0.106884739323348E+00    0.724501539642925E-04    0.909157812471674E-01    0.109779414873173E+00
    0.367099999999976E+00    0.106911215395594E+00    0.725150684014405E-04    0.909373611364880E-01    0.109806106425092E+00
    0.367199999999976E+00    0.106937690124824E+00    0.725800226860628E-04    0.909589394021044E-01    0.109832796457584E+00
    0.367299999999976E+00    0.106964163511114E+00    0.726450168306012E-04    0.909805160441007E-01    0.109859484970813E+00
    0.367399999999976E+00    0.106990635554539E+00    0.727100508474898E-04    0.910020910625607E-01    0.109886171964941E+00
    0.367499999999976E+00    0.107017106255174E+00    0.727751247491476E-04    0.910236644575683E-01    0.109912857440131E+00
    0.367599999999976E+00    0.107043575613092E+00    0.728402385479949E-04    0.910452362292076E-01    0.109939541396548E+00
    0.367699999999976E+00    0.107070043628369E+00    0.729053922564549E-04    0.910668063775623E-01    0.109966223834355E+00
    0.367799999999976E+00    0.107096510301079E+00    0.729705858869668E-04    0.910883749027163E-01    0.109992904753714E+00
    0.367899999999976E+00    0.107122975631298E+00    0.730358194519317E-04    0.911099418047536E-01    0.110019584154789E+00
    0.367999999999976E+00    0.107149439619099E+00    0.731010929637700E-04    0.911315070837580E-01    0.110046262037744E+00
    0.368099999999976E+00    0.107175902264557E+00    0.731664064349061E-04    0.911530707398134E-01    0.110072938402741E+00
    0.368199999999976E+00    0.107202363567748E+00    0.732317598777610E-04    0.911746327730036E-01    0.110099613249943E+00
    0.368299999999976E+00    0.107228823528745E+00    0.732971533047545E-04    0.911961931834125E-01    0.110126286579514E+00
    0.368399999999976E+00    0.107255282147624E+00    0.733625867282961E-04    0.912177519711239E-01    0.110152958391617E+00
    0.368499999999976E+00    0.107281739424458E+00    0.734280601608117E-04    0.912393091362217E-01    0.110179628686415E+00
    0.368599999999976E+00    0.107308195359323E+00    0.734935736146971E-04    0.912608646787897E-01    0.110206297464070E+00
    0.368699999999976E+00    0.107334649952293E+00    0.735591271023667E-04    0.912824185989117E-01    0.110232964724747E+00
    0.368799999999976E+00    0.107361103203443E+00    0.736247206362532E-04    0.913039708966715E-01    0.110259630468607E+00
    0.368899999999976E+00    0.107387555112848E+00    0.736903542287417E-04    0.913255215721530E-01    0.110286294695815E+00
    0.368999999999976E+00    0.107414005680581E+00    0.737560278922608E-04    0.913470706254400E-01    0.110312957406532E+00
    0.369099999999976E+00    0.107440454906718E+00    0.738217416392196E-04    0.913686180566161E-01    0.110339618600923E+00
    0.369199999999976E+00    0.107466902791333E+00    0.738874954820123E-04    0.913901638657653E-01    0.110366278279149E+00
    0.369299999999976E+00    0.107493349334501E+00    0.739532894330478E-04    0.914117080529713E-01    0.110392936441373E+00
    0.369399999999976E+00    0.107519794536297E+00    0.740191235047319E-04    0.914332506183178E-01    0.110419593087759E+00
    0.369499999999976E+00    0.107546238396794E+00    0.740849977094790E-04    0.914547915618887E-01    0.110446248218470E+00
    0.369599999999976E+00    0.107572680916068E+00    0.741509120596835E-04    0.914763308837676E-01    0.110472901833667E+00
    0.369699999999976E+00    0.107599122094193E+00    0.742168665677543E-04    0.914978685840384E-01    0.110499553933515E+00
    0.369799999999976E+00    0.107625561931244E+00    0.742828612460825E-04    0.915194046627847E-01    0.110526204518175E+00
    0.369899999999976E+00    0.107652000427295E+00    0.743488961070737E-04    0.915409391200904E-01    0.110552853587811E+00
    0.369999999999976E+00    0.107678437582421E+00    0.744149711631334E-04    0.915624719560390E-01    0.110579501142584E+00
    0.370099999999976E+00    0.107704873396697E+00    0.744810864266473E-04    0.915840031707144E-01    0.110606147182659E+00
    0.370199999999976E+00    0.107731307870196E+00    0.745472419100232E-04    0.916055327642002E-01    0.110632791708196E+00
    0.370299999999976E+00    0.107757741002993E+00    0.746134376256420E-04    0.916270607365802E-01    0.110659434719360E+00
    0.370399999999976E+00    0.107784172795164E+00    0.746796735859118E-04    0.916485870879380E-01    0.110686076216313E+00
    0.370499999999976E+00    0.107810603246782E+00    0.747459498032158E-04    0.916701118183573E-01    0.110712716199217E+00
    0.370599999999976E+00    0.107837032357922E+00    0.748122662899519E-04    0.916916349279218E-01    0.110739354668234E+00
    0.370699999999975E+00    0.107863460128659E+00    0.748786230585141E-04    0.917131564167152E-01    0.110765991623528E+00
    0.370799999999975E+00    0.107889886559067E+00    0.749450201212892E-04    0.917346762848212E-01    0.110792627065261E+00
    0.370899999999975E+00    0.107916311649220E+00    0.750114574906624E-04    0.917561945323233E-01    0.110819260993595E+00
    0.370999999999975E+00    0.107942735399193E+00    0.750779351790305E-04    0.917777111593053E-01    0.110845893408693E+00
    0.371099999999975E+00    0.107969157809061E+00    0.751444531987885E-04    0.917992261658507E-01    0.110872524310717E+00
    0.371199999999975E+00    0.107995578878898E+00    0.752110115622985E-04    0.918207395520433E-01    0.110899153699830E+00
    0.371299999999975E+00    0.108021998608779E+00    0.752776102819621E-04    0.918422513179666E-01    0.110925781576193E+00
    0.371399999999975E+00    0.108048416998777E+00    0.753442493701624E-04    0.918637614637043E-01    0.110952407939970E+00
    0.371499999999975E+00    0.108074834048968E+00    0.754109288392712E-04    0.918852699893399E-01    0.110979032791323E+00
    0.371599999999975E+00    0.108101249759426E+00    0.754776487016781E-04    0.919067768949571E-01    0.111005656130414E+00
    0.371699999999975E+00    0.108127664130226E+00    0.755444089697613E-04    0.919282821806395E-01    0.111032277957404E+00
    0.371799999999975E+00    0.108154077161441E+00    0.756112096559050E-04    0.919497858464707E-01    0.111058898272458E+00
    0.371899999999975E+00    0.108180488853147E+00    0.756780507724857E-04    0.919712878925342E-01    0.111085517075736E+00
    0.371999999999975E+00    0.108206899205417E+00    0.757449323318770E-04    0.919927883189136E-01    0.111112134367401E+00
    0.372099999999975E+00    0.108233308218327E+00    0.758118543464519E-04    0.920142871256925E-01    0.111138750147615E+00
    0.372199999999975E+00    0.108259715891951E+00    0.758788168285969E-04    0.920357843129544E-01    0.111165364416540E+00
    0.372299999999975E+00    0.108286122226362E+00    0.759458197906750E-04    0.920572798807829E-01    0.111191977174339E+00
    0.372399999999975E+00    0.108312527221636E+00    0.760128632450722E-04    0.920787738292615E-01    0.111218588421173E+00
    0.372499999999975E+00    0.108338930877847E+00    0.760799472041456E-04    0.921002661584739E-01    0.111245198157205E+00
    0.372599999999975E+00    0.108365333195070E+00    0.761470716802696E-04    0.921217568685034E-01    0.111271806382596E+00
    0.372699999999975E+00    0.108391734173378E+00    0.762142366858171E-04    0.921432459594336E-01    0.111298413097509E+00
    0.372799999999975E+00    0.108418133812846E+00    0.762814422331446E-04    0.921647334313481E-01    0.111325018302106E+00
    0.372899999999975E+00    0.108444532113549E+00    0.763486883346486E-04    0.921862192843302E-01    0.111351621996548E+00
    0.372999999999975E+00    0.108470929075561E+00    0.764159750026725E-04    0.922077035184636E-01    0.111378224180998E+00
    0.373099999999975E+00    0.108497324698956E+00    0.764833022495888E-04    0.922291861338318E-01    0.111404824855617E+00
    0.373199999999975E+00    0.108523718983809E+00    0.765506700877537E-04    0.922506671305181E-01    0.111431424020568E+00
    0.373299999999975E+00    0.108550111930195E+00    0.766180785295304E-04    0.922721465086062E-01    0.111458021676012E+00
    0.373399999999975E+00    0.108576503538186E+00    0.766855275872929E-04    0.922936242681794E-01    0.111484617822111E+00
    0.373499999999975E+00    0.108602893807859E+00    0.767530172733900E-04    0.923151004093212E-01    0.111511212459027E+00
    0.373599999999975E+00    0.108629282739287E+00    0.768205476001783E-04    0.923365749321150E-01    0.111537805586922E+00
    0.373699999999975E+00    0.108655670332545E+00    0.768881185800246E-04    0.923580478366444E-01    0.111564397205958E+00
    0.373799999999975E+00    0.108682056587706E+00    0.769557302252830E-04    0.923795191229927E-01    0.111590987316295E+00
    0.373899999999975E+00    0.108708441504846E+00    0.770233825483030E-04    0.924009887912434E-01    0.111617575918097E+00
    0.373999999999975E+00    0.108734825084038E+00    0.770910755614679E-04    0.924224568414799E-01    0.111644163011524E+00
    0.374099999999975E+00    0.108761207325358E+00    0.771588092770972E-04    0.924439232737857E-01    0.111670748596739E+00
    0.374199999999975E+00    0.108787588228878E+00    0.772265837075584E-04    0.924653880882440E-01    0.111697332673903E+00
    0.374299999999975E+00    0.108813967794675E+00    0.772943988652121E-04    0.924868512849384E-01    0.111723915243177E+00
    0.374399999999975E+00    0.108840346022821E+00    0.773622547623916E-04    0.925083128639522E-01    0.111750496304724E+00
    0.374499999999975E+00    0.108866722913392E+00    0.774301514114560E-04    0.925297728253688E-01    0.111777075858704E+00
    0.374599999999975E+00    0.108893098466461E+00    0.774980888247481E-04    0.925512311692716E-01    0.111803653905280E+00
    0.374699999999975E+00    0.108919472682103E+00    0.775660670146194E-04    0.925726878957439E-01    0.111830230444613E+00
    0.374799999999975E+00    0.108945845560393E+00    0.776340859934214E-04    0.925941430048692E-01    0.111856805476864E+00
    0.374899999999975E+00    0.108972217101403E+00    0.777021457734928E-04    0.926155964967307E-01    0.111883379002195E+00
    0.374999999999975E+00    0.108998587305210E+00    0.777702463671839E-04    0.926370483714119E-01    0.111909951020768E+00
    0.375099999999975E+00    0.109024956171887E+00    0.778383877868244E-04    0.926584986289961E-01    0.111936521532743E+00
    0.375199999999975E+00    0.109051323701508E+00    0.779065700447577E-04    0.926799472695665E-01    0.111963090538282E+00
    0.375299999999975E+00    0.109077689894148E+00    0.779747931533262E-04    0.927013942932065E-01    0.111989658037547E+00
    0.375399999999975E+00    0.109104054749880E+00    0.780430571248784E-04    0.927228396999995E-01    0.112016224030699E+00
    0.375499999999975E+00    0.109130418268780E+00    0.781113619717424E-04    0.927442834900288E-01    0.112042788517899E+00
    0.375599999999975E+00    0.109156780450921E+00    0.781797077062519E-04    0.927657256633775E-01    0.112069351499308E+00
    0.375699999999975E+00    0.109183141296378E+00    0.782480943407578E-04    0.927871662201292E-01    0.112095912975088E+00
    0.375799999999975E+00    0.109209500805225E+00    0.783165218875898E-04    0.928086051603670E-01    0.112122472945401E+00
    0.375899999999975E+00    0.109235858977536E+00    0.783849903590796E-04    0.928300424841742E-01    0.112149031410406E+00
    0.375999999999975E+00    0.109262215813385E+00    0.784534997675590E-04    0.928514781916341E-01    0.112175588370266E+00
    0.376099999999975E+00    0.109288571312847E+00    0.785220501253584E-04    0.928729122828299E-01    0.112202143825142E+00
    0.376199999999975E+00    0.109314925475996E+00    0.785906414448070E-04    0.928943447578450E-01    0.112228697775194E+00
    0.376299999999975E+00    0.109341278302905E+00    0.786592737382319E-04    0.929157756167626E-01    0.112255250220585E+00
    0.376399999999975E+00    0.109367629793650E+00    0.787279470179633E-04    0.929372048596658E-01    0.112281801161474E+00
    0.376499999999975E+00    0.109393979948305E+00    0.787966612963289E-04    0.929586324866380E-01    0.112308350598023E+00
    0.376599999999975E+00    0.109420328766943E+00    0.788654165856529E-04    0.929800584977625E-01    0.112334898530394E+00
    0.376699999999975E+00    0.109446676249640E+00    0.789342128982652E-04    0.930014828931223E-01    0.112361444958747E+00
    0.376799999999975E+00    0.109473022396468E+00    0.790030502464890E-04    0.930229056728007E-01    0.112387989883242E+00
    0.376899999999975E+00    0.109499367207503E+00    0.790719286426362E-04    0.930443268368809E-01    0.112414533304042E+00
    0.376999999999975E+00    0.109525710682818E+00    0.791408480990304E-04    0.930657463854461E-01    0.112441075221307E+00
    0.377099999999975E+00    0.109552052822487E+00    0.792098086280047E-04    0.930871643185796E-01    0.112467615635198E+00
    0.377199999999975E+00    0.109578393626586E+00    0.792788102418611E-04    0.931085806363644E-01    0.112494154545877E+00
    0.377299999999975E+00    0.109604733095187E+00    0.793478529529343E-04    0.931299953388838E-01    0.112520691953502E+00
    0.377399999999975E+00    0.109631071228366E+00    0.794169367735268E-04    0.931514084262210E-01    0.112547227858237E+00
    0.377499999999975E+00    0.109657408026196E+00    0.794860617159593E-04    0.931728198984591E-01    0.112573762260241E+00
    0.377599999999975E+00    0.109683743488752E+00    0.795552277925392E-04    0.931942297556812E-01    0.112600295159675E+00
    0.377699999999975E+00    0.109710077616107E+00    0.796244350155869E-04    0.932156379979705E-01    0.112626826556700E+00
    0.377799999999975E+00    0.109736410408335E+00    0.796936833974093E-04    0.932370446254101E-01    0.112653356451477E+00
    0.377899999999975E+00    0.109762741865512E+00    0.797629729503084E-04    0.932584496380833E-01    0.112679884844166E+00
    0.377999999999975E+00    0.109789071987711E+00    0.798323036866125E-04    0.932798530360730E-01    0.112706411734929E+00
    0.378099999999975E+00    0.109815400775006E+00    0.799016756186210E-04    0.933012548194624E-01    0.112732937123926E+00
    0.378199999999975E+00    0.109841728227471E+00    0.799710887586413E-04    0.933226549883347E-01    0.112759461011317E+00
    0.378299999999975E+00    0.109868054345180E+00    0.800405431189961E-04    0.933440535427728E-01    0.112785983397263E+00
    0.378399999999975E+00    0.109894379128208E+00    0.801100387119651E-04    0.933654504828600E-01    0.112812504281925E+00
    0.378499999999975E+00    0.109920702576629E+00    0.801795755498662E-04    0.933868458086793E-01    0.112839023665463E+00
    0.378599999999975E+00    0.109947024690516E+00    0.802491536449897E-04    0.934082395203138E-01    0.112865541548039E+00
    0.378699999999975E+00    0.109973345469944E+00    0.803187730096464E-04    0.934296316178465E-01    0.112892057929811E+00
    0.378799999999975E+00    0.109999664914987E+00    0.803884336561417E-04    0.934510221013606E-01    0.112918572810942E+00
    0.378899999999975E+00    0.110025983025719E+00    0.804581355967542E-04    0.934724109709390E-01    0.112945086191591E+00
    0.378999999999975E+00    0.110052299802214E+00    0.805278788438065E-04    0.934937982266649E-01    0.112971598071919E+00
    0.379099999999975E+00    0.110078615244546E+00    0.805976634095778E-04    0.935151838686212E-01    0.112998108452086E+00
    0.379199999999975E+00    0.110104929352789E+00    0.806674893063657E-04    0.935365678968910E-01    0.113024617332253E+00
    0.379299999999975E+00    0.110131242127017E+00    0.807373565464706E-04    0.935579503115574E-01    0.113051124712580E+00
    0.379399999999975E+00    0.110157553567305E+00    0.808072651421803E-04    0.935793311127033E-01    0.113077630593227E+00
    0.379499999999975E+00    0.110183863673726E+00    0.808772151057869E-04    0.936007103004118E-01    0.113104134974355E+00
    0.379599999999975E+00    0.110210172446354E+00    0.809472064495959E-04    0.936220878747658E-01    0.113130637856124E+00
    0.379699999999975E+00    0.110236479885264E+00    0.810172391858783E-04    0.936434638358485E-01    0.113157139238694E+00
    0.379799999999974E+00    0.110262785990529E+00    0.810873133269282E-04    0.936648381837426E-01    0.113183639122226E+00
    0.379899999999974E+00    0.110289090762224E+00    0.811574288850290E-04    0.936862109185314E-01    0.113210137506880E+00
    0.379999999999974E+00    0.110315394200423E+00    0.812275858724671E-04    0.937075820402976E-01    0.113236634392815E+00
    0.380099999999974E+00    0.110341696305199E+00    0.812977843015413E-04    0.937289515491243E-01    0.113263129780193E+00
    0.380199999999974E+00    0.110367997076626E+00    0.813680241845154E-04    0.937503194450945E-01    0.113289623669173E+00
    0.380299999999974E+00    0.110394296514779E+00    0.814383055336843E-04    0.937716857282910E-01    0.113316116059916E+00
    0.380399999999974E+00    0.110420594619732E+00    0.815086283613261E-04    0.937930503987969E-01    0.113342606952581E+00
    0.380499999999974E+00    0.110446891391558E+00    0.815789926797243E-04    0.938144134566950E-01    0.113369096347329E+00
    0.380599999999974E+00    0.110473186830331E+00    0.816493985011536E-04    0.938357749020684E-01    0.113395584244319E+00
    0.380699999999974E+00    0.110499480936127E+00    0.817198458378854E-04    0.938571347349999E-01    0.113422070643713E+00
    0.380799999999974E+00    0.110525773709018E+00    0.817903347022188E-04    0.938784929555725E-01    0.113448555545669E+00
    0.380899999999974E+00    0.110552065149078E+00    0.818608651064090E-04    0.938998495638690E-01    0.113475038950347E+00
    0.380999999999974E+00    0.110578355256382E+00    0.819314370627336E-04    0.939212045599724E-01    0.113501520857908E+00
    0.381099999999974E+00    0.110604644031003E+00    0.820020505834644E-04    0.939425579439655E-01    0.113528001268512E+00
    0.381199999999974E+00    0.110630931473016E+00    0.820727056808687E-04    0.939639097159313E-01    0.113554480182318E+00
    0.381299999999974E+00    0.110657217582494E+00    0.821434023672355E-04    0.939852598759525E-01    0.113580957599487E+00
    0.381399999999974E+00    0.110683502359511E+00    0.822141406548166E-04    0.940066084241122E-01    0.113607433520178E+00
    0.381499999999974E+00    0.110709785804142E+00    0.822849205558931E-04    0.940279553604931E-01    0.113633907944551E+00
    0.381599999999974E+00    0.110736067916459E+00    0.823557420827209E-04    0.940493006851781E-01    0.113660380872766E+00
    0.381699999999974E+00    0.110762348696538E+00    0.824266052475707E-04    0.940706443982501E-01    0.113686852304982E+00
    0.381799999999974E+00    0.110788628144452E+00    0.824975100627022E-04    0.940919864997919E-01    0.113713322241360E+00
    0.381899999999974E+00    0.110814906260276E+00    0.825684565403810E-04    0.941133269898863E-01    0.113739790682059E+00
    0.381999999999974E+00    0.110841183044082E+00    0.826394446928827E-04    0.941346658686162E-01    0.113766257627238E+00
    0.382099999999974E+00    0.110867458495944E+00    0.827104745324623E-04    0.941560031360643E-01    0.113792723077058E+00
    0.382199999999974E+00    0.110893732615938E+00    0.827815460713621E-04    0.941773387923135E-01    0.113819187031679E+00
    0.382299999999974E+00    0.110920005404136E+00    0.828526593218612E-04    0.941986728374467E-01    0.113845649491259E+00
    0.382399999999974E+00    0.110946276860613E+00    0.829238142962042E-04    0.942200052715465E-01    0.113872110455958E+00
    0.382499999999974E+00    0.110972546985442E+00    0.829950110066566E-04    0.942413360946958E-01    0.113898569925937E+00
    0.382599999999974E+00    0.110998815778698E+00    0.830662494654639E-04    0.942626653069773E-01    0.113925027901354E+00
    0.382699999999974E+00    0.111025083240453E+00    0.831375296848811E-04    0.942839929084739E-01    0.113951484382369E+00
    0.382799999999974E+00    0.111051349370783E+00    0.832088516771697E-04    0.943053188992683E-01    0.113977939369141E+00
    0.382899999999974E+00    0.111077614169761E+00    0.832802154545739E-04    0.943266432794433E-01    0.114004392861831E+00
    0.382999999999974E+00    0.111103877637460E+00    0.833516210293400E-04    0.943479660490816E-01    0.114030844860597E+00
    0.383099999999974E+00    0.111130139773956E+00    0.834230684137303E-04    0.943692872082660E-01    0.114057295365599E+00
    0.383199999999974E+00    0.111156400579321E+00    0.834945576199683E-04    0.943906067570791E-01    0.114083744376997E+00
    0.383299999999974E+00    0.111182660053629E+00    0.835660886603325E-04    0.944119246956038E-01    0.114110191894949E+00
    0.383399999999974E+00    0.111208918196954E+00    0.836376615470580E-04    0.944332410239228E-01    0.114136637919615E+00
    0.383499999999974E+00    0.111235175009371E+00    0.837092762923715E-04    0.944545557421187E-01    0.114163082451155E+00
    0.383599999999974E+00    0.111261430490952E+00    0.837809329085307E-04    0.944758688502743E-01    0.114189525489728E+00
    0.383699999999974E+00    0.111287684641773E+00    0.838526314077761E-04    0.944971803484722E-01    0.114215967035492E+00
    0.383799999999974E+00    0.111313937461905E+00    0.839243718023393E-04    0.945184902367952E-01    0.114242407088608E+00
    0.383899999999974E+00    0.111340188951425E+00    0.839961541044734E-04    0.945397985153261E-01    0.114268845649234E+00
    0.383999999999974E+00    0.111366439110404E+00    0.840679783264008E-04    0.945611051841473E-01    0.114295282717530E+00
    0.384099999999974E+00    0.111392687938917E+00    0.841398444803713E-04    0.945824102433416E-01    0.114321718293655E+00
    0.384199999999974E+00    0.111418935437039E+00    0.842117525786078E-04    0.946037136929917E-01    0.114348152377768E+00
    0.384299999999974E+00    0.111445181604842E+00    0.842837026333587E-04    0.946250155331803E-01    0.114374584970028E+00
    0.384399999999974E+00    0.111471426442400E+00    0.843556946568462E-04    0.946463157639899E-01    0.114401016070594E+00
    0.384499999999974E+00    0.111497669949787E+00    0.844277286613027E-04    0.946676143855032E-01    0.114427445679626E+00
    0.384599999999974E+00    0.111523912127078E+00    0.844998046589719E-04    0.946889113978029E-01    0.114453873797282E+00
    0.384699999999974E+00    0.111550152974345E+00    0.845719226620722E-04    0.947102068009716E-01    0.114480300423722E+00
    0.384799999999974E+00    0.111576392491663E+00    0.846440826828348E-04    0.947315005950919E-01    0.114506725559104E+00
    0.384899999999974E+00    0.111602630679105E+00    0.847162847334823E-04    0.947527927802463E-01    0.114533149203588E+00
    0.384999999999974E+00    0.111628867536745E+00    0.847885288262428E-04    0.947740833565176E-01    0.114559571357332E+00
    0.385099999999974E+00    0.111655103064657E+00    0.848608149733311E-04    0.947953723239883E-01    0.114585992020495E+00
    0.385199999999974E+00    0.111681337262915E+00    0.849331431869878E-04    0.948166596827410E-01    0.114612411193237E+00
    0.385299999999974E+00    0.111707570131591E+00    0.850055134794341E-04    0.948379454328583E-01    0.114638828875716E+00
    0.385399999999974E+00    0.111733801670761E+00    0.850779258628675E-04    0.948592295744228E-01    0.114665245068091E+00
    0.385499999999974E+00    0.111760031880498E+00    0.851503803495346E-04    0.948805121075170E-01    0.114691659770521E+00
    0.385599999999974E+00    0.111786260760875E+00    0.852228769516408E-04    0.949017930322234E-01    0.114718072983165E+00
    0.385699999999974E+00    0.111812488311966E+00    0.852954156814021E-04    0.949230723486248E-01    0.114744484706181E+00
    0.385799999999974E+00    0.111838714533846E+00    0.853679965510517E-04    0.949443500568035E-01    0.114770894939728E+00
    0.385899999999974E+00    0.111864939426587E+00    0.854406195727799E-04    0.949656261568421E-01    0.114797303683966E+00
    0.385999999999974E+00    0.111891162990263E+00    0.855132847588107E-04    0.949869006488232E-01    0.114823710939052E+00
    0.386099999999974E+00    0.111917385224949E+00    0.855859921213494E-04    0.950081735328292E-01    0.114850116705145E+00
    0.386199999999974E+00    0.111943606130717E+00    0.856587416726137E-04    0.950294448089428E-01    0.114876520982405E+00
    0.386299999999974E+00    0.111969825707642E+00    0.857315334248212E-04    0.950507144772464E-01    0.114902923770989E+00
    0.386399999999974E+00    0.111996043955797E+00    0.858043673901589E-04    0.950719825378224E-01    0.114929325071057E+00
    0.386499999999974E+00    0.112022260875256E+00    0.858772435808460E-04    0.950932489907535E-01    0.114955724882766E+00
    0.386599999999974E+00    0.112048476466093E+00    0.859501620090867E-04    0.951145138361221E-01    0.114982123206276E+00
    0.386699999999974E+00    0.112074690728380E+00    0.860231226870905E-04    0.951357770740106E-01    0.115008520041745E+00
    0.386799999999974E+00    0.112100903662193E+00    0.860961256270499E-04    0.951570387045016E-01    0.115034915389332E+00
    0.386899999999974E+00    0.112127115267604E+00    0.861691708411906E-04    0.951782987276774E-01    0.115061309249194E+00
    0.386999999999974E+00    0.112153325544687E+00    0.862422583416859E-04    0.951995571436206E-01    0.115087701621492E+00
    0.387099999999974E+00    0.112179534493517E+00    0.863153881407435E-04    0.952208139524137E-01    0.115114092506382E+00
    0.387199999999974E+00    0.112205742114165E+00    0.863885602505708E-04    0.952420691541390E-01    0.115140481904023E+00
    0.387299999999974E+00    0.112231948406707E+00    0.864617746833618E-04    0.952633227488790E-01    0.115166869814574E+00
    0.387399999999974E+00    0.112258153371215E+00    0.865350314512966E-04    0.952845747367160E-01    0.115193256238193E+00
    0.387499999999974E+00    0.112284357007764E+00    0.866083305665926E-04    0.953058251177327E-01    0.115219641175039E+00
    0.387599999999974E+00    0.112310559316427E+00    0.866816720414213E-04    0.953270738920113E-01    0.115246024625270E+00
    0.387699999999974E+00    0.112336760297278E+00    0.867550558879895E-04    0.953483210596342E-01    0.115272406589043E+00
    0.387799999999974E+00    0.112362959950390E+00    0.868284821184877E-04    0.953695666206839E-01    0.115298787066518E+00
    0.387899999999974E+00    0.112389158275837E+00    0.869019507450959E-04    0.953908105752427E-01    0.115325166057853E+00
    0.387999999999974E+00    0.112415355273692E+00    0.869754617800138E-04    0.954120529233930E-01    0.115351543563205E+00
    0.388099999999974E+00    0.112441550944029E+00    0.870490152354249E-04    0.954332936652173E-01    0.115377919582733E+00
    0.388199999999974E+00    0.112467745286922E+00    0.871226111235036E-04    0.954545328007978E-01    0.115404294116596E+00
    0.388299999999974E+00    0.112493938302444E+00    0.871962494564491E-04    0.954757703302170E-01    0.115430667164951E+00
    0.388399999999974E+00    0.112520129990669E+00    0.872699302464381E-04    0.954970062535571E-01    0.115457038727956E+00
    0.388499999999974E+00    0.112546320351671E+00    0.873436535056545E-04    0.955182405709006E-01    0.115483408805770E+00
    0.388599999999974E+00    0.112572509385522E+00    0.874174192462784E-04    0.955394732823297E-01    0.115509777398551E+00
    0.388699999999974E+00    0.112598697092297E+00    0.874912274804903E-04    0.955607043879268E-01    0.115536144506456E+00
    0.388799999999974E+00    0.112624883472069E+00    0.875650782204551E-04    0.955819338877743E-01    0.115562510129644E+00
    0.388899999999973E+00    0.112651068524912E+00    0.876389714783784E-04    0.956031617819545E-01    0.115588874268273E+00
    0.388999999999973E+00    0.112677252250899E+00    0.877129072664038E-04    0.956243880705496E-01    0.115615236922500E+00
    0.389099999999973E+00    0.112703434650104E+00    0.877868855967161E-04    0.956456127536419E-01    0.115641598092484E+00
    0.389199999999973E+00    0.112729615722600E+00    0.878609064814985E-04    0.956668358313138E-01    0.115667957778383E+00
    0.389299999999973E+00    0.112755795468461E+00    0.879349699329158E-04    0.956880573036476E-01    0.115694315980354E+00
    0.389399999999973E+00    0.112781973887760E+00    0.880090759631424E-04    0.957092771707254E-01    0.115720672698555E+00
    0.389499999999973E+00    0.112808150980572E+00    0.880832245843400E-04    0.957304954326297E-01    0.115747027933145E+00
    0.389599999999973E+00    0.112834326746968E+00    0.881574158086839E-04    0.957517120894426E-01    0.115773381684280E+00
    0.389699999999973E+00    0.112860501187024E+00    0.882316496483335E-04    0.957729271412464E-01    0.115799733952120E+00
    0.389799999999973E+00    0.112886674300812E+00    0.883059261154482E-04    0.957941405881234E-01    0.115826084736821E+00
    0.389899999999973E+00    0.112912846088406E+00    0.883802452222106E-04    0.958153524301559E-01    0.115852434038541E+00
    0.389999999999973E+00    0.112939016549880E+00    0.884546069807722E-04    0.958365626674260E-01    0.115878781857438E+00
    0.390099999999973E+00    0.112965185685306E+00    0.885290114032957E-04    0.958577713000160E-01    0.115905128193671E+00
    0.390199999999973E+00    0.112991353494759E+00    0.886034585019554E-04    0.958789783280080E-01    0.115931473047395E+00
    0.390299999999973E+00    0.113017519978312E+00    0.886779482888799E-04    0.959001837514844E-01    0.115957816418770E+00
    0.390399999999973E+00    0.113043685136038E+00    0.887524807762408E-04    0.959213875705273E-01    0.115984158307953E+00
    0.390499999999973E+00    0.113069848968011E+00    0.888270559762008E-04    0.959425897852190E-01    0.116010498715101E+00
    0.390599999999973E+00    0.113096011474305E+00    0.889016739009137E-04    0.959637903956416E-01    0.116036837640371E+00
    0.390699999999973E+00    0.113122172654992E+00    0.889763345625280E-04    0.959849894018772E-01    0.116063175083923E+00
    0.390799999999973E+00    0.113148332510146E+00    0.890510379731976E-04    0.960061868040082E-01    0.116089511045912E+00
    0.390899999999973E+00    0.113174491039842E+00    0.891257841450706E-04    0.960273826021166E-01    0.116115845526497E+00
    0.390999999999973E+00    0.113200648244151E+00    0.892005730903122E-04    0.960485767962846E-01    0.116142178525835E+00
    0.391099999999973E+00    0.113226804123148E+00    0.892754048210487E-04    0.960697693865944E-01    0.116168510044083E+00
    0.391199999999973E+00    0.113252958676906E+00    0.893502793494445E-04    0.960909603731282E-01    0.116194840081400E+00
    0.391299999999973E+00    0.113279111905499E+00    0.894251966876383E-04    0.961121497559679E-01    0.116221168637941E+00
    0.391399999999973E+00    0.113305263808999E+00    0.895001568477724E-04    0.961333375351959E-01    0.116247495713866E+00
    0.391499999999973E+00    0.113331414387481E+00    0.895751598419972E-04    0.961545237108942E-01    0.116273821309330E+00
    0.391599999999973E+00    0.113357563641017E+00    0.896502056824396E-04    0.961757082831450E-01    0.116300145424492E+00
    0.391699999999973E+00    0.113383711569682E+00    0.897252943812557E-04    0.961968912520303E-01    0.116326468059508E+00
    0.391799999999973E+00    0.113409858173548E+00    0.898004259505867E-04    0.962180726176322E-01    0.116352789214537E+00
    0.391899999999973E+00    0.113436003452689E+00    0.898756004025606E-04    0.962392523800329E-01    0.116379108889735E+00
    0.391999999999973E+00    0.113462147407178E+00    0.899508177493254E-04    0.962604305393145E-01    0.116405427085259E+00
    0.392099999999973E+00    0.113488290037090E+00    0.900260780030130E-04    0.962816070955590E-01    0.116431743801267E+00
    0.392199999999973E+00    0.113514431342496E+00    0.901013811757497E-04    0.963027820488485E-01    0.116458059037916E+00
    0.392299999999973E+00    0.113540571323471E+00    0.901767272796740E-04    0.963239553992651E-01    0.116484372795363E+00
    0.392399999999973E+00    0.113566709980087E+00    0.902521163269148E-04    0.963451271468908E-01    0.116510685073765E+00
    0.392499999999973E+00    0.113592847312419E+00    0.903275483296001E-04    0.963662972918077E-01    0.116536995873280E+00
    0.392599999999973E+00    0.113618983320540E+00    0.904030232998651E-04    0.963874658340978E-01    0.116563305194064E+00
    0.392699999999973E+00    0.113645118004522E+00    0.904785412498322E-04    0.964086327738432E-01    0.116589613036274E+00
    0.392799999999973E+00    0.113671251364440E+00    0.905541021916476E-04    0.964297981111259E-01    0.116615919400068E+00
    0.392899999999973E+00    0.113697383400367E+00    0.906297061374155E-04    0.964509618460280E-01    0.116642224285603E+00
    0.392999999999973E+00    0.113723514112375E+00    0.907053530992487E-04    0.964721239786313E-01    0.116668527693035E+00
    0.393099999999973E+00    0.113749643500539E+00    0.907810430893033E-04    0.964932845090181E-01    0.116694829622521E+00
    0.393199999999973E+00    0.113775771564931E+00    0.908567761196687E-04    0.965144434372702E-01    0.116721130074219E+00
    0.393299999999973E+00    0.113801898305626E+00    0.909325522024776E-04    0.965356007634696E-01    0.116747429048286E+00
    0.393399999999973E+00    0.113828023722695E+00    0.910083713498549E-04    0.965567564876984E-01    0.116773726544878E+00
    0.393499999999973E+00    0.113854147816214E+00    0.910842335739035E-04    0.965779106100385E-01    0.116800022564151E+00
    0.393599999999973E+00    0.113880270586254E+00    0.911601388867505E-04    0.965990631305719E-01    0.116826317106264E+00
    0.393699999999973E+00    0.113906392032890E+00    0.912360873005153E-04    0.966202140493806E-01    0.116852610171373E+00
    0.393799999999973E+00    0.113932512156194E+00    0.913120788272901E-04    0.966413633665465E-01    0.116878901759634E+00
    0.393899999999973E+00    0.113958630956240E+00    0.913881134792174E-04    0.966625110821516E-01    0.116905191871205E+00
    0.393999999999973E+00    0.113984748433101E+00    0.914641912683789E-04    0.966836571962778E-01    0.116931480506241E+00
    0.394099999999973E+00    0.114010864586850E+00    0.915403122069011E-04    0.967048017090070E-01    0.116957767664901E+00
    0.394199999999973E+00    0.114036979417562E+00    0.916164763068756E-04    0.967259446204212E-01    0.116984053347340E+00
    0.394299999999973E+00    0.114063092925308E+00    0.916926835804342E-04    0.967470859306023E-01    0.117010337553715E+00
    0.394399999999973E+00    0.114089205110162E+00    0.917689340396542E-04    0.967682256396323E-01    0.117036620284183E+00
    0.394499999999973E+00    0.114115315972198E+00    0.918452276966511E-04    0.967893637475929E-01    0.117062901538901E+00
    0.394599999999973E+00    0.114141425511489E+00    0.919215645635410E-04    0.968105002545662E-01    0.117089181318025E+00
    0.394699999999973E+00    0.114167533728108E+00    0.919979446524101E-04    0.968316351606340E-01    0.117115459621711E+00
    0.394799999999973E+00    0.114193640622128E+00    0.920743679753592E-04    0.968527684658783E-01    0.117141736450117E+00
    0.394899999999973E+00    0.114219746193623E+00    0.921508345444917E-04    0.968739001703808E-01    0.117168011803398E+00
    0.394999999999973E+00    0.114245850442665E+00    0.922273443719009E-04    0.968950302742234E-01    0.117194285681712E+00
    0.395099999999973E+00    0.114271953369328E+00    0.923038974696847E-04    0.969161587774881E-01    0.117220558085214E+00
    0.395199999999973E+00    0.114298054973686E+00    0.923804938499471E-04    0.969372856802566E-01    0.117246829014062E+00
    0.395299999999973E+00    0.114324155255811E+00    0.924571335247541E-04    0.969584109826109E-01    0.117273098468411E+00
    0.395399999999973E+00    0.114350254215776E+00    0.925338165062115E-04    0.969795346846327E-01    0.117299366448419E+00
    0.395499999999973E+00    0.114376351853656E+00    0.926105428064353E-04    0.970006567864039E-01    0.117325632954240E+00
    0.395599999999973E+00    0.114402448169522E+00    0.926873124374764E-04    0.970217772880064E-01    0.117351897986033E+00
    0.395699999999973E+00    0.114428543163449E+00    0.927641254114463E-04    0.970428961895219E-01    0.117378161543952E+00
    0.395799999999973E+00    0.114454636835509E+00    0.928409817404313E-04    0.970640134910323E-01    0.117404423628155E+00
    0.395899999999973E+00    0.114480729185776E+00    0.929178814365049E-04    0.970851291926193E-01    0.117430684238798E+00
    0.395999999999973E+00    0.114506820214323E+00    0.929948245117535E-04    0.971062432943648E-01    0.117456943376037E+00
    0.396099999999973E+00    0.114532909921223E+00    0.930718109782695E-04    0.971273557963506E-01    0.117483201040027E+00
    0.396199999999973E+00    0.114558998306549E+00    0.931488408481218E-04    0.971484666986584E-01    0.117509457230927E+00
    0.396299999999973E+00    0.114585085370374E+00    0.932259141333950E-04    0.971695760013700E-01    0.117535711948890E+00
    0.396399999999973E+00    0.114611171112772E+00    0.933030308461660E-04    0.971906837045673E-01    0.117561965194075E+00
    0.396499999999973E+00    0.114637255533815E+00    0.933801909985223E-04    0.972117898083318E-01    0.117588216966636E+00
    0.396599999999973E+00    0.114663338633578E+00    0.934573946025285E-04    0.972328943127455E-01    0.117614467266731E+00
    0.396699999999973E+00    0.114689420412132E+00    0.935346416702582E-04    0.972539972178900E-01    0.117640716094514E+00
    0.396799999999973E+00    0.114715500869552E+00    0.936119322137927E-04    0.972750985238471E-01    0.117666963450143E+00
    0.396899999999973E+00    0.114741580005909E+00    0.936892662451941E-04    0.972961982306985E-01    0.117693209333773E+00
    0.396999999999973E+00    0.114767657821279E+00    0.937666437765448E-04    0.973172963385260E-01    0.117719453745560E+00
    0.397099999999973E+00    0.114793734315732E+00    0.938440648199016E-04    0.973383928474113E-01    0.117745696685660E+00
    0.397199999999973E+00    0.114819809489344E+00    0.939215293873379E-04    0.973594877574360E-01    0.117771938154230E+00
    0.397299999999973E+00    0.114845883342186E+00    0.939990374909241E-04    0.973805810686819E-01    0.117798178151424E+00
    0.397399999999973E+00    0.114871955874332E+00    0.940765891427288E-04    0.974016727812307E-01    0.117824416677400E+00
    0.397499999999973E+00    0.114898027085855E+00    0.941541843547963E-04    0.974227628951641E-01    0.117850653732312E+00
    0.397599999999973E+00    0.114924096976829E+00    0.942318231392002E-04    0.974438514105637E-01    0.117876889316317E+00
    0.397699999999973E+00    0.114950165547325E+00    0.943095055080119E-04    0.974649383275112E-01    0.117903123429571E+00
    0.397799999999973E+00    0.114976232797418E+00    0.943872314732781E-04    0.974860236460883E-01    0.117929356072230E+00
    0.397899999999972E+00    0.115002298727180E+00    0.944650010470534E-04    0.975071073663767E-01    0.117955587244448E+00
    0.397999999999972E+00    0.115028363336684E+00    0.945428142414039E-04    0.975281894884580E-01    0.117981816946383E+00
    0.398099999999972E+00    0.115054426626004E+00    0.946206710683789E-04    0.975492700124139E-01    0.118008045178189E+00
    0.398199999999972E+00    0.115080488595213E+00    0.946985715400373E-04    0.975703489383259E-01    0.118034271940023E+00
    0.398299999999972E+00    0.115106549244383E+00    0.947765156684432E-04    0.975914262662757E-01    0.118060497232040E+00
    0.398399999999972E+00    0.115132608573588E+00    0.948545034656214E-04    0.976125019963451E-01    0.118086721054396E+00
    0.398499999999972E+00    0.115158666582901E+00    0.949325349436393E-04    0.976335761286154E-01    0.118112943407247E+00
    0.398599999999972E+00    0.115184723272395E+00    0.950106101145482E-04    0.976546486631685E-01    0.118139164290748E+00
    0.398699999999972E+00    0.115210778642142E+00    0.950887289903860E-04    0.976757196000858E-01    0.118165383705054E+00
    0.398799999999972E+00    0.115236832692217E+00    0.951668915832042E-04    0.976967889394490E-01    0.118191601650322E+00
    0.398899999999972E+00    0.115262885422691E+00    0.952450979050458E-04    0.977178566813397E-01    0.118217818126706E+00
    0.398999999999972E+00    0.115288936833639E+00    0.953233479679512E-04    0.977389228258394E-01    0.118244033134363E+00
    0.399099999999972E+00    0.115314986925132E+00    0.954016417839643E-04    0.977599873730297E-01    0.118270246673448E+00
    0.399199999999972E+00    0.115341035697245E+00    0.954799793651170E-04    0.977810503229922E-01    0.118296458744116E+00
    0.399299999999972E+00    0.115367083150049E+00    0.955583607234697E-04    0.978021116758084E-01    0.118322669346523E+00
    0.399399999999972E+00    0.115393129283619E+00    0.956367858710341E-04    0.978231714315600E-01    0.118348878480825E+00
    0.399499999999972E+00    0.115419174098026E+00    0.957152548198775E-04    0.978442295903283E-01    0.118375086147176E+00
    0.399599999999972E+00    0.115445217593345E+00    0.957937675820090E-04    0.978652861521951E-01    0.118401292345732E+00
    0.399699999999972E+00    0.115471259769648E+00    0.958723241694696E-04    0.978863411172417E-01    0.118427497076649E+00
    0.399799999999972E+00    0.115497300627008E+00    0.959509245942852E-04    0.979073944855497E-01    0.118453700340081E+00
    0.399899999999972E+00    0.115523340165497E+00    0.960295688685057E-04    0.979284462572007E-01    0.118479902136184E+00
    0.399999999999972E+00    0.115549378385190E+00    0.961082570041419E-04    0.979494964322762E-01    0.118506102465114E+00
    0.400099999999972E+00    0.115575415286159E+00    0.961869890132355E-04    0.979705450108576E-01    0.118532301327026E+00
    0.400199999999972E+00    0.115601450868476E+00    0.962657649077960E-04    0.979915919930264E-01    0.118558498722074E+00
    0.400299999999972E+00    0.115627485132216E+00    0.963445846998669E-04    0.980126373788642E-01    0.118584694650414E+00
    0.400399999999972E+00    0.115653518077450E+00    0.964234484014639E-04    0.980336811684524E-01    0.118610889112202E+00
    0.400499999999972E+00    0.115679549704253E+00    0.965023560246095E-04    0.980547233618724E-01    0.118637082107592E+00
    0.400599999999972E+00    0.115705580012695E+00    0.965813075813187E-04    0.980757639592059E-01    0.118663273636739E+00
    0.400699999999972E+00    0.115731609002852E+00    0.966603030836224E-04    0.980968029605341E-01    0.118689463699800E+00
    0.400799999999972E+00    0.115757636674795E+00    0.967393425435351E-04    0.981178403659386E-01    0.118715652296928E+00
    0.400899999999972E+00    0.115783663028598E+00    0.968184259730706E-04    0.981388761755008E-01    0.118741839428278E+00
    0.400999999999972E+00    0.115809688064333E+00    0.968975533842402E-04    0.981599103893020E-01    0.118768025094007E+00
    0.401099999999972E+00    0.115835711782074E+00    0.969767247890725E-04    0.981809430074239E-01    0.118794209294269E+00
    0.401199999999972E+00    0.115861734181893E+00    0.970559401995640E-04    0.982019740299478E-01    0.118820392029218E+00
    0.401299999999972E+00    0.115887755263863E+00    0.971351996277419E-04    0.982230034569550E-01    0.118846573299011E+00
    0.401399999999972E+00    0.115913775028057E+00    0.972145030856027E-04    0.982440312885271E-01    0.118872753103801E+00
    0.401499999999972E+00    0.115939793474549E+00    0.972938505851721E-04    0.982650575247453E-01    0.118898931443744E+00
    0.401599999999972E+00    0.115965810603410E+00    0.973732421384495E-04    0.982860821656912E-01    0.118925108318994E+00
    0.401699999999972E+00    0.115991826414714E+00    0.974526777574203E-04    0.983071052114461E-01    0.118951283729707E+00
    0.401799999999972E+00    0.116017840908534E+00    0.975321574541117E-04    0.983281266620913E-01    0.118977457676038E+00
    0.401899999999972E+00    0.116043854084942E+00    0.976116812405290E-04    0.983491465177082E-01    0.119003630158140E+00
    0.401999999999972E+00    0.116069865944012E+00    0.976912491286512E-04    0.983701647783783E-01    0.119029801176170E+00
    0.402099999999972E+00    0.116095876485816E+00    0.977708611305077E-04    0.983911814441828E-01    0.119055970730281E+00
    0.402199999999972E+00    0.116121885710427E+00    0.978505172580796E-04    0.984121965152031E-01    0.119082138820629E+00
    0.402299999999972E+00    0.116147893617919E+00    0.979302175233660E-04    0.984332099915205E-01    0.119108305447368E+00
    0.402399999999972E+00    0.116173900208363E+00    0.980099619383650E-04    0.984542218732165E-01    0.119134470610653E+00
    0.402499999999972E+00    0.116199905481833E+00    0.980897505150591E-04    0.984752321603722E-01    0.119160634310638E+00
    0.402599999999972E+00    0.116225909438401E+00    0.981695832654616E-04    0.984962408530691E-01    0.119186796547479E+00
    0.402699999999972E+00    0.116251912078141E+00    0.982494602015558E-04    0.985172479513884E-01    0.119212957321330E+00
    0.402799999999972E+00    0.116277913401125E+00    0.983293813353311E-04    0.985382534554115E-01    0.119239116632345E+00
    0.402899999999972E+00    0.116303913407427E+00    0.984093466787844E-04    0.985592573652196E-01    0.119265274480679E+00
    0.402999999999972E+00    0.116329912097118E+00    0.984893562438982E-04    0.985802596808940E-01    0.119291430866487E+00
    0.403099999999972E+00    0.116355909470272E+00    0.985694100426500E-04    0.986012604025161E-01    0.119317585789923E+00
    0.403199999999972E+00    0.116381905526961E+00    0.986495080870267E-04    0.986222595301671E-01    0.119343739251142E+00
    0.403299999999972E+00    0.116407900267259E+00    0.987296503890320E-04    0.986432570639282E-01    0.119369891250298E+00
    0.403399999999972E+00    0.116433893691237E+00    0.988098369606168E-04    0.986642530038808E-01    0.119396041787546E+00
    0.403499999999972E+00    0.116459885798970E+00    0.988900678137852E-04    0.986852473501061E-01    0.119422190863040E+00
    0.403599999999972E+00    0.116485876590529E+00    0.989703429604949E-04    0.987062401026854E-01    0.119448338476934E+00
    0.403699999999972E+00    0.116511866065988E+00    0.990506624127463E-04    0.987272312616998E-01    0.119474484629383E+00
    0.403799999999972E+00    0.116537854225419E+00    0.991310261825046E-04    0.987482208272306E-01    0.119500629320541E+00
    0.403899999999972E+00    0.116563841068896E+00    0.992114342817504E-04    0.987692087993591E-01    0.119526772550563E+00
    0.403999999999972E+00    0.116589826596490E+00    0.992918867224391E-04    0.987901951781664E-01    0.119552914319603E+00
    0.404099999999972E+00    0.116615810808274E+00    0.993723835165580E-04    0.988111799637338E-01    0.119579054627815E+00
    0.404199999999972E+00    0.116641793704322E+00    0.994529246760830E-04    0.988321631561425E-01    0.119605193475354E+00
    0.404299999999972E+00    0.116667775284706E+00    0.995335102129704E-04    0.988531447554737E-01    0.119631330862373E+00
    0.404399999999972E+00    0.116693755549499E+00    0.996141401391957E-04    0.988741247618085E-01    0.119657466789027E+00
    0.404499999999972E+00    0.116719734498774E+00    0.996948144667265E-04    0.988951031752282E-01    0.119683601255470E+00
    0.404599999999972E+00    0.116745712132602E+00    0.997755332075175E-04    0.989160799958139E-01    0.119709734261857E+00
    0.404699999999972E+00    0.116771688451058E+00    0.998562963735391E-04    0.989370552236469E-01    0.119735865808341E+00
    0.404799999999972E+00    0.116797663454214E+00    0.999371039767529E-04    0.989580288588082E-01    0.119761995895076E+00
    0.404899999999972E+00    0.116823637142142E+00    0.100017956029133E-03    0.989790009013791E-01    0.119788124522218E+00
    0.404999999999972E+00    0.116849609514916E+00    0.100098852542613E-03    0.989999713514405E-01    0.119814251689919E+00
    0.405099999999972E+00    0.116875580572607E+00    0.100179793529162E-03    0.990209402090738E-01    0.119840377398333E+00
    0.405199999999972E+00    0.116901550315289E+00    0.100260779000732E-03    0.990419074743601E-01    0.119866501647616E+00
    0.405299999999972E+00    0.116927518743034E+00    0.100341808969293E-03    0.990628731473804E-01    0.119892624437920E+00
    0.405399999999972E+00    0.116953485855916E+00    0.100422883446787E-03    0.990838372282159E-01    0.119918745769400E+00
    0.405499999999972E+00    0.116979451654006E+00    0.100504002445176E-03    0.991047997169476E-01    0.119944865642210E+00
    0.405599999999972E+00    0.117005416137377E+00    0.100585165976389E-03    0.991257606136569E-01    0.119970984056504E+00
    0.405699999999972E+00    0.117031379306103E+00    0.100666374052394E-03    0.991467199184245E-01    0.119997101012435E+00
    0.405799999999972E+00    0.117057341160255E+00    0.100747626685133E-03    0.991676776313318E-01    0.120023216510158E+00
    0.405899999999972E+00    0.117083301699907E+00    0.100828923886560E-03    0.991886337524598E-01    0.120049330549826E+00
    0.405999999999972E+00    0.117109260925131E+00    0.100910265668606E-03    0.992095882818896E-01    0.120075443131593E+00
    0.406099999999972E+00    0.117135218836000E+00    0.100991652043219E-03    0.992305412197021E-01    0.120101554255613E+00
    0.406199999999972E+00    0.117161175432586E+00    0.101073083022333E-03    0.992514925659786E-01    0.120127663922040E+00
    0.406299999999972E+00    0.117187130714962E+00    0.101154558617911E-03    0.992724423207999E-01    0.120153772131027E+00
    0.406399999999972E+00    0.117213084683201E+00    0.101236078841877E-03    0.992933904842473E-01    0.120179878882729E+00
    0.406499999999972E+00    0.117239037337376E+00    0.101317643706171E-03    0.993143370564017E-01    0.120205984177299E+00
    0.406599999999972E+00    0.117264988677558E+00    0.101399253222730E-03    0.993352820373442E-01    0.120232088014890E+00
    0.406699999999972E+00    0.117290938703821E+00    0.101480907403481E-03    0.993562254271557E-01    0.120258190395657E+00
    0.406799999999972E+00    0.117316887416238E+00    0.101562606260364E-03    0.993771672259174E-01    0.120284291319752E+00
    0.406899999999972E+00    0.117342834814880E+00    0.101644349805315E-03    0.993981074337102E-01    0.120310390787330E+00
    0.406999999999971E+00    0.117368780899820E+00    0.101726138050259E-03    0.994190460506151E-01    0.120336488798545E+00
    0.407099999999971E+00    0.117394725671132E+00    0.101807971007123E-03    0.994399830767131E-01    0.120362585353549E+00
    0.407199999999971E+00    0.117420669128887E+00    0.101889848687848E-03    0.994609185120852E-01    0.120388680452496E+00
    0.407299999999971E+00    0.117446611273159E+00    0.101971771104348E-03    0.994818523568125E-01    0.120414774095540E+00
    0.407399999999971E+00    0.117472552104020E+00    0.102053738268540E-03    0.995027846109757E-01    0.120440866282835E+00
    0.407499999999971E+00    0.117498491621542E+00    0.102135750192354E-03    0.995237152746561E-01    0.120466957014533E+00
    0.407599999999971E+00    0.117524429825798E+00    0.102217806887717E-03    0.995446443479344E-01    0.120493046290788E+00
    0.407699999999971E+00    0.117550366716861E+00    0.102299908366557E-03    0.995655718308917E-01    0.120519134111755E+00
    0.407799999999971E+00    0.117576302294803E+00    0.102382054640772E-03    0.995864977236089E-01    0.120545220477585E+00
    0.407899999999971E+00    0.117602236559697E+00    0.102464245722299E-03    0.996074220261669E-01    0.120571305388432E+00
    0.407999999999971E+00    0.117628169511615E+00    0.102546481623037E-03    0.996283447386467E-01    0.120597388844451E+00
    0.408099999999971E+00    0.117654101150630E+00    0.102628762354907E-03    0.996492658611293E-01    0.120623470845793E+00
    0.408199999999971E+00    0.117680031476815E+00    0.102711087929835E-03    0.996701853936954E-01    0.120649551392613E+00
    0.408299999999971E+00    0.117705960490241E+00    0.102793458359706E-03    0.996911033364261E-01    0.120675630485064E+00
    0.408399999999971E+00    0.117731888190982E+00    0.102875873656455E-03    0.997120196894023E-01    0.120701708123298E+00
    0.408499999999971E+00    0.117757814579110E+00    0.102958333831981E-03    0.997329344527048E-01    0.120727784307470E+00
    0.408599999999971E+00    0.117783739654698E+00    0.103040838898186E-03    0.997538476264145E-01    0.120753859037732E+00
    0.408699999999971E+00    0.117809663417818E+00    0.103123388866978E-03    0.997747592106123E-01    0.120779932314238E+00
    0.408799999999971E+00    0.117835585868543E+00    0.103205983750271E-03    0.997956692053790E-01    0.120806004137140E+00
    0.408899999999971E+00    0.117861507006944E+00    0.103288623559941E-03    0.998165776107957E-01    0.120832074506592E+00
    0.408999999999971E+00    0.117887426833095E+00    0.103371308307930E-03    0.998374844269430E-01    0.120858143422747E+00
    0.409099999999971E+00    0.117913345347069E+00    0.103454038006113E-03    0.998583896539020E-01    0.120884210885759E+00
    0.409199999999971E+00    0.117939262548937E+00    0.103536812666391E-03    0.998792932917533E-01    0.120910276895779E+00
    0.409299999999971E+00    0.117965178438773E+00    0.103619632300658E-03    0.999001953405779E-01    0.120936341452962E+00
    0.409399999999971E+00    0.117991093016648E+00    0.103702496920813E-03    0.999210958004566E-01    0.120962404557460E+00
    0.409499999999971E+00    0.118017006282635E+00    0.103785406538761E-03    0.999419946714703E-01    0.120988466209426E+00
    0.409599999999971E+00    0.118042918236807E+00    0.103868361166377E-03    0.999628919536996E-01    0.121014526409013E+00
    0.409699999999971E+00    0.118068828879236E+00    0.103951360815552E-03    0.999837876472256E-01    0.121040585156374E+00
    0.409799999999971E+00    0.118094738209995E+00    0.104034405498188E-03    0.100004681752129E+00    0.121066642451662E+00
    0.409899999999971E+00    0.118120646229156E+00    0.104117495226170E-03    0.100025574268490E+00    0.121092698295030E+00
    0.409999999999971E+00    0.118146552936791E+00    0.104200630011384E-03    0.100046465196391E+00    0.121118752686631E+00
    0.410099999999971E+00    0.118172458332973E+00    0.104283809865703E-03    0.100067354535911E+00    0.121144805626617E+00
    0.410199999999971E+00    0.118198362417775E+00    0.104367034801027E-03    0.100088242287131E+00    0.121170857115142E+00
    0.410299999999971E+00    0.118224265191268E+00    0.104450304829230E-03    0.100109128450133E+00    0.121196907152358E+00
    0.410399999999971E+00    0.118250166653526E+00    0.104533619962187E-03    0.100130013024997E+00    0.121222955738419E+00
    0.410499999999971E+00    0.118276066804620E+00    0.104616980211793E-03    0.100150896011804E+00    0.121249002873476E+00
    0.410599999999971E+00    0.118301965644624E+00    0.104700385589922E-03    0.100171777410634E+00    0.121275048557682E+00
    0.410699999999971E+00    0.118327863173609E+00    0.104783836108436E-03    0.100192657221569E+00    0.121301092791191E+00
    0.410799999999971E+00    0.118353759391648E+00    0.104867331779219E-03    0.100213535444688E+00    0.121327135574154E+00
    0.410899999999971E+00    0.118379654298814E+00    0.104950872614153E-03    0.100234412080074E+00    0.121353176906725E+00
    0.410999999999971E+00    0.118405547895178E+00    0.105034458625095E-03    0.100255287127805E+00    0.121379216789057E+00
    0.411099999999971E+00    0.118431440180814E+00    0.105118089823923E-03    0.100276160587964E+00    0.121405255221301E+00
    0.411199999999971E+00    0.118457331155793E+00    0.105201766222503E-03    0.100297032460631E+00    0.121431292203610E+00
    0.411299999999971E+00    0.118483220820188E+00    0.105285487832707E-03    0.100317902745886E+00    0.121457327736137E+00
    0.411399999999971E+00    0.118509109174071E+00    0.105369254666395E-03    0.100338771443811E+00    0.121483361819035E+00
    0.411499999999971E+00    0.118534996217516E+00    0.105453066735434E-03    0.100359638554486E+00    0.121509394452456E+00
    0.411599999999971E+00    0.118560881950593E+00    0.105536924051688E-03    0.100380504077991E+00    0.121535425636552E+00
    0.411699999999971E+00    0.118586766373376E+00    0.105620826627022E-03    0.100401368014407E+00    0.121561455371476E+00
    0.411799999999971E+00    0.118612649485937E+00    0.105704774473279E-03    0.100422230363816E+00    0.121587483657381E+00
    0.411899999999971E+00    0.118638531288348E+00    0.105788767602341E-03    0.100443091126297E+00    0.121613510494418E+00
    0.411999999999971E+00    0.118664411780682E+00    0.105872806026058E-03    0.100463950301931E+00    0.121639535882740E+00
    0.412099999999971E+00    0.118690290963010E+00    0.105956889756271E-03    0.100484807890799E+00    0.121665559822500E+00
    0.412199999999971E+00    0.118716168835406E+00    0.106041018804851E-03    0.100505663892982E+00    0.121691582313850E+00
    0.412299999999971E+00    0.118742045397942E+00    0.106125193183639E-03    0.100526518308560E+00    0.121717603356942E+00
    0.412399999999971E+00    0.118767920650690E+00    0.106209412904488E-03    0.100547371137614E+00    0.121743622951929E+00
    0.412499999999971E+00    0.118793794593721E+00    0.106293677979255E-03    0.100568222380224E+00    0.121769641098962E+00
    0.412599999999971E+00    0.118819667227110E+00    0.106377988419780E-03    0.100589072036471E+00    0.121795657798194E+00
    0.412699999999971E+00    0.118845538550927E+00    0.106462344237910E-03    0.100609920106436E+00    0.121821673049778E+00
    0.412799999999971E+00    0.118871408565246E+00    0.106546745445489E-03    0.100630766590198E+00    0.121847686853865E+00
    0.412899999999971E+00    0.118897277270138E+00    0.106631192054372E-03    0.100651611487840E+00    0.121873699210608E+00
    0.412999999999971E+00    0.118923144665676E+00    0.106715684076384E-03    0.100672454799441E+00    0.121899710120158E+00
    0.413099999999971E+00    0.118949010751933E+00    0.106800221523379E-03    0.100693296525082E+00    0.121925719582669E+00
    0.413199999999971E+00    0.118974875528979E+00    0.106884804407197E-03    0.100714136664844E+00    0.121951727598291E+00
    0.413299999999971E+00    0.119000738996889E+00    0.106969432739666E-03    0.100734975218806E+00    0.121977734167177E+00
    0.413399999999971E+00    0.119026601155733E+00    0.107054106532627E-03    0.100755812187050E+00    0.122003739289480E+00
    0.413499999999971E+00    0.119052462005585E+00    0.107138825797898E-03    0.100776647569656E+00    0.122029742965351E+00
    0.413599999999971E+00    0.119078321546517E+00    0.107223590547334E-03    0.100797481366705E+00    0.122055745194942E+00
    0.413699999999971E+00    0.119104179778600E+00    0.107308400792765E-03    0.100818313578277E+00    0.122081745978405E+00
    0.413799999999971E+00    0.119130036701907E+00    0.107393256546004E-03    0.100839144204453E+00    0.122107745315892E+00
    0.413899999999971E+00    0.119155892316511E+00    0.107478157818896E-03    0.100859973245313E+00    0.122133743207556E+00
    0.413999999999971E+00    0.119181746622484E+00    0.107563104623258E-03    0.100880800700938E+00    0.122159739653547E+00
    0.414099999999971E+00    0.119207599619897E+00    0.107648096970919E-03    0.100901626571408E+00    0.122185734654019E+00
    0.414199999999971E+00    0.119233451308823E+00    0.107733134873706E-03    0.100922450856804E+00    0.122211728209122E+00
    0.414299999999971E+00    0.119259301689335E+00    0.107818218343438E-03    0.100943273557206E+00    0.122237720319008E+00
    0.414399999999971E+00    0.119285150761505E+00    0.107903347391940E-03    0.100964094672694E+00    0.122263710983830E+00
    0.414499999999971E+00    0.119310998525404E+00    0.107988522031036E-03    0.100984914203350E+00    0.122289700203739E+00
    0.414599999999971E+00    0.119336844981105E+00    0.108073742272524E-03    0.101005732149253E+00    0.122315687978888E+00
    0.414699999999971E+00    0.119362690128680E+00    0.108159008128235E-03    0.101026548510485E+00    0.122341674309427E+00
    0.414799999999971E+00    0.119388533968202E+00    0.108244319609974E-03    0.101047363287125E+00    0.122367659195508E+00
    0.414899999999971E+00    0.119414376499743E+00    0.108329676729563E-03    0.101068176479254E+00    0.122393642637284E+00
    0.414999999999971E+00    0.119440217723374E+00    0.108415079498812E-03    0.101088988086953E+00    0.122419624634905E+00
    0.415099999999971E+00    0.119466057639169E+00    0.108500527929537E-03    0.101109798110301E+00    0.122445605188524E+00
    0.415199999999971E+00    0.119491896247199E+00    0.108586022033535E-03    0.101130606549379E+00    0.122471584298292E+00
    0.415299999999971E+00    0.119517733547536E+00    0.108671561822619E-03    0.101151413404269E+00    0.122497561964360E+00
    0.415399999999971E+00    0.119543569540253E+00    0.108757147308597E-03    0.101172218675049E+00    0.122523538186881E+00
    0.415499999999971E+00    0.119569404225422E+00    0.108842778503272E-03    0.101193022361801E+00    0.122549512966006E+00
    0.415599999999971E+00    0.119595237603114E+00    0.108928455418451E-03    0.101213824464604E+00    0.122575486301886E+00
    0.415699999999971E+00    0.119621069673403E+00    0.109014178065924E-03    0.101234624983540E+00    0.122601458194673E+00
    0.415799999999971E+00    0.119646900436360E+00    0.109099946457494E-03    0.101255423918689E+00    0.122627428644519E+00
    0.415899999999971E+00    0.119672729892058E+00    0.109185760604961E-03    0.101276221270131E+00    0.122653397651574E+00
    0.415999999999971E+00    0.119698558040568E+00    0.109271620520122E-03    0.101297017037945E+00    0.122679365215991E+00
    0.416099999999970E+00    0.119724384881963E+00    0.109357526214763E-03    0.101317811222214E+00    0.122705331337920E+00
    0.416199999999970E+00    0.119750210416314E+00    0.109443477700693E-03    0.101338603823017E+00    0.122731296017513E+00
    0.416299999999970E+00    0.119776034643695E+00    0.109529474989692E-03    0.101359394840434E+00    0.122757259254922E+00
    0.416399999999970E+00    0.119801857564177E+00    0.109615518093550E-03    0.101380184274546E+00    0.122783221050297E+00
    0.416499999999970E+00    0.119827679177832E+00    0.109701607024077E-03    0.101400972125433E+00    0.122809181403791E+00
    0.416599999999970E+00    0.119853499484733E+00    0.109787741793019E-03    0.101421758393176E+00    0.122835140315554E+00
    0.416699999999970E+00    0.119879318484951E+00    0.109873922412207E-03    0.101442543077854E+00    0.122861097785738E+00
    0.416799999999970E+00    0.119905136178559E+00    0.109960148893401E-03    0.101463326179549E+00    0.122887053814493E+00
    0.416899999999970E+00    0.119930952565628E+00    0.110046421248385E-03    0.101484107698339E+00    0.122913008401972E+00
    0.416999999999970E+00    0.119956767646231E+00    0.110132739488943E-03    0.101504887634307E+00    0.122938961548325E+00
    0.417099999999970E+00    0.119982581420440E+00    0.110219103626853E-03    0.101525665987531E+00    0.122964913253703E+00
    0.417199999999970E+00    0.120008393888327E+00    0.110305513673902E-03    0.101546442758092E+00    0.122990863518259E+00
    0.417299999999970E+00    0.120034205049965E+00    0.110391969641838E-03    0.101567217946071E+00    0.123016812342141E+00
    0.417399999999970E+00    0.120060014905424E+00    0.110478471542473E-03    0.101587991551548E+00    0.123042759725503E+00
    0.417499999999970E+00    0.120085823454778E+00    0.110565019387557E-03    0.101608763574603E+00    0.123068705668495E+00
    0.417599999999970E+00    0.120111630698098E+00    0.110651613188867E-03    0.101629534015316E+00    0.123094650171268E+00
    0.417699999999970E+00    0.120137436635456E+00    0.110738252958180E-03    0.101650302873767E+00    0.123120593233973E+00
    0.417799999999970E+00    0.120163241266925E+00    0.110824938707262E-03    0.101671070150038E+00    0.123146534856761E+00
    0.417899999999970E+00    0.120189044592576E+00    0.110911670447875E-03    0.101691835844207E+00    0.123172475039783E+00
    0.417999999999970E+00    0.120214846612481E+00    0.110998448191786E-03    0.101712599956355E+00    0.123198413783190E+00
    0.418099999999970E+00    0.120240647326714E+00    0.111085271950765E-03    0.101733362486563E+00    0.123224351087133E+00
    0.418199999999970E+00    0.120266446735344E+00    0.111172141736575E-03    0.101754123434911E+00    0.123250286951763E+00
    0.418299999999970E+00    0.120292244838446E+00    0.111259057560971E-03    0.101774882801478E+00    0.123276221377230E+00
    0.418399999999970E+00    0.120318041636090E+00    0.111346019435718E-03    0.101795640586345E+00    0.123302154363686E+00
    0.418499999999970E+00    0.120343837128349E+00    0.111433027372570E-03    0.101816396789593E+00    0.123328085911282E+00
    0.418599999999970E+00    0.120369631315294E+00    0.111520081383286E-03    0.101837151411301E+00    0.123354016020168E+00
    0.418699999999970E+00    0.120395424196998E+00    0.111607181479618E-03    0.101857904451550E+00    0.123379944690495E+00
    0.418799999999970E+00    0.120421215773533E+00    0.111694327673311E-03    0.101878655910419E+00    0.123405871922414E+00
    0.418899999999970E+00    0.120447006044971E+00    0.111781519976138E-03    0.101899405787989E+00    0.123431797716076E+00
    0.418999999999970E+00    0.120472795011383E+00    0.111868758399835E-03    0.101920154084340E+00    0.123457722071630E+00
    0.419099999999970E+00    0.120498582672842E+00    0.111956042956156E-03    0.101940900799553E+00    0.123483644989229E+00
    0.419199999999970E+00    0.120524369029420E+00    0.112043373656839E-03    0.101961645933707E+00    0.123509566469023E+00
    0.419299999999970E+00    0.120550154081188E+00    0.112130750513634E-03    0.101982389486882E+00    0.123535486511162E+00
    0.419399999999970E+00    0.120575937828219E+00    0.112218173538291E-03    0.102003131459159E+00    0.123561405115796E+00
    0.419499999999970E+00    0.120601720270584E+00    0.112305642742552E-03    0.102023871850617E+00    0.123587322283078E+00
    0.419599999999970E+00    0.120627501408356E+00    0.112393158138135E-03    0.102044610661338E+00    0.123613238013156E+00
    0.419699999999970E+00    0.120653281241607E+00    0.112480719736806E-03    0.102065347891400E+00    0.123639152306183E+00
    0.419799999999970E+00    0.120679059770408E+00    0.112568327550300E-03    0.102086083540885E+00    0.123665065162307E+00
    0.419899999999970E+00    0.120704836994832E+00    0.112655981590351E-03    0.102106817609871E+00    0.123690976581681E+00
    0.419999999999970E+00    0.120730612914950E+00    0.112743681868678E-03    0.102127550098440E+00    0.123716886564453E+00
    0.420099999999970E+00    0.120756387530834E+00    0.112831428397038E-03    0.102148281006671E+00    0.123742795110775E+00
    0.420199999999970E+00    0.120782160842556E+00    0.112919221187149E-03    0.102169010334645E+00    0.123768702220798E+00
    0.420299999999970E+00    0.120807932850189E+00    0.113007060250744E-03    0.102189738082440E+00    0.123794607894671E+00
    0.420399999999970E+00    0.120833703553804E+00    0.113094945599550E-03    0.102210464250139E+00    0.123820512132545E+00
    0.420499999999970E+00    0.120859472953473E+00    0.113182877245295E-03    0.102231188837820E+00    0.123846414934570E+00
    0.420599999999970E+00    0.120885241049267E+00    0.113270855199703E-03    0.102251911845563E+00    0.123872316300897E+00
    0.420699999999970E+00    0.120911007841260E+00    0.113358879474504E-03    0.102272633273449E+00    0.123898216231676E+00
    0.420799999999970E+00    0.120936773329522E+00    0.113446950081415E-03    0.102293353121558E+00    0.123924114727058E+00
    0.420899999999970E+00    0.120962537514126E+00    0.113535067032151E-03    0.102314071389969E+00    0.123950011787191E+00
    0.420999999999970E+00    0.120988300395144E+00    0.113623230338434E-03    0.102334788078763E+00    0.123975907412228E+00
    0.421099999999970E+00    0.121014061972647E+00    0.113711440011978E-03    0.102355503188019E+00    0.124001801602318E+00
    0.421199999999970E+00    0.121039822246707E+00    0.113799696064511E-03    0.102376216717819E+00    0.124027694357611E+00
    0.421299999999970E+00    0.121065581217396E+00    0.113887998507742E-03    0.102396928668241E+00    0.124053585678257E+00
    0.421399999999970E+00    0.121091338884787E+00    0.113976347353375E-03    0.102417639039365E+00    0.124079475564407E+00
    0.421499999999970E+00    0.121117095248950E+00    0.114064742613135E-03    0.102438347831272E+00    0.124105364016211E+00
    0.421599999999970E+00    0.121142850309958E+00    0.114153184298716E-03    0.102459055044042E+00    0.124131251033818E+00
    0.421699999999970E+00    0.121168604067883E+00    0.114241672421833E-03    0.102479760677755E+00    0.124157136617380E+00
    0.421799999999970E+00    0.121194356522796E+00    0.114330206994199E-03    0.102500464732490E+00    0.124183020767045E+00
    0.421899999999970E+00    0.121220107674770E+00    0.114418788027507E-03    0.102521167208327E+00    0.124208903482964E+00
    0.421999999999970E+00    0.121245857523876E+00    0.114507415533477E-03    0.102541868105347E+00    0.124234784765288E+00
    0.422099999999970E+00    0.121271606070186E+00    0.114596089523797E-03    0.102562567423629E+00    0.124260664614165E+00
    0.422199999999970E+00    0.121297353313772E+00    0.114684810010171E-03    0.102583265163253E+00    0.124286543029746E+00
    0.422299999999970E+00    0.121323099254705E+00    0.114773577004293E-03    0.102603961324300E+00    0.124312420012181E+00
    0.422399999999970E+00    0.121348843893058E+00    0.114862390517859E-03    0.102624655906849E+00    0.124338295561621E+00
    0.422499999999970E+00    0.121374587228902E+00    0.114951250562576E-03    0.102645348910979E+00    0.124364169678213E+00
    0.422599999999970E+00    0.121400329262310E+00    0.115040157150129E-03    0.102666040336772E+00    0.124390042362110E+00
    0.422699999999970E+00    0.121426069993352E+00    0.115129110292214E-03    0.102686730184307E+00    0.124415913613459E+00
    0.422799999999970E+00    0.121451809422101E+00    0.115218110000512E-03    0.102707418453663E+00    0.124441783432413E+00
    0.422899999999970E+00    0.121477547548629E+00    0.115307156286720E-03    0.102728105144921E+00    0.124467651819119E+00
    0.422999999999970E+00    0.121503284373007E+00    0.115396249162525E-03    0.102748790258160E+00    0.124493518773728E+00
    0.423099999999970E+00    0.121529019895307E+00    0.115485388639614E-03    0.102769473793461E+00    0.124519384296389E+00
    0.423199999999970E+00    0.121554754115601E+00    0.115574574729652E-03    0.102790155750902E+00    0.124545248387253E+00
    0.423299999999970E+00    0.121580487033960E+00    0.115663807444353E-03    0.102810836130565E+00    0.124571111046469E+00
    0.423399999999970E+00    0.121606218650457E+00    0.115753086795397E-03    0.102831514932529E+00    0.124596972274187E+00
    0.423499999999970E+00    0.121631948965164E+00    0.115842412794429E-03    0.102852192156874E+00    0.124622832070556E+00
    0.423599999999970E+00    0.121657677978151E+00    0.115931785453163E-03    0.102872867803679E+00    0.124648690435726E+00
    0.423699999999970E+00    0.121683405689491E+00    0.116021204783252E-03    0.102893541873024E+00    0.124674547369846E+00
    0.423799999999970E+00    0.121709132099255E+00    0.116110670796369E-03    0.102914214364990E+00    0.124700402873067E+00
    0.423899999999970E+00    0.121734857207516E+00    0.116200183504208E-03    0.102934885279655E+00    0.124726256945538E+00
    0.423999999999970E+00    0.121760581014344E+00    0.116289742918431E-03    0.102955554617101E+00    0.124752109587408E+00
    0.424099999999970E+00    0.121786303519813E+00    0.116379349050699E-03    0.102976222377406E+00    0.124777960798827E+00
    0.424199999999970E+00    0.121812024723992E+00    0.116469001912687E-03    0.102996888560650E+00    0.124803810579944E+00
    0.424299999999970E+00    0.121837744626955E+00    0.116558701516056E-03    0.103017553166914E+00    0.124829658930909E+00
    0.424399999999970E+00    0.121863463228773E+00    0.116648447872474E-03    0.103038216196277E+00    0.124855505851871E+00
    0.424499999999970E+00    0.121889180529517E+00    0.116738240993606E-03    0.103058877648818E+00    0.124881351342979E+00
    0.424599999999970E+00    0.121914896529259E+00    0.116828080891124E-03    0.103079537524618E+00    0.124907195404384E+00
    0.424699999999970E+00    0.121940611228072E+00    0.116917967576677E-03    0.103100195823756E+00    0.124933038036234E+00
    0.424799999999970E+00    0.121966324626026E+00    0.117007901061934E-03    0.103120852546312E+00    0.124958879238680E+00
    0.424899999999970E+00    0.121992036723194E+00    0.117097881358530E-03    0.103141507692366E+00    0.124984719011869E+00
    0.424999999999970E+00    0.122017747519646E+00    0.117187908478135E-03    0.103162161261997E+00    0.125010557355951E+00
    0.425099999999970E+00    0.122043457015456E+00    0.117277982432390E-03    0.103182813255286E+00    0.125036394271077E+00
    0.425199999999969E+00    0.122069165210693E+00    0.117368103232967E-03    0.103203463672311E+00    0.125062229757394E+00
    0.425299999999969E+00    0.122094872105431E+00    0.117458270891516E-03    0.103224112513153E+00    0.125088063815052E+00
    0.425399999999969E+00    0.122120577699741E+00    0.117548485419665E-03    0.103244759777892E+00    0.125113896444201E+00
    0.425499999999969E+00    0.122146281993694E+00    0.117638746829081E-03    0.103265405466606E+00    0.125139727644990E+00
    0.425599999999969E+00    0.122171984987362E+00    0.117729055131401E-03    0.103286049579377E+00    0.125165557417567E+00
    0.425699999999969E+00    0.122197686680817E+00    0.117819410338267E-03    0.103306692116282E+00    0.125191385762082E+00
    0.425799999999969E+00    0.122223387074131E+00    0.117909812461319E-03    0.103327333077403E+00    0.125217212678684E+00
    0.425899999999969E+00    0.122249086167374E+00    0.118000261512205E-03    0.103347972462819E+00    0.125243038167522E+00
    0.425999999999969E+00    0.122274783960619E+00    0.118090757502567E-03    0.103368610272609E+00    0.125268862228746E+00
    0.426099999999969E+00    0.122300480453937E+00    0.118181300444043E-03    0.103389246506853E+00    0.125294684862503E+00
    0.426199999999969E+00    0.122326175647400E+00    0.118271890348261E-03    0.103409881165631E+00    0.125320506068944E+00
    0.426299999999969E+00    0.122351869541080E+00    0.118362527226859E-03    0.103430514249022E+00    0.125346325848217E+00
    0.426399999999969E+00    0.122377562135048E+00    0.118453211091465E-03    0.103451145757106E+00    0.125372144200471E+00
    0.426499999999969E+00    0.122403253429376E+00    0.118543941953720E-03    0.103471775689963E+00    0.125397961125856E+00
    0.426599999999969E+00    0.122428943424135E+00    0.118634719825256E-03    0.103492404047672E+00    0.125423776624519E+00
    0.426699999999969E+00    0.122454632119397E+00    0.118725544717692E-03    0.103513030830313E+00    0.125449590696611E+00
    0.426799999999969E+00    0.122480319515234E+00    0.118816416642648E-03    0.103533656037966E+00    0.125475403342279E+00
    0.426899999999969E+00    0.122506005611717E+00    0.118907335611743E-03    0.103554279670709E+00    0.125501214561674E+00
    0.426999999999969E+00    0.122531690408918E+00    0.118998301636630E-03    0.103574901728624E+00    0.125527024354942E+00
    0.427099999999969E+00    0.122557373906908E+00    0.119089314728910E-03    0.103595522211789E+00    0.125552832722234E+00
    0.427199999999969E+00    0.122583056105759E+00    0.119180374900215E-03    0.103616141120283E+00    0.125578639663699E+00
    0.427299999999969E+00    0.122608737005542E+00    0.119271482162148E-03    0.103636758454187E+00    0.125604445179484E+00
    0.427399999999969E+00    0.122634416606330E+00    0.119362636526335E-03    0.103657374213580E+00    0.125630249269739E+00
    0.427499999999969E+00    0.122660094908193E+00    0.119453838004384E-03    0.103677988398542E+00    0.125656051934612E+00
    0.427599999999969E+00    0.122685771911203E+00    0.119545086607911E-03    0.103698601009152E+00    0.125681853174253E+00
    0.427699999999969E+00    0.122711447615432E+00    0.119636382348529E-03    0.103719212045489E+00    0.125707652988809E+00
    0.427799999999969E+00    0.122737122020951E+00    0.119727725237854E-03    0.103739821507634E+00    0.125733451378430E+00
    0.427899999999969E+00    0.122762795127832E+00    0.119819115287480E-03    0.103760429395665E+00    0.125759248343263E+00
    0.427999999999969E+00    0.122788466936147E+00    0.119910552509030E-03    0.103781035709663E+00    0.125785043883458E+00
    0.428099999999969E+00    0.122814137445966E+00    0.120002036914088E-03    0.103801640449706E+00    0.125810837999164E+00
    0.428199999999969E+00    0.122839806657362E+00    0.120093568514272E-03    0.103822243615875E+00    0.125836630690528E+00
    0.428299999999969E+00    0.122865474570406E+00    0.120185147321189E-03    0.103842845208249E+00    0.125862421957699E+00
    0.428399999999969E+00    0.122891141185169E+00    0.120276773346430E-03    0.103863445226906E+00    0.125888211800827E+00
    0.428499999999969E+00    0.122916806501723E+00    0.120368446601596E-03    0.103884043671928E+00    0.125914000220058E+00
    0.428599999999969E+00    0.122942470520139E+00    0.120460167098277E-03    0.103904640543393E+00    0.125939787215542E+00
    0.428699999999969E+00    0.122968133240490E+00    0.120551934848086E-03    0.103925235841381E+00    0.125965572787428E+00
    0.428799999999969E+00    0.122993794662846E+00    0.120643749862599E-03    0.103945829565971E+00    0.125991356935863E+00
    0.428899999999969E+00    0.123019454787278E+00    0.120735612153417E-03    0.103966421717243E+00    0.126017139660996E+00
    0.428999999999969E+00    0.123045113613860E+00    0.120827521732134E-03    0.103987012295276E+00    0.126042920962975E+00
    0.429099999999969E+00    0.123070771142661E+00    0.120919478610333E-03    0.104007601300149E+00    0.126068700841949E+00
    0.429199999999969E+00    0.123096427373754E+00    0.121011482799597E-03    0.104028188731943E+00    0.126094479298066E+00
    0.429299999999969E+00    0.123122082307209E+00    0.121103534311503E-03    0.104048774590736E+00    0.126120256331474E+00
    0.429399999999969E+00    0.123147735943099E+00    0.121195633157666E-03    0.104069358876607E+00    0.126146031942322E+00
    0.429499999999969E+00    0.123173388281494E+00    0.121287779349640E-03    0.104089941589638E+00    0.126171806130757E+00
    0.429599999999969E+00    0.123199039322467E+00    0.121379972899013E-03    0.104110522729906E+00    0.126197578896929E+00
    0.429699999999969E+00    0.123224689066088E+00    0.121472213817362E-03    0.104131102297491E+00    0.126223350240985E+00
    0.429799999999969E+00    0.123250337512430E+00    0.121564502116276E-03    0.104151680292473E+00    0.126249120163073E+00
    0.429899999999969E+00    0.123275984661563E+00    0.121656837807325E-03    0.104172256714931E+00    0.126274888663342E+00
    0.429999999999969E+00    0.123301630513559E+00    0.121749220902079E-03    0.104192831564944E+00    0.126300655741939E+00
    0.430099999999969E+00    0.123327275068489E+00    0.121841651412109E-03    0.104213404842591E+00    0.126326421399013E+00
    0.430199999999969E+00    0.123352918326425E+00    0.121934129348989E-03    0.104233976547953E+00    0.126352185634712E+00
    0.430299999999969E+00    0.123378560287439E+00    0.122026654724291E-03    0.104254546681109E+00    0.126377948449184E+00
    0.430399999999969E+00    0.123404200951601E+00    0.122119227549570E-03    0.104275115242137E+00    0.126403709842577E+00
    0.430499999999969E+00    0.123429840318984E+00    0.122211847836400E-03    0.104295682231117E+00    0.126429469815039E+00
    0.430599999999969E+00    0.123455478389657E+00    0.122304515596353E-03    0.104316247648129E+00    0.126455228366718E+00
    0.430699999999969E+00    0.123481115163694E+00    0.122397230840974E-03    0.104336811493252E+00    0.126480985497762E+00
    0.430799999999969E+00    0.123506750641165E+00    0.122489993581841E-03    0.104357373766565E+00    0.126506741208319E+00
    0.430899999999969E+00    0.123532384822142E+00    0.122582803830514E-03    0.104377934468148E+00    0.126532495498537E+00
    0.430999999999969E+00    0.123558017706695E+00    0.122675661598531E-03    0.104398493598079E+00    0.126558248368563E+00
    0.431099999999969E+00    0.123583649294897E+00    0.122768566897464E-03    0.104419051156439E+00    0.126583999818546E+00
    0.431199999999969E+00    0.123609279586819E+00    0.122861519738848E-03    0.104439607143306E+00    0.126609749848633E+00
    0.431299999999969E+00    0.123634908582532E+00    0.122954520134260E-03    0.104460161558759E+00    0.126635498458973E+00
    0.431399999999969E+00    0.123660536282108E+00    0.123047568095242E-03    0.104480714402879E+00    0.126661245649712E+00
    0.431499999999969E+00    0.123686162685617E+00    0.123140663633336E-03    0.104501265675744E+00    0.126686991421000E+00
    0.431599999999969E+00    0.123711787793132E+00    0.123233806760081E-03    0.104521815377434E+00    0.126712735772983E+00
    0.431699999999969E+00    0.123737411604723E+00    0.123326997487044E-03    0.104542363508028E+00    0.126738478705809E+00
    0.431799999999969E+00    0.123763034120462E+00    0.123420235825770E-03    0.104562910067605E+00    0.126764220219626E+00
    0.431899999999969E+00    0.123788655340421E+00    0.123513521787784E-03    0.104583455056244E+00    0.126789960314583E+00
    0.431999999999969E+00    0.123814275264670E+00    0.123606855384635E-03    0.104603998474025E+00    0.126815698990825E+00
    0.432099999999969E+00    0.123839893893281E+00    0.123700236627857E-03    0.104624540321026E+00    0.126841436248501E+00
    0.432199999999969E+00    0.123865511226325E+00    0.123793665529007E-03    0.104645080597328E+00    0.126867172087760E+00
    0.432299999999969E+00    0.123891127263874E+00    0.123887142099585E-03    0.104665619303010E+00    0.126892906508747E+00
    0.432399999999969E+00    0.123916742005998E+00    0.123980666351161E-03    0.104686156438150E+00    0.126918639511611E+00
    0.432499999999969E+00    0.123942355452770E+00    0.124074238295248E-03    0.104706692002827E+00    0.126944371096500E+00
    0.432599999999969E+00    0.123967967604260E+00    0.124167857943387E-03    0.104727225997122E+00    0.126970101263560E+00
    0.432699999999969E+00    0.123993578460541E+00    0.124261525307110E-03    0.104747758421113E+00    0.126995830012940E+00
    0.432799999999969E+00    0.124019188021682E+00    0.124355240397928E-03    0.104768289274879E+00    0.127021557344786E+00
    0.432899999999969E+00    0.124044796287755E+00    0.124449003227382E-03    0.104788818558500E+00    0.127047283259247E+00
    0.432999999999969E+00    0.124070403258832E+00    0.124542813806978E-03    0.104809346272055E+00    0.127073007756469E+00
    0.433099999999969E+00    0.124096008934984E+00    0.124636672148252E-03    0.104829872415623E+00    0.127098730836601E+00
    0.433199999999969E+00    0.124121613316283E+00    0.124730578262728E-03    0.104850396989282E+00    0.127124452499789E+00
    0.433299999999969E+00    0.124147216402798E+00    0.124824532161909E-03    0.104870919993114E+00    0.127150172746181E+00
    0.433399999999969E+00    0.124172818194603E+00    0.124918533857334E-03    0.104891441427195E+00    0.127175891575924E+00
    0.433499999999969E+00    0.124198418691767E+00    0.125012583360503E-03    0.104911961291606E+00    0.127201608989166E+00
    0.433599999999969E+00    0.124224017894362E+00    0.125106680682926E-03    0.104932479586426E+00    0.127227324986054E+00
    0.433699999999969E+00    0.124249615802460E+00    0.125200825836128E-03    0.104952996311734E+00    0.127253039566734E+00
    0.433799999999969E+00    0.124275212416132E+00    0.125295018831620E-03    0.104973511467608E+00    0.127278752731355E+00
    0.433899999999969E+00    0.124300807735449E+00    0.125389259680909E-03    0.104994025054129E+00    0.127304464480064E+00
    0.433999999999969E+00    0.124326401760482E+00    0.125483548395494E-03    0.105014537071375E+00    0.127330174813007E+00
    0.434099999999969E+00    0.124351994491302E+00    0.125577884986895E-03    0.105035047519426E+00    0.127355883730332E+00
    0.434199999999969E+00    0.124377585927980E+00    0.125672269466595E-03    0.105055556398359E+00    0.127381591232186E+00
    0.434299999999968E+00    0.124403176070589E+00    0.125766701846114E-03    0.105076063708256E+00    0.127407297318716E+00
    0.434399999999968E+00    0.124428764919199E+00    0.125861182136949E-03    0.105096569449193E+00    0.127433001990070E+00
    0.434499999999968E+00    0.124454352473880E+00    0.125955710350570E-03    0.105117073621252E+00    0.127458705246394E+00
    0.434599999999968E+00    0.124479938734706E+00    0.126050286498514E-03    0.105137576224510E+00    0.127484407087835E+00
    0.434699999999968E+00    0.124505523701746E+00    0.126144910592277E-03    0.105158077259047E+00    0.127510107514541E+00
    0.434799999999968E+00    0.124531107375071E+00    0.126239582643329E-03    0.105178576724942E+00    0.127535806526658E+00
    0.434899999999968E+00    0.124556689754754E+00    0.126334302663172E-03    0.105199074622274E+00    0.127561504124334E+00
    0.434999999999968E+00    0.124582270840865E+00    0.126429070663302E-03    0.105219570951122E+00    0.127587200307715E+00
    0.435099999999968E+00    0.124607850633476E+00    0.126523886655206E-03    0.105240065711565E+00    0.127612895076948E+00
    0.435199999999968E+00    0.124633429132657E+00    0.126618750650356E-03    0.105260558903682E+00    0.127638588432181E+00
    0.435299999999968E+00    0.124659006338479E+00    0.126713662660246E-03    0.105281050527552E+00    0.127664280373560E+00
    0.435399999999968E+00    0.124684582251015E+00    0.126808622696370E-03    0.105301540583254E+00    0.127689970901231E+00
    0.435499999999968E+00    0.124710156870334E+00    0.126903630770208E-03    0.105322029070867E+00    0.127715660015343E+00
    0.435599999999968E+00    0.124735730196509E+00    0.126998686893236E-03    0.105342515990471E+00    0.127741347716042E+00
    0.435699999999968E+00    0.124761302229610E+00    0.127093791076930E-03    0.105363001342143E+00    0.127767034003473E+00
    0.435799999999968E+00    0.124786872969708E+00    0.127188943332749E-03    0.105383485125963E+00    0.127792718877786E+00
    0.435899999999968E+00    0.124812442416875E+00    0.127284143672223E-03    0.105403967342011E+00    0.127818402339125E+00
    0.435999999999968E+00    0.124838010571182E+00    0.127379392106764E-03    0.105424447990364E+00    0.127844084387638E+00
    0.436099999999968E+00    0.124863577432699E+00    0.127474688647874E-03    0.105444927071103E+00    0.127869765023471E+00
    0.436199999999968E+00    0.124889143001499E+00    0.127570033307013E-03    0.105465404584305E+00    0.127895444246771E+00
    0.436299999999968E+00    0.124914707277652E+00    0.127665426095664E-03    0.105485880530051E+00    0.127921122057686E+00
    0.436399999999968E+00    0.124940270261228E+00    0.127760867025282E-03    0.105506354908418E+00    0.127946798456361E+00
    0.436499999999968E+00    0.124965831952300E+00    0.127856356107327E-03    0.105526827719486E+00    0.127972473442942E+00
    0.436599999999968E+00    0.124991392350939E+00    0.127951893353282E-03    0.105547298963334E+00    0.127998147017578E+00
    0.436699999999968E+00    0.125016951457214E+00    0.128047478774591E-03    0.105567768640040E+00    0.128023819180413E+00
    0.436799999999968E+00    0.125042509271199E+00    0.128143112382717E-03    0.105588236749685E+00    0.128049489931596E+00
    0.436899999999968E+00    0.125068065792963E+00    0.128238794189124E-03    0.105608703292345E+00    0.128075159271272E+00
    0.436999999999968E+00    0.125093621022578E+00    0.128334524205263E-03    0.105629168268101E+00    0.128100827199587E+00
    0.437099999999968E+00    0.125119174960114E+00    0.128430302442588E-03    0.105649631677032E+00    0.128126493716689E+00
    0.437199999999968E+00    0.125144727605644E+00    0.128526128912555E-03    0.105670093519215E+00    0.128152158822723E+00
    0.437299999999968E+00    0.125170278959237E+00    0.128622003626617E-03    0.105690553794731E+00    0.128177822517837E+00
    0.437399999999968E+00    0.125195829020965E+00    0.128717926596215E-03    0.105711012503657E+00    0.128203484802176E+00
    0.437499999999968E+00    0.125221377790900E+00    0.128813897832810E-03    0.105731469646074E+00    0.128229145675887E+00
    0.437599999999968E+00    0.125246925269111E+00    0.128909917347830E-03    0.105751925222059E+00    0.128254805139116E+00
    0.437699999999968E+00    0.125272471455671E+00    0.129005985152736E-03    0.105772379231692E+00    0.128280463192010E+00
    0.437799999999968E+00    0.125298016350650E+00    0.129102101258974E-03    0.105792831675051E+00    0.128306119834715E+00
    0.437899999999968E+00    0.125323559954119E+00    0.129198265677979E-03    0.105813282552216E+00    0.128331775067377E+00
    0.437999999999968E+00    0.125349102266149E+00    0.129294478421184E-03    0.105833731863264E+00    0.128357428890142E+00
    0.438099999999968E+00    0.125374643286811E+00    0.129390739500028E-03    0.105854179608276E+00    0.128383081303157E+00
    0.438199999999968E+00    0.125400183016177E+00    0.129487048925940E-03    0.105874625787329E+00    0.128408732306568E+00
    0.438299999999968E+00    0.125425721454317E+00    0.129583406710374E-03    0.105895070400503E+00    0.128434381900522E+00
    0.438399999999968E+00    0.125451258601302E+00    0.129679812864754E-03    0.105915513447877E+00    0.128460030085163E+00
    0.438499999999968E+00    0.125476794457204E+00    0.129776267400503E-03    0.105935954929528E+00    0.128485676860639E+00
    0.438599999999968E+00    0.125502329022093E+00    0.129872770329064E-03    0.105956394845537E+00    0.128511322227096E+00
    0.438699999999968E+00    0.125527862296040E+00    0.129969321661858E-03    0.105976833195981E+00    0.128536966184679E+00
    0.438799999999968E+00    0.125553394279116E+00    0.130065921410303E-03    0.105997269980940E+00    0.128562608733535E+00
    0.438899999999968E+00    0.125578924971393E+00    0.130162569585829E-03    0.106017705200493E+00    0.128588249873810E+00
    0.438999999999968E+00    0.125604454372941E+00    0.130259266199872E-03    0.106038138854717E+00    0.128613889605650E+00
    0.439099999999968E+00    0.125629982483831E+00    0.130356011263815E-03    0.106058570943693E+00    0.128639527929201E+00
    0.439199999999968E+00    0.125655509304134E+00    0.130452804789112E-03    0.106079001467498E+00    0.128665164844608E+00
    0.439299999999968E+00    0.125681034833921E+00    0.130549646787174E-03    0.106099430426211E+00    0.128690800352018E+00
    0.439399999999968E+00    0.125706559073264E+00    0.130646537269415E-03    0.106119857819912E+00    0.128716434451577E+00
    0.439499999999968E+00    0.125732082022232E+00    0.130743476247224E-03    0.106140283648678E+00    0.128742067143431E+00
    0.439599999999968E+00    0.125757603680898E+00    0.130840463732046E-03    0.106160707912590E+00    0.128767698427726E+00
    0.439699999999968E+00    0.125783124049331E+00    0.130937499735279E-03    0.106181130611724E+00    0.128793328304606E+00
    0.439799999999968E+00    0.125808643127604E+00    0.131034584268334E-03    0.106201551746161E+00    0.128818956774219E+00
    0.439899999999968E+00    0.125834160915786E+00    0.131131717342601E-03    0.106221971315978E+00    0.128844583836711E+00
    0.439999999999968E+00    0.125859677413949E+00    0.131228898969507E-03    0.106242389321255E+00    0.128870209492226E+00
    0.440099999999968E+00    0.125885192622163E+00    0.131326129160447E-03    0.106262805762070E+00    0.128895833740910E+00
    0.440199999999968E+00    0.125910706540500E+00    0.131423407926816E-03    0.106283220638502E+00    0.128921456582911E+00
    0.440299999999968E+00    0.125936219169030E+00    0.131520735280017E-03    0.106303633950629E+00    0.128947078018372E+00
    0.440399999999968E+00    0.125961730507825E+00    0.131618111231455E-03    0.106324045698531E+00    0.128972698047441E+00
    0.440499999999968E+00    0.125987240556955E+00    0.131715535792521E-03    0.106344455882285E+00    0.128998316670262E+00
    0.440599999999968E+00    0.126012749316492E+00    0.131813008974609E-03    0.106364864501972E+00    0.129023933886981E+00
    0.440699999999968E+00    0.126038256786505E+00    0.131910530789111E-03    0.106385271557668E+00    0.129049549697744E+00
    0.440799999999968E+00    0.126063762967067E+00    0.132008101247414E-03    0.106405677049453E+00    0.129075164102697E+00
    0.440899999999968E+00    0.126089267858247E+00    0.132105720360918E-03    0.106426080977406E+00    0.129100777101984E+00
    0.440999999999968E+00    0.126114771460117E+00    0.132203388141002E-03    0.106446483341605E+00    0.129126388695753E+00
    0.441099999999968E+00    0.126140273772747E+00    0.132301104599052E-03    0.106466884142128E+00    0.129151998884147E+00
    0.441199999999968E+00    0.126165774796209E+00    0.132398869746464E-03    0.106487283379055E+00    0.129177607667314E+00
    0.441299999999968E+00    0.126191274530573E+00    0.132496683594610E-03    0.106507681052464E+00    0.129203215045397E+00
    0.441399999999968E+00    0.126216772975911E+00    0.132594546154877E-03    0.106528077162434E+00    0.129228821018544E+00
    0.441499999999968E+00    0.126242270132292E+00    0.132692457438635E-03    0.106548471709043E+00    0.129254425586898E+00
    0.441599999999968E+00    0.126267765999788E+00    0.132790417457255E-03    0.106568864692369E+00    0.129280028750606E+00
    0.441699999999968E+00    0.126293260578470E+00    0.132888426222130E-03    0.106589256112492E+00    0.129305630509814E+00
    0.441799999999968E+00    0.126318753868409E+00    0.132986483744634E-03    0.106609645969490E+00    0.129331230864665E+00
    0.441899999999968E+00    0.126344245869675E+00    0.133084590036119E-03    0.106630034263442E+00    0.129356829815307E+00
    0.441999999999968E+00    0.126369736582339E+00    0.133182745107966E-03    0.106650420994426E+00    0.129382427361883E+00
    0.442099999999968E+00    0.126395226006472E+00    0.133280948971557E-03    0.106670806162520E+00    0.129408023504540E+00
    0.442199999999968E+00    0.126420714142145E+00    0.133379201638235E-03    0.106691189767804E+00    0.129433618243423E+00
    0.442299999999968E+00    0.126446200989428E+00    0.133477503119378E-03    0.106711571810355E+00    0.129459211578676E+00
    0.442399999999968E+00    0.126471686548393E+00    0.133575853426345E-03    0.106731952290253E+00    0.129484803510446E+00
    0.442499999999968E+00    0.126497170819111E+00    0.133674252570502E-03    0.106752331207576E+00    0.129510394038878E+00
    0.442599999999968E+00    0.126522653801651E+00    0.133772700563203E-03    0.106772708562402E+00    0.129535983164116E+00
    0.442699999999968E+00    0.126548135496085E+00    0.133871197415814E-03    0.106793084354810E+00    0.129561570886306E+00
    0.442799999999968E+00    0.126573615902484E+00    0.133969743139684E-03    0.106813458584878E+00    0.129587157205593E+00
    0.442899999999968E+00    0.126599095020918E+00    0.134068337746165E-03    0.106833831252685E+00    0.129612742122122E+00
    0.442999999999968E+00    0.126624572851459E+00    0.134166981246615E-03    0.106854202358310E+00    0.129638325636038E+00
    0.443099999999968E+00    0.126650049394176E+00    0.134265673652383E-03    0.106874571901831E+00    0.129663907747487E+00
    0.443199999999968E+00    0.126675524649141E+00    0.134364414974826E-03    0.106894939883326E+00    0.129689488456613E+00
    0.443299999999967E+00    0.126700998616424E+00    0.134463205225279E-03    0.106915306302874E+00    0.129715067763561E+00
    0.443399999999967E+00    0.126726471296097E+00    0.134562044415092E-03    0.106935671160553E+00    0.129740645668477E+00
    0.443499999999967E+00    0.126751942688230E+00    0.134660932555603E-03    0.106956034456442E+00    0.129766222171506E+00
    0.443599999999967E+00    0.126777412792893E+00    0.134759869658167E-03    0.106976396190620E+00    0.129791797272792E+00
    0.443699999999967E+00    0.126802881610158E+00    0.134858855734113E-03    0.106996756363164E+00    0.129817370972480E+00
    0.443799999999967E+00    0.126828349140095E+00    0.134957890794793E-03    0.107017114974154E+00    0.129842943270715E+00
    0.443899999999967E+00    0.126853815382775E+00    0.135056974851527E-03    0.107037472023667E+00    0.129868514167643E+00
    0.443999999999967E+00    0.126879280338269E+00    0.135156107915658E-03    0.107057827511782E+00    0.129894083663408E+00
    0.444099999999967E+00    0.126904744006647E+00    0.135255289998525E-03    0.107078181438577E+00    0.129919651758155E+00
    0.444199999999967E+00    0.126930206387980E+00    0.135354521111461E-03    0.107098533804132E+00    0.129945218452028E+00
    0.444299999999967E+00    0.126955667482339E+00    0.135453801265771E-03    0.107118884608524E+00    0.129970783745173E+00
    0.444399999999967E+00    0.126981127289795E+00    0.135553130472815E-03    0.107139233851831E+00    0.129996347637735E+00
    0.444499999999967E+00    0.127006585810418E+00    0.135652508743894E-03    0.107159581534133E+00    0.130021910129857E+00
    0.444599999999967E+00    0.127032043044278E+00    0.135751936090349E-03    0.107179927655507E+00    0.130047471221686E+00
    0.444699999999967E+00    0.127057498991447E+00    0.135851412523497E-03    0.107200272216032E+00    0.130073030913365E+00
    0.444799999999967E+00    0.127082953651996E+00    0.135950938054660E-03    0.107220615215787E+00    0.130098589205039E+00
    0.444899999999967E+00    0.127108407025994E+00    0.136050512695149E-03    0.107240956654849E+00    0.130124146096853E+00
    0.444999999999967E+00    0.127133859113513E+00    0.136150136456283E-03    0.107261296533297E+00    0.130149701588952E+00
    0.445099999999967E+00    0.127159309914623E+00    0.136249809349388E-03    0.107281634851210E+00    0.130175255681480E+00
    0.445199999999967E+00    0.127184759429396E+00    0.136349531385786E-03    0.107301971608665E+00    0.130200808374582E+00
    0.445299999999967E+00    0.127210207657901E+00    0.136449302576761E-03    0.107322306805741E+00    0.130226359668403E+00
    0.445399999999967E+00    0.127235654600209E+00    0.136549122933649E-03    0.107342640442517E+00    0.130251909563086E+00
    0.445499999999967E+00    0.127261100256391E+00    0.136648992467748E-03    0.107362972519070E+00    0.130277458058777E+00
    0.445599999999967E+00    0.127286544626518E+00    0.136748911190360E-03    0.107383303035480E+00    0.130303005155620E+00
    0.445699999999967E+00    0.127311987710660E+00    0.136848879112793E-03    0.107403631991824E+00    0.130328550853759E+00
    0.445799999999967E+00    0.127337429508887E+00    0.136948896246356E-03    0.107423959388181E+00    0.130354095153340E+00
    0.445899999999967E+00    0.127362870021272E+00    0.137048962602343E-03    0.107444285224628E+00    0.130379638054505E+00
    0.445999999999967E+00    0.127388309247883E+00    0.137149078192057E-03    0.107464609501245E+00    0.130405179557401E+00
    0.446099999999967E+00    0.127413747188792E+00    0.137249243026801E-03    0.107484932218110E+00    0.130430719662171E+00
    0.446199999999967E+00    0.127439183844069E+00    0.137349457117860E-03    0.107505253375300E+00    0.130456258368959E+00
    0.446299999999967E+00    0.127464619213786E+00    0.137449720476527E-03    0.107525572972895E+00    0.130481795677911E+00
    0.446399999999967E+00    0.127490053298011E+00    0.137550033114106E-03    0.107545891010972E+00    0.130507331589169E+00
    0.446499999999967E+00    0.127515486096818E+00    0.137650395041891E-03    0.107566207489610E+00    0.130532866102880E+00
    0.446599999999967E+00    0.127540917610274E+00    0.137750806271154E-03    0.107586522408887E+00    0.130558399219186E+00
    0.446699999999967E+00    0.127566347838452E+00    0.137851266813188E-03    0.107606835768881E+00    0.130583930938232E+00
    0.446799999999967E+00    0.127591776781422E+00    0.137951776679295E-03    0.107627147569670E+00    0.130609461260163E+00
    0.446899999999967E+00    0.127617204439255E+00    0.138052335880736E-03    0.107647457811333E+00    0.130634990185122E+00
    0.446999999999967E+00    0.127642630812020E+00    0.138152944428803E-03    0.107667766493948E+00    0.130660517713254E+00
    0.447099999999967E+00    0.127668055899790E+00    0.138253602334769E-03    0.107688073617594E+00    0.130686043844702E+00
    0.447199999999967E+00    0.127693479702633E+00    0.138354309609908E-03    0.107708379182347E+00    0.130711568579612E+00
    0.447299999999967E+00    0.127718902220621E+00    0.138455066265528E-03    0.107728683188287E+00    0.130737091918128E+00
    0.447399999999967E+00    0.127744323453825E+00    0.138555872312870E-03    0.107748985635492E+00    0.130762613860392E+00
    0.447499999999967E+00    0.127769743402314E+00    0.138656727763230E-03    0.107769286524040E+00    0.130788134406550E+00
    0.447599999999967E+00    0.127795162066160E+00    0.138757632627867E-03    0.107789585854009E+00    0.130813653556745E+00
    0.447699999999967E+00    0.127820579445433E+00    0.138858586918051E-03    0.107809883625478E+00    0.130839171311122E+00
    0.447799999999967E+00    0.127845995540203E+00    0.138959590645057E-03    0.107830179838524E+00    0.130864687669824E+00
    0.447899999999967E+00    0.127871410350541E+00    0.139060643820129E-03    0.107850474493225E+00    0.130890202632995E+00
    0.447999999999967E+00    0.127896823876518E+00    0.139161746454548E-03    0.107870767589661E+00    0.130915716200780E+00
    0.448099999999967E+00    0.127922236118203E+00    0.139262898559576E-03    0.107891059127909E+00    0.130941228373322E+00
    0.448199999999967E+00    0.127947647075669E+00    0.139364100146451E-03    0.107911349108046E+00    0.130966739150766E+00
    0.448299999999967E+00    0.127973056748984E+00    0.139465351226475E-03    0.107931637530152E+00    0.130992248533255E+00
    0.448399999999967E+00    0.127998465138220E+00    0.139566651810881E-03    0.107951924394305E+00    0.131017756520932E+00
    0.448499999999967E+00    0.128023872243447E+00    0.139668001910917E-03    0.107972209700582E+00    0.131043263113943E+00
    0.448599999999967E+00    0.128049278064736E+00    0.139769401537849E-03    0.107992493449062E+00    0.131068768312430E+00
    0.448699999999967E+00    0.128074682602157E+00    0.139870850702914E-03    0.108012775639823E+00    0.131094272116538E+00
    0.448799999999967E+00    0.128100085855780E+00    0.139972349417369E-03    0.108033056272942E+00    0.131119774526410E+00
    0.448899999999967E+00    0.128125487825676E+00    0.140073897692485E-03    0.108053335348499E+00    0.131145275542190E+00
    0.448999999999967E+00    0.128150888511916E+00    0.140175495539466E-03    0.108073612866571E+00    0.131170775164021E+00
    0.449099999999967E+00    0.128176287914570E+00    0.140277142969586E-03    0.108093888827236E+00    0.131196273392048E+00
    0.449199999999967E+00    0.128201686033708E+00    0.140378839994074E-03    0.108114163230572E+00    0.131221770226415E+00
    0.449299999999967E+00    0.128227082869401E+00    0.140480586624168E-03    0.108134436076658E+00    0.131247265667264E+00
    0.449399999999967E+00    0.128252478421719E+00    0.140582382871118E-03    0.108154707365571E+00    0.131272759714739E+00
    0.449499999999967E+00    0.128277872690734E+00    0.140684228746150E-03    0.108174977097390E+00    0.131298252368985E+00
    0.449599999999967E+00    0.128303265676514E+00    0.140786124260503E-03    0.108195245272193E+00    0.131323743630144E+00
    0.449699999999967E+00    0.128328657379131E+00    0.140888069425418E-03    0.108215511890057E+00    0.131349233498360E+00
    0.449799999999967E+00    0.128354047798656E+00    0.140990064252115E-03    0.108235776951060E+00    0.131374721973778E+00
    0.449899999999967E+00    0.128379436935157E+00    0.141092108751842E-03    0.108256040455282E+00    0.131400209056539E+00
    0.449999999999967E+00    0.128404824788707E+00    0.141194202935809E-03    0.108276302402799E+00    0.131425694746788E+00
    0.450099999999967E+00    0.128430211359375E+00    0.141296346815244E-03    0.108296562793690E+00    0.131451179044669E+00
    0.450199999999967E+00    0.128455596647232E+00    0.141398540401371E-03    0.108316821628033E+00    0.131476661950324E+00
    0.450299999999967E+00    0.128480980652348E+00    0.141500783705430E-03    0.108337078905905E+00    0.131502143463898E+00
    0.450399999999967E+00    0.128506363374794E+00    0.141603076738611E-03    0.108357334627385E+00    0.131527623585533E+00
    0.450499999999967E+00    0.128531744814640E+00    0.141705419512172E-03    0.108377588792552E+00    0.131553102315373E+00
    0.450599999999967E+00    0.128557124971956E+00    0.141807812037291E-03    0.108397841401481E+00    0.131578579653561E+00
    0.450699999999967E+00    0.128582503846812E+00    0.141910254325205E-03    0.108418092454253E+00    0.131604055600241E+00
    0.450799999999967E+00    0.128607881439281E+00    0.142012746387129E-03    0.108438341950945E+00    0.131629530155556E+00
    0.450899999999967E+00    0.128633257749430E+00    0.142115288234251E-03    0.108458589891634E+00    0.131655003319649E+00
    0.450999999999967E+00    0.128658632777332E+00    0.142217879877803E-03    0.108478836276399E+00    0.131680475092664E+00
    0.451099999999967E+00    0.128684006523056E+00    0.142320521328992E-03    0.108499081105317E+00    0.131705945474744E+00
    0.451199999999967E+00    0.128709378986672E+00    0.142423212599025E-03    0.108519324378467E+00    0.131731414466032E+00
    0.451299999999967E+00    0.128734750168252E+00    0.142525953699097E-03    0.108539566095927E+00    0.131756882066671E+00
    0.451399999999967E+00    0.128760120067864E+00    0.142628744640406E-03    0.108559806257774E+00    0.131782348276804E+00
    0.451499999999967E+00    0.128785488685581E+00    0.142731585434183E-03    0.108580044864087E+00    0.131807813096575E+00
    0.451599999999967E+00    0.128810856021472E+00    0.142834476091598E-03    0.108600281914943E+00    0.131833276526127E+00
    0.451699999999967E+00    0.128836222075607E+00    0.142937416623833E-03    0.108620517410420E+00    0.131858738565603E+00
    0.451799999999967E+00    0.128861586848056E+00    0.143040407042114E-03    0.108640751350596E+00    0.131884199215145E+00
    0.451899999999967E+00    0.128886950338891E+00    0.143143447357634E-03    0.108660983735549E+00    0.131909658474898E+00
    0.451999999999967E+00    0.128912312548181E+00    0.143246537581579E-03    0.108681214565358E+00    0.131935116345003E+00
    0.452099999999967E+00    0.128937673475997E+00    0.143349677725125E-03    0.108701443840099E+00    0.131960572825605E+00
    0.452199999999967E+00    0.128963033122409E+00    0.143452867799482E-03    0.108721671559851E+00    0.131986027916846E+00
    0.452299999999967E+00    0.128988391487487E+00    0.143556107815815E-03    0.108741897724691E+00    0.132011481618868E+00
    0.452399999999966E+00    0.129013748571302E+00    0.143659397785334E-03    0.108762122334698E+00    0.132036933931816E+00
    0.452499999999966E+00    0.129039104373924E+00    0.143762737719191E-03    0.108782345389950E+00    0.132062384855832E+00
    0.452599999999966E+00    0.129064458895423E+00    0.143866127628594E-03    0.108802566890523E+00    0.132087834391059E+00
    0.452699999999966E+00    0.129089812135870E+00    0.143969567524702E-03    0.108822786836497E+00    0.132113282537639E+00
    0.452799999999966E+00    0.129115164095334E+00    0.144073057418708E-03    0.108843005227949E+00    0.132138729295716E+00
    0.452899999999966E+00    0.129140514773886E+00    0.144176597321773E-03    0.108863222064956E+00    0.132164174665432E+00
    0.452999999999966E+00    0.129165864171597E+00    0.144280187245076E-03    0.108883437347597E+00    0.132189618646931E+00
    0.453099999999966E+00    0.129191212288536E+00    0.144383827199785E-03    0.108903651075949E+00    0.132215061240355E+00
    0.453199999999966E+00    0.129216559124774E+00    0.144487517197087E-03    0.108923863250091E+00    0.132240502445846E+00
    0.453299999999966E+00    0.129241904680382E+00    0.144591257248127E-03    0.108944073870099E+00    0.132265942263548E+00
    0.453399999999966E+00    0.129267248955429E+00    0.144695047364073E-03    0.108964282936052E+00    0.132291380693604E+00
    0.453499999999966E+00    0.129292591949985E+00    0.144798887556099E-03    0.108984490448028E+00    0.132316817736155E+00
    0.453599999999966E+00    0.129317933664121E+00    0.144902777835376E-03    0.109004696406105E+00    0.132342253391345E+00
    0.453699999999966E+00    0.129343274097907E+00    0.145006718213042E-03    0.109024900810359E+00    0.132367687659316E+00
    0.453799999999966E+00    0.129368613251414E+00    0.145110708700268E-03    0.109045103660870E+00    0.132393120540212E+00
    0.453899999999966E+00    0.129393951124711E+00    0.145214749308216E-03    0.109065304957714E+00    0.132418552034174E+00
    0.453999999999966E+00    0.129419287717870E+00    0.145318840048035E-03    0.109085504700970E+00    0.132443982141345E+00
    0.454099999999966E+00    0.129444623030959E+00    0.145422980930877E-03    0.109105702890715E+00    0.132469410861868E+00
    0.454199999999966E+00    0.129469957064049E+00    0.145527171967883E-03    0.109125899527027E+00    0.132494838195885E+00
    0.454299999999966E+00    0.129495289817211E+00    0.145631413170226E-03    0.109146094609984E+00    0.132520264143540E+00
    0.454399999999966E+00    0.129520621290514E+00    0.145735704549034E-03    0.109166288139664E+00    0.132545688704973E+00
    0.454499999999966E+00    0.129545951484030E+00    0.145840046115457E-03    0.109186480116143E+00    0.132571111880328E+00
    0.454599999999966E+00    0.129571280397827E+00    0.145944437880652E-03    0.109206670539501E+00    0.132596533669748E+00
    0.454699999999966E+00    0.129596608031976E+00    0.146048879855747E-03    0.109226859409814E+00    0.132621954073374E+00
    0.454799999999966E+00    0.129621934386548E+00    0.146153372051889E-03    0.109247046727161E+00    0.132647373091349E+00
    0.454899999999966E+00    0.129647259461613E+00    0.146257914480211E-03    0.109267232491619E+00    0.132672790723816E+00
    0.454999999999966E+00    0.129672583257240E+00    0.146362507151846E-03    0.109287416703266E+00    0.132698206970916E+00
    0.455099999999966E+00    0.129697905773500E+00    0.146467150077941E-03    0.109307599362179E+00    0.132723621832793E+00
    0.455199999999966E+00    0.129723227010464E+00    0.146571843269613E-03    0.109327780468436E+00    0.132749035309588E+00
    0.455299999999966E+00    0.129748546968200E+00    0.146676586738004E-03    0.109347960022115E+00    0.132774447401444E+00
    0.455399999999966E+00    0.129773865646780E+00    0.146781380494242E-03    0.109368138023294E+00    0.132799858108504E+00
    0.455499999999966E+00    0.129799183046274E+00    0.146886224549467E-03    0.109388314472050E+00    0.132825267430908E+00
    0.455599999999966E+00    0.129824499166751E+00    0.146991118914780E-03    0.109408489368461E+00    0.132850675368800E+00
    0.455699999999966E+00    0.129849814008282E+00    0.147096063601320E-03    0.109428662712604E+00    0.132876081922322E+00
    0.455799999999966E+00    0.129875127570937E+00    0.147201058620207E-03    0.109448834504557E+00    0.132901487091615E+00
    0.455899999999966E+00    0.129900439854787E+00    0.147306103982556E-03    0.109469004744399E+00    0.132926890876823E+00
    0.455999999999966E+00    0.129925750859900E+00    0.147411199699489E-03    0.109489173432205E+00    0.132952293278087E+00
    0.456099999999966E+00    0.129951060586348E+00    0.147516345782118E-03    0.109509340568055E+00    0.132977694295549E+00
    0.456199999999966E+00    0.129976369034200E+00    0.147621542241572E-03    0.109529506152025E+00    0.133003093929352E+00
    0.456299999999966E+00    0.130001676203527E+00    0.147726789088942E-03    0.109549670184194E+00    0.133028492179637E+00
    0.456399999999966E+00    0.130026982094398E+00    0.147832086335362E-03    0.109569832664638E+00    0.133053889046547E+00
    0.456499999999966E+00    0.130052286706884E+00    0.147937433991916E-03    0.109589993593436E+00    0.133079284530224E+00
    0.456599999999966E+00    0.130077590041055E+00    0.148042832069729E-03    0.109610152970665E+00    0.133104678630808E+00
    0.456699999999966E+00    0.130102892096981E+00    0.148148280579890E-03    0.109630310796403E+00    0.133130071348444E+00
    0.456799999999966E+00    0.130128192874733E+00    0.148253779533515E-03    0.109650467070727E+00    0.133155462683272E+00
    0.456899999999966E+00    0.130153492374379E+00    0.148359328941707E-03    0.109670621793715E+00    0.133180852635434E+00
    0.456999999999966E+00    0.130178790595990E+00    0.148464928815563E-03    0.109690774965444E+00    0.133206241205073E+00
    0.457099999999966E+00    0.130204087539637E+00    0.148570579166173E-03    0.109710926585992E+00    0.133231628392330E+00
    0.457199999999966E+00    0.130229383205389E+00    0.148676280004642E-03    0.109731076655437E+00    0.133257014197347E+00
    0.457299999999966E+00    0.130254677593316E+00    0.148782031342050E-03    0.109751225173856E+00    0.133282398620266E+00
    0.457399999999966E+00    0.130279970703489E+00    0.148887833189508E-03    0.109771372141326E+00    0.133307781661229E+00
    0.457499999999966E+00    0.130305262535977E+00    0.148993685558092E-03    0.109791517557926E+00    0.133333163320377E+00
    0.457599999999966E+00    0.130330553090851E+00    0.149099588458898E-03    0.109811661423732E+00    0.133358543597852E+00
    0.457699999999966E+00    0.130355842368180E+00    0.149205541903010E-03    0.109831803738822E+00    0.133383922493797E+00
    0.457799999999966E+00    0.130381130368035E+00    0.149311545901509E-03    0.109851944503274E+00    0.133409300008353E+00
    0.457899999999966E+00    0.130406417090485E+00    0.149417600465480E-03    0.109872083717165E+00    0.133434676141661E+00
    0.457999999999966E+00    0.130431702535602E+00    0.149523705606005E-03    0.109892221380573E+00    0.133460050893863E+00
    0.458099999999966E+00    0.130456986703454E+00    0.149629861334164E-03    0.109912357493575E+00    0.133485424265101E+00
    0.458199999999966E+00    0.130482269594111E+00    0.149736067661041E-03    0.109932492056248E+00    0.133510796255516E+00
    0.458299999999966E+00    0.130507551207644E+00    0.149842324597701E-03    0.109952625068671E+00    0.133536166865251E+00
    0.458399999999966E+00    0.130532831544123E+00    0.149948632155222E-03    0.109972756530921E+00    0.133561536094446E+00
    0.458499999999966E+00    0.130558110603618E+00    0.150054990344670E-03    0.109992886443074E+00    0.133586903943243E+00
    0.458599999999966E+00    0.130583388386198E+00    0.150161399177116E-03    0.110013014805209E+00    0.133612270411785E+00
    0.458699999999966E+00    0.130608664891934E+00    0.150267858663629E-03    0.110033141617404E+00    0.133637635500211E+00
    0.458799999999966E+00    0.130633940120896E+00    0.150374368815282E-03    0.110053266879734E+00    0.133662999208665E+00
    0.458899999999966E+00    0.130659214073153E+00    0.150480929643120E-03    0.110073390592279E+00    0.133688361537287E+00
    0.458999999999966E+00    0.130684486748776E+00    0.150587541158223E-03    0.110093512755114E+00    0.133713722486218E+00
    0.459099999999966E+00    0.130709758147835E+00    0.150694203371652E-03    0.110113633368319E+00    0.133739082055601E+00
    0.459199999999966E+00    0.130735028270399E+00    0.150800916294459E-03    0.110133752431970E+00    0.133764440245576E+00
    0.459299999999966E+00    0.130760297116538E+00    0.150907679937698E-03    0.110153869946144E+00    0.133789797056286E+00
    0.459399999999966E+00    0.130785564686324E+00    0.151014494312429E-03    0.110173985910920E+00    0.133815152487871E+00
    0.459499999999966E+00    0.130810830979824E+00    0.151121359429694E-03    0.110194100326374E+00    0.133840506540472E+00
    0.459599999999966E+00    0.130836095997110E+00    0.151228275300555E-03    0.110214213192583E+00    0.133865859214231E+00
    0.459699999999966E+00    0.130861359738251E+00    0.151335241936068E-03    0.110234324509626E+00    0.133891210509290E+00
    0.459799999999966E+00    0.130886622203317E+00    0.151442259347268E-03    0.110254434277579E+00    0.133916560425790E+00
    0.459899999999966E+00    0.130911883392379E+00    0.151549327545204E-03    0.110274542496521E+00    0.133941908963871E+00
    0.459999999999966E+00    0.130937143305505E+00    0.151656446540920E-03    0.110294649166528E+00    0.133967256123675E+00
    0.460099999999966E+00    0.130962401942767E+00    0.151763616345446E-03    0.110314754287677E+00    0.133992601905344E+00
    0.460199999999966E+00    0.130987659304234E+00    0.151870836969839E-03    0.110334857860046E+00    0.134017946309018E+00
    0.460299999999966E+00    0.131012915389975E+00    0.151978108425128E-03    0.110354959883713E+00    0.134043289334839E+00
    0.460399999999966E+00    0.131038170200061E+00    0.152085430722346E-03    0.110375060358755E+00    0.134068630982948E+00
    0.460499999999966E+00    0.131063423734562E+00    0.152192803872530E-03    0.110395159285248E+00    0.134093971253485E+00
    0.460599999999966E+00    0.131088675993547E+00    0.152300227886722E-03    0.110415256663272E+00    0.134119310146593E+00
    0.460699999999966E+00    0.131113926977087E+00    0.152407702775942E-03    0.110435352492901E+00    0.134144647662411E+00
    0.460799999999966E+00    0.131139176685251E+00    0.152515228551212E-03    0.110455446774215E+00    0.134169983801082E+00
    0.460899999999966E+00    0.131164425118109E+00    0.152622805223574E-03    0.110475539507290E+00    0.134195318562746E+00
    0.460999999999966E+00    0.131189672275731E+00    0.152730432804033E-03    0.110495630692204E+00    0.134220651947544E+00
    0.461099999999966E+00    0.131214918158187E+00    0.152838111303641E-03    0.110515720329034E+00    0.134245983955617E+00
    0.461199999999966E+00    0.131240162765547E+00    0.152945840733380E-03    0.110535808417857E+00    0.134271314587106E+00
    0.461299999999966E+00    0.131265406097881E+00    0.153053621104295E-03    0.110555894958751E+00    0.134296643842153E+00
    0.461399999999966E+00    0.131290648155258E+00    0.153161452427394E-03    0.110575979951792E+00    0.134321971720897E+00
    0.461499999999965E+00    0.131315888937749E+00    0.153269334713705E-03    0.110596063397059E+00    0.134347298223480E+00
    0.461599999999965E+00    0.131341128445422E+00    0.153377267974224E-03    0.110616145294628E+00    0.134372623350043E+00
    0.461699999999965E+00    0.131366366678349E+00    0.153485252219966E-03    0.110636225644576E+00    0.134397947100726E+00
    0.461799999999965E+00    0.131391603636599E+00    0.153593287461947E-03    0.110656304446982E+00    0.134423269475671E+00
    0.461899999999965E+00    0.131416839320241E+00    0.153701373711177E-03    0.110676381701921E+00    0.134448590475018E+00
    0.461999999999965E+00    0.131442073729346E+00    0.153809510978651E-03    0.110696457409472E+00    0.134473910098907E+00
    0.462099999999965E+00    0.131467306863983E+00    0.153917699275375E-03    0.110716531569711E+00    0.134499228347481E+00
    0.462199999999965E+00    0.131492538724222E+00    0.154025938612367E-03    0.110736604182717E+00    0.134524545220879E+00
    0.462299999999965E+00    0.131517769310134E+00    0.154134229000603E-03    0.110756675248565E+00    0.134549860719242E+00
    0.462399999999965E+00    0.131542998621787E+00    0.154242570451099E-03    0.110776744767333E+00    0.134575174842711E+00
    0.462499999999965E+00    0.131568226659251E+00    0.154350962974828E-03    0.110796812739099E+00    0.134600487591427E+00
    0.462599999999965E+00    0.131593453422597E+00    0.154459406582813E-03    0.110816879163940E+00    0.134625798965530E+00
    0.462699999999965E+00    0.131618678911894E+00    0.154567901286036E-03    0.110836944041932E+00    0.134651108965160E+00
    0.462799999999965E+00    0.131643903127213E+00    0.154676447095475E-03    0.110857007373153E+00    0.134676417590459E+00
    0.462899999999965E+00    0.131669126068622E+00    0.154785044022125E-03    0.110877069157681E+00    0.134701724841567E+00
    0.462999999999965E+00    0.131694347736191E+00    0.154893692076977E-03    0.110897129395592E+00    0.134727030718625E+00
    0.463099999999965E+00    0.131719568129991E+00    0.155002391271020E-03    0.110917188086963E+00    0.134752335221772E+00
    0.463199999999965E+00    0.131744787250091E+00    0.155111141615232E-03    0.110937245231873E+00    0.134777638351150E+00
    0.463299999999965E+00    0.131770005096560E+00    0.155219943120581E-03    0.110957300830397E+00    0.134802940106899E+00
    0.463399999999965E+00    0.131795221669469E+00    0.155328795798075E-03    0.110977354882613E+00    0.134828240489160E+00
    0.463499999999965E+00    0.131820436968888E+00    0.155437699658672E-03    0.110997407388598E+00    0.134853539498072E+00
    0.463599999999965E+00    0.131845650994885E+00    0.155546654713354E-03    0.111017458348430E+00    0.134878837133777E+00
    0.463699999999965E+00    0.131870863747532E+00    0.155655660973078E-03    0.111037507762184E+00    0.134904133396415E+00
    0.463799999999965E+00    0.131896075226897E+00    0.155764718448829E-03    0.111057555629940E+00    0.134929428286126E+00
    0.463899999999965E+00    0.131921285433050E+00    0.155873827151578E-03    0.111077601951773E+00    0.134954721803050E+00
    0.463999999999965E+00    0.131946494366061E+00    0.155982987092293E-03    0.111097646727761E+00    0.134980013947328E+00
    0.464099999999965E+00    0.131971702026000E+00    0.156092198281924E-03    0.111117689957980E+00    0.135005304719101E+00
    0.464199999999965E+00    0.131996908412936E+00    0.156201460731450E-03    0.111137731642509E+00    0.135030594118507E+00
    0.464299999999965E+00    0.132022113526939E+00    0.156310774451830E-03    0.111157771781424E+00    0.135055882145689E+00
    0.464399999999965E+00    0.132047317368079E+00    0.156420139454016E-03    0.111177810374802E+00    0.135081168800785E+00
    0.464499999999965E+00    0.132072519936426E+00    0.156529555748975E-03    0.111197847422720E+00    0.135106454083936E+00
    0.464599999999965E+00    0.132097721232049E+00    0.156639023347661E-03    0.111217882925255E+00    0.135131737995283E+00
    0.464699999999965E+00    0.132122921255018E+00    0.156748542261034E-03    0.111237916882484E+00    0.135157020534966E+00
    0.464799999999965E+00    0.132148120005403E+00    0.156858112500042E-03    0.111257949294485E+00    0.135182301703123E+00
    0.464899999999965E+00    0.132173317483273E+00    0.156967734075632E-03    0.111277980161335E+00    0.135207581499897E+00
    0.464999999999965E+00    0.132198513688698E+00    0.157077406998745E-03    0.111298009483110E+00    0.135232859925427E+00
    0.465099999999965E+00    0.132223708621747E+00    0.157187131280337E-03    0.111318037259887E+00    0.135258136979852E+00
    0.465199999999965E+00    0.132248902282491E+00    0.157296906931361E-03    0.111338063491744E+00    0.135283412663314E+00
    0.465299999999965E+00    0.132274094670999E+00    0.157406733962755E-03    0.111358088178758E+00    0.135308686975952E+00
    0.465399999999965E+00    0.132299285787340E+00    0.157516612385431E-03    0.111378111321005E+00    0.135333959917905E+00
    0.465499999999965E+00    0.132324475631585E+00    0.157626542210368E-03    0.111398132918562E+00    0.135359231489315E+00
    0.465599999999965E+00    0.132349664203803E+00    0.157736523448490E-03    0.111418152971508E+00    0.135384501690321E+00
    0.465699999999965E+00    0.132374851504063E+00    0.157846556110720E-03    0.111438171479918E+00    0.135409770521063E+00
    0.465799999999965E+00    0.132400037532435E+00    0.157956640208007E-03    0.111458188443869E+00    0.135435037981681E+00
    0.465899999999965E+00    0.132425222288990E+00    0.158066775751274E-03    0.111478203863439E+00    0.135460304072314E+00
    0.465999999999965E+00    0.132450405773795E+00    0.158176962751454E-03    0.111498217738705E+00    0.135485568793103E+00
    0.466099999999965E+00    0.132475587986922E+00    0.158287201219474E-03    0.111518230069743E+00    0.135510832144188E+00
    0.466199999999965E+00    0.132500768928440E+00    0.158397491166240E-03    0.111538240856631E+00    0.135536094125708E+00
    0.466299999999965E+00    0.132525948598418E+00    0.158507832602700E-03    0.111558250099445E+00    0.135561354737804E+00
    0.466399999999965E+00    0.132551126996925E+00    0.158618225539775E-03    0.111578257798262E+00    0.135586613980614E+00
    0.466499999999965E+00    0.132576304124033E+00    0.158728669988377E-03    0.111598263953160E+00    0.135611871854279E+00
    0.466599999999965E+00    0.132601479979809E+00    0.158839165959408E-03    0.111618268564215E+00    0.135637128358939E+00
    0.466699999999965E+00    0.132626654564324E+00    0.158949713463802E-03    0.111638271631505E+00    0.135662383494733E+00
    0.466799999999965E+00    0.132651827877648E+00    0.159060312512477E-03    0.111658273155105E+00    0.135687637261801E+00
    0.466899999999965E+00    0.132676999919849E+00    0.159170963116333E-03    0.111678273135094E+00    0.135712889660282E+00
    0.466999999999965E+00    0.132702170690998E+00    0.159281665286292E-03    0.111698271571547E+00    0.135738140690317E+00
    0.467099999999965E+00    0.132727340191164E+00    0.159392419033255E-03    0.111718268464543E+00    0.135763390352045E+00
    0.467199999999965E+00    0.132752508420416E+00    0.159503224368120E-03    0.111738263814157E+00    0.135788638645605E+00
    0.467299999999965E+00    0.132777675378825E+00    0.159614081301801E-03    0.111758257620467E+00    0.135813885571137E+00
    0.467399999999965E+00    0.132802841066459E+00    0.159724989845200E-03    0.111778249883550E+00    0.135839131128781E+00
    0.467499999999965E+00    0.132828005483389E+00    0.159835950009210E-03    0.111798240603482E+00    0.135864375318676E+00
    0.467599999999965E+00    0.132853168629683E+00    0.159946961804738E-03    0.111818229780340E+00    0.135889618140962E+00
    0.467699999999965E+00    0.132878330505412E+00    0.160058025242674E-03    0.111838217414202E+00    0.135914859595778E+00
    0.467799999999965E+00    0.132903491110645E+00    0.160169140333921E-03    0.111858203505143E+00    0.135940099683264E+00
    0.467899999999965E+00    0.132928650445451E+00    0.160280307089356E-03    0.111878188053242E+00    0.135965338403559E+00
    0.467999999999965E+00    0.132953808509900E+00    0.160391525519888E-03    0.111898171058574E+00    0.135990575756803E+00
    0.468099999999965E+00    0.132978965304062E+00    0.160502795636387E-03    0.111918152521217E+00    0.136015811743134E+00
    0.468199999999965E+00    0.133004120828005E+00    0.160614117449752E-03    0.111938132441247E+00    0.136041046362693E+00
    0.468299999999965E+00    0.133029275081801E+00    0.160725490970876E-03    0.111958110818742E+00    0.136066279615619E+00
    0.468399999999965E+00    0.133054428065517E+00    0.160836916210633E-03    0.111978087653778E+00    0.136091511502051E+00
    0.468499999999965E+00    0.133079579779223E+00    0.160948393179896E-03    0.111998062946432E+00    0.136116742022128E+00
    0.468599999999965E+00    0.133104730222990E+00    0.161059921889538E-03    0.112018036696780E+00    0.136141971175990E+00
    0.468699999999965E+00    0.133129879396886E+00    0.161171502350469E-03    0.112038008904900E+00    0.136167198963776E+00
    0.468799999999965E+00    0.133155027300982E+00    0.161283134573525E-03    0.112057979570868E+00    0.136192425385626E+00
    0.468899999999965E+00    0.133180173935345E+00    0.161394818569610E-03    0.112077948694762E+00    0.136217650441678E+00
    0.468999999999965E+00    0.133205319300047E+00    0.161506554349572E-03    0.112097916276657E+00    0.136242874132071E+00
    0.469099999999965E+00    0.133230463395156E+00    0.161618341924292E-03    0.112117882316631E+00    0.136268096456946E+00
    0.469199999999965E+00    0.133255606220742E+00    0.161730181304641E-03    0.112137846814760E+00    0.136293317416440E+00
    0.469299999999965E+00    0.133280747776875E+00    0.161842072501476E-03    0.112157809771122E+00    0.136318537010694E+00
    0.469399999999965E+00    0.133305888063623E+00    0.161954015525662E-03    0.112177771185793E+00    0.136343755239846E+00
    0.469499999999965E+00    0.133331027081057E+00    0.162066010388072E-03    0.112197731058849E+00    0.136368972104035E+00
    0.469599999999965E+00    0.133356164829245E+00    0.162178057099549E-03    0.112217689390368E+00    0.136394187603401E+00
    0.469699999999965E+00    0.133381301308258E+00    0.162290155670946E-03    0.112237646180426E+00    0.136419401738082E+00
    0.469799999999965E+00    0.133406436518164E+00    0.162402306113127E-03    0.112257601429100E+00    0.136444614508218E+00
    0.469899999999965E+00    0.133431570459033E+00    0.162514508436956E-03    0.112277555136467E+00    0.136469825913948E+00
    0.469999999999965E+00    0.133456703130935E+00    0.162626762653270E-03    0.112297507302603E+00    0.136495035955410E+00
    0.470099999999965E+00    0.133481834533938E+00    0.162739068772932E-03    0.112317457927585E+00    0.136520244632744E+00
    0.470199999999965E+00    0.133506964668113E+00    0.162851426806778E-03    0.112337407011490E+00    0.136545451946088E+00
    0.470299999999965E+00    0.133532093533529E+00    0.162963836765660E-03    0.112357354554395E+00    0.136570657895581E+00
    0.470399999999965E+00    0.133557221130254E+00    0.163076298660419E-03    0.112377300556376E+00    0.136595862481363E+00
    0.470499999999965E+00    0.133582347458360E+00    0.163188812501892E-03    0.112397245017510E+00    0.136621065703572E+00
    0.470599999999964E+00    0.133607472517914E+00    0.163301378300930E-03    0.112417187937873E+00    0.136646267562347E+00
    0.470699999999964E+00    0.133632596308987E+00    0.163413996068373E-03    0.112437129317543E+00    0.136671468057827E+00
    0.470799999999964E+00    0.133657718831647E+00    0.163526665815045E-03    0.112457069156595E+00    0.136696667190150E+00
    0.470899999999964E+00    0.133682840085965E+00    0.163639387551784E-03    0.112477007455107E+00    0.136721864959456E+00
    0.470999999999964E+00    0.133707960072009E+00    0.163752161289435E-03    0.112496944213156E+00    0.136747061365883E+00
    0.471099999999964E+00    0.133733078789849E+00    0.163864987038795E-03    0.112516879430817E+00    0.136772256409571E+00
    0.471199999999964E+00    0.133758196239554E+00    0.163977864810715E-03    0.112536813108168E+00    0.136797450090656E+00
    0.471299999999964E+00    0.133783312421194E+00    0.164090794616021E-03    0.112556745245285E+00    0.136822642409279E+00
    0.471399999999964E+00    0.133808427334837E+00    0.164203776465554E-03    0.112576675842245E+00    0.136847833365578E+00
    0.471499999999964E+00    0.133833540980554E+00    0.164316810370108E-03    0.112596604899124E+00    0.136873022959692E+00
    0.471599999999964E+00    0.133858653358414E+00    0.164429896340513E-03    0.112616532415999E+00    0.136898211191759E+00
    0.471699999999964E+00    0.133883764468486E+00    0.164543034387588E-03    0.112636458392947E+00    0.136923398061918E+00
    0.471799999999964E+00    0.133908874310839E+00    0.164656224522141E-03    0.112656382830044E+00    0.136948583570308E+00
    0.471899999999964E+00    0.133933982885543E+00    0.164769466755002E-03    0.112676305727368E+00    0.136973767717066E+00
    0.471999999999964E+00    0.133959090192667E+00    0.164882761096986E-03    0.112696227084993E+00    0.136998950502332E+00
    0.472099999999964E+00    0.133984196232280E+00    0.164996107558870E-03    0.112716146902998E+00    0.137024131926245E+00
    0.472199999999964E+00    0.134009301004452E+00    0.165109506151501E-03    0.112736065181458E+00    0.137049311988942E+00
    0.472299999999964E+00    0.134034404509252E+00    0.165222956885660E-03    0.112755981920450E+00    0.137074490690561E+00
    0.472399999999964E+00    0.134059506746749E+00    0.165336459772172E-03    0.112775897120052E+00    0.137099668031243E+00
    0.472499999999964E+00    0.134084607717013E+00    0.165450014821837E-03    0.112795810780338E+00    0.137124844011124E+00
    0.472599999999964E+00    0.134109707420113E+00    0.165563622045443E-03    0.112815722901387E+00    0.137150018630344E+00
    0.472699999999964E+00    0.134134805856118E+00    0.165677281453792E-03    0.112835633483274E+00    0.137175191889041E+00
    0.472799999999964E+00    0.134159903025097E+00    0.165790993057679E-03    0.112855542526075E+00    0.137200363787353E+00
    0.472899999999964E+00    0.134184998927120E+00    0.165904756867915E-03    0.112875450029869E+00    0.137225534325418E+00
    0.472999999999964E+00    0.134210093562257E+00    0.166018572895267E-03    0.112895355994730E+00    0.137250703503375E+00
    0.473099999999964E+00    0.134235186930575E+00    0.166132441150541E-03    0.112915260420736E+00    0.137275871321362E+00
    0.473199999999964E+00    0.134260279032145E+00    0.166246361644526E-03    0.112935163307963E+00    0.137301037779517E+00
    0.473299999999964E+00    0.134285369867037E+00    0.166360334388015E-03    0.112955064656488E+00    0.137326202877979E+00
    0.473399999999964E+00    0.134310459435318E+00    0.166474359391773E-03    0.112974964466386E+00    0.137351366616886E+00
    0.473499999999964E+00    0.134335547737058E+00    0.166588436666597E-03    0.112994862737735E+00    0.137376528996376E+00
    0.473599999999964E+00    0.134360634772328E+00    0.166702566223278E-03    0.113014759470612E+00    0.137401690016587E+00
    0.473699999999964E+00    0.134385720541195E+00    0.166816748072576E-03    0.113034654665092E+00    0.137426849677658E+00
    0.473799999999964E+00    0.134410805043729E+00    0.166930982225281E-03    0.113054548321251E+00    0.137452007979726E+00
    0.473899999999964E+00    0.134435888280000E+00    0.167045268692155E-03    0.113074440439168E+00    0.137477164922930E+00
    0.473999999999964E+00    0.134460970250076E+00    0.167159607483980E-03    0.113094331018917E+00    0.137502320507407E+00
    0.474099999999964E+00    0.134486050954028E+00    0.167273998611533E-03    0.113114220060576E+00    0.137527474733296E+00
    0.474199999999964E+00    0.134511130391923E+00    0.167388442085569E-03    0.113134107564220E+00    0.137552627600735E+00
    0.474299999999964E+00    0.134536208563831E+00    0.167502937916861E-03    0.113153993529927E+00    0.137577779109862E+00
    0.474399999999964E+00    0.134561285469822E+00    0.167617486116158E-03    0.113173877957773E+00    0.137602929260815E+00
    0.474499999999964E+00    0.134586361109965E+00    0.167732086694237E-03    0.113193760847834E+00    0.137628078053732E+00
    0.474599999999964E+00    0.134611435484328E+00    0.167846739661866E-03    0.113213642200186E+00    0.137653225488750E+00
    0.474699999999964E+00    0.134636508592982E+00    0.167961445029808E-03    0.113233522014907E+00    0.137678371566009E+00
    0.474799999999964E+00    0.134661580435995E+00    0.168076202808803E-03    0.113253400292072E+00    0.137703516285645E+00
    0.474899999999964E+00    0.134686651013436E+00    0.168191013009618E-03    0.113273277031757E+00    0.137728659647797E+00
    0.474999999999964E+00    0.134711720325376E+00    0.168305875643010E-03    0.113293152234040E+00    0.137753801652602E+00
    0.475099999999964E+00    0.134736788371881E+00    0.168420790719726E-03    0.113313025898997E+00    0.137778942300198E+00
    0.475199999999964E+00    0.134761855153023E+00    0.168535758250503E-03    0.113332898026704E+00    0.137804081590724E+00
    0.475299999999964E+00    0.134786920668870E+00    0.168650778246098E-03    0.113352768617237E+00    0.137829219524317E+00
    0.475399999999964E+00    0.134811984919492E+00    0.168765850717252E-03    0.113372637670673E+00    0.137854356101114E+00
    0.475499999999964E+00    0.134837047904957E+00    0.168880975674721E-03    0.113392505187088E+00    0.137879491321254E+00
    0.475599999999964E+00    0.134862109625334E+00    0.168996153129238E-03    0.113412371166558E+00    0.137904625184874E+00
    0.475699999999964E+00    0.134887170080694E+00    0.169111383091544E-03    0.113432235609161E+00    0.137929757692112E+00
    0.475799999999964E+00    0.134912229271104E+00    0.169226665572371E-03    0.113452098514972E+00    0.137954888843106E+00
    0.475899999999964E+00    0.134937287196634E+00    0.169342000582449E-03    0.113471959884067E+00    0.137980018637993E+00
    0.475999999999964E+00    0.134962343857354E+00    0.169457388132527E-03    0.113491819716523E+00    0.138005147076911E+00
    0.476099999999964E+00    0.134987399253332E+00    0.169572828233327E-03    0.113511678012416E+00    0.138030274159998E+00
    0.476199999999964E+00    0.135012453384637E+00    0.169688320895587E-03    0.113531534771823E+00    0.138055399887391E+00
    0.476299999999964E+00    0.135037506251339E+00    0.169803866130016E-03    0.113551389994820E+00    0.138080524259227E+00
    0.476399999999964E+00    0.135062557853507E+00    0.169919463947352E-03    0.113571243681483E+00    0.138105647275646E+00
    0.476499999999964E+00    0.135087608191210E+00    0.170035114358310E-03    0.113591095831889E+00    0.138130768936783E+00
    0.476599999999964E+00    0.135112657264516E+00    0.170150817373628E-03    0.113610946446113E+00    0.138155889242776E+00
    0.476699999999964E+00    0.135137705073495E+00    0.170266573004020E-03    0.113630795524232E+00    0.138181008193764E+00
    0.476799999999964E+00    0.135162751618217E+00    0.170382381260198E-03    0.113650643066323E+00    0.138206125789883E+00
    0.476899999999964E+00    0.135187796898750E+00    0.170498242152881E-03    0.113670489072462E+00    0.138231242031270E+00
    0.476999999999964E+00    0.135212840915163E+00    0.170614155692766E-03    0.113690333542724E+00    0.138256356918064E+00
    0.477099999999964E+00    0.135237883667525E+00    0.170730121890587E-03    0.113710176477186E+00    0.138281470450402E+00
    0.477199999999964E+00    0.135262925155906E+00    0.170846140757044E-03    0.113730017875925E+00    0.138306582628421E+00
    0.477299999999964E+00    0.135287965380374E+00    0.170962212302850E-03    0.113749857739017E+00    0.138331693452258E+00
    0.477399999999964E+00    0.135313004340999E+00    0.171078336538714E-03    0.113769696066538E+00    0.138356802922051E+00
    0.477499999999964E+00    0.135338042037850E+00    0.171194513475306E-03    0.113789532858563E+00    0.138381911037938E+00
    0.477599999999964E+00    0.135363078470995E+00    0.171310743123375E-03    0.113809368115171E+00    0.138407017800054E+00
    0.477699999999964E+00    0.135388113640504E+00    0.171427025493590E-03    0.113829201836436E+00    0.138432123208539E+00
    0.477799999999964E+00    0.135413147546445E+00    0.171543360596652E-03    0.113849034022434E+00    0.138457227263528E+00
    0.477899999999964E+00    0.135438180188889E+00    0.171659748443259E-03    0.113868864673243E+00    0.138482329965159E+00
    0.477999999999964E+00    0.135463211567903E+00    0.171776189044108E-03    0.113888693788938E+00    0.138507431313570E+00
    0.478099999999964E+00    0.135488241683558E+00    0.171892682409883E-03    0.113908521369596E+00    0.138532531308898E+00
    0.478199999999964E+00    0.135513270535921E+00    0.172009228551280E-03    0.113928347415293E+00    0.138557629951279E+00
    0.478299999999964E+00    0.135538298125062E+00    0.172125827478981E-03    0.113948171926104E+00    0.138582727240851E+00
    0.478399999999964E+00    0.135563324451050E+00    0.172242479203682E-03    0.113967994902106E+00    0.138607823177751E+00
    0.478499999999964E+00    0.135588349513954E+00    0.172359183736051E-03    0.113987816343376E+00    0.138632917762116E+00
    0.478599999999964E+00    0.135613373313843E+00    0.172475941086790E-03    0.114007636249989E+00    0.138658010994084E+00
    0.478699999999964E+00    0.135638395850786E+00    0.172592751266555E-03    0.114027454622022E+00    0.138683102873790E+00
    0.478799999999964E+00    0.135663417124852E+00    0.172709614286037E-03    0.114047271459550E+00    0.138708193401373E+00
    0.478899999999964E+00    0.135688437136110E+00    0.172826530155911E-03    0.114067086762650E+00    0.138733282576969E+00
    0.478999999999964E+00    0.135713455884629E+00    0.172943498886846E-03    0.114086900531399E+00    0.138758370400716E+00
    0.479099999999964E+00    0.135738473370478E+00    0.173060520489515E-03    0.114106712765871E+00    0.138783456872749E+00
    0.479199999999964E+00    0.135763489593725E+00    0.173177594974590E-03    0.114126523466144E+00    0.138808541993207E+00
    0.479299999999964E+00    0.135788504554441E+00    0.173294722352728E-03    0.114146332632294E+00    0.138833625762226E+00
    0.479399999999964E+00    0.135813518252693E+00    0.173411902634605E-03    0.114166140264396E+00    0.138858708179943E+00
    0.479499999999964E+00    0.135838530688552E+00    0.173529135830874E-03    0.114185946362526E+00    0.138883789246495E+00
    0.479599999999963E+00    0.135863541862084E+00    0.173646421952209E-03    0.114205750926762E+00    0.138908868962019E+00
    0.479699999999963E+00    0.135888551773361E+00    0.173763761009255E-03    0.114225553957178E+00    0.138933947326651E+00
    0.479799999999963E+00    0.135913560422450E+00    0.173881153012683E-03    0.114245355453851E+00    0.138959024340529E+00
    0.479899999999963E+00    0.135938567809421E+00    0.173998597973148E-03    0.114265155416858E+00    0.138984100003788E+00
    0.479999999999963E+00    0.135963573934343E+00    0.174116095901288E-03    0.114284953846274E+00    0.139009174316567E+00
    0.480099999999963E+00    0.135988578797284E+00    0.174233646807767E-03    0.114304750742174E+00    0.139034247279002E+00
    0.480199999999963E+00    0.136013582398313E+00    0.174351250703236E-03    0.114324546104637E+00    0.139059318891228E+00
    0.480299999999963E+00    0.136038584737500E+00    0.174468907598338E-03    0.114344339933736E+00    0.139084389153384E+00
    0.480399999999963E+00    0.136063585814913E+00    0.174586617503704E-03    0.114364132229549E+00    0.139109458065606E+00
    0.480499999999963E+00    0.136088585630621E+00    0.174704380430002E-03    0.114383922992152E+00    0.139134525628030E+00
    0.480599999999963E+00    0.136113584184693E+00    0.174822196387855E-03    0.114403712221620E+00    0.139159591840794E+00
    0.480699999999963E+00    0.136138581477198E+00    0.174940065387907E-03    0.114423499918030E+00    0.139184656704033E+00
    0.480799999999963E+00    0.136163577508205E+00    0.175057987440790E-03    0.114443286081457E+00    0.139209720217884E+00
    0.480899999999963E+00    0.136188572277783E+00    0.175175962557145E-03    0.114463070711978E+00    0.139234782382484E+00
    0.480999999999963E+00    0.136213565786000E+00    0.175293990747603E-03    0.114482853809668E+00    0.139259843197970E+00
    0.481099999999963E+00    0.136238558032926E+00    0.175412072022792E-03    0.114502635374605E+00    0.139284902664478E+00
    0.481199999999963E+00    0.136263549018629E+00    0.175530206393348E-03    0.114522415406863E+00    0.139309960782144E+00
    0.481299999999963E+00    0.136288538743179E+00    0.175648393869898E-03    0.114542193906518E+00    0.139335017551105E+00
    0.481399999999963E+00    0.136313527206643E+00    0.175766634463058E-03    0.114561970873647E+00    0.139360072971497E+00
    0.481499999999963E+00    0.136338514409092E+00    0.175884928183459E-03    0.114581746308326E+00    0.139385127043457E+00
    0.481599999999963E+00    0.136363500350594E+00    0.176003275041719E-03    0.114601520210631E+00    0.139410179767122E+00
    0.481699999999963E+00    0.136388485031217E+00    0.176121675048438E-03    0.114621292580637E+00    0.139435231142627E+00
    0.481799999999963E+00    0.136413468451031E+00    0.176240128214271E-03    0.114641063418421E+00    0.139460281170109E+00
    0.481899999999963E+00    0.136438450610104E+00    0.176358634549813E-03    0.114660832724059E+00    0.139485329849705E+00
    0.481999999999963E+00    0.136463431508506E+00    0.176477194065680E-03    0.114680600497626E+00    0.139510377181550E+00
    0.482099999999963E+00    0.136488411146305E+00    0.176595806772466E-03    0.114700366739198E+00    0.139535423165781E+00
    0.482199999999963E+00    0.136513389523569E+00    0.176714472680800E-03    0.114720131448852E+00    0.139560467802534E+00
    0.482299999999963E+00    0.136538366640369E+00    0.176833191801276E-03    0.114739894626663E+00    0.139585511091947E+00
    0.482399999999963E+00    0.136563342496772E+00    0.176951964144503E-03    0.114759656272708E+00    0.139610553034153E+00
    0.482499999999963E+00    0.136588317092847E+00    0.177070789721083E-03    0.114779416387061E+00    0.139635593629291E+00
    0.482599999999963E+00    0.136613290428663E+00    0.177189668541628E-03    0.114799174969800E+00    0.139660632877496E+00
    0.482699999999963E+00    0.136638262504290E+00    0.177308600616721E-03    0.114818932021000E+00    0.139685670778905E+00
    0.482799999999963E+00    0.136663233319795E+00    0.177427585956958E-03    0.114838687540737E+00    0.139710707333652E+00
    0.482899999999963E+00    0.136688202875248E+00    0.177546624572938E-03    0.114858441529086E+00    0.139735742541876E+00
    0.482999999999963E+00    0.136713171170718E+00    0.177665716475255E-03    0.114878193986125E+00    0.139760776403711E+00
    0.483099999999963E+00    0.136738138206272E+00    0.177784861674500E-03    0.114897944911928E+00    0.139785808919295E+00
    0.483199999999963E+00    0.136763103981981E+00    0.177904060181251E-03    0.114917694306572E+00    0.139810840088762E+00
    0.483299999999963E+00    0.136788068497912E+00    0.178023312006108E-03    0.114937442170132E+00    0.139835869912249E+00
    0.483399999999963E+00    0.136813031754135E+00    0.178142617159652E-03    0.114957188502684E+00    0.139860898389892E+00
    0.483499999999963E+00    0.136837993750717E+00    0.178261975652451E-03    0.114976933304304E+00    0.139885925521827E+00
    0.483599999999963E+00    0.136862954487729E+00    0.178381387495108E-03    0.114996676575069E+00    0.139910951308190E+00
    0.483699999999963E+00    0.136887913965239E+00    0.178500852698186E-03    0.115016418315053E+00    0.139935975749117E+00
    0.483799999999963E+00    0.136912872183316E+00    0.178620371272267E-03    0.115036158524333E+00    0.139960998844744E+00
    0.483899999999963E+00    0.136937829142027E+00    0.178739943227923E-03    0.115055897202984E+00    0.139986020595206E+00
    0.483999999999963E+00    0.136962784841443E+00    0.178859568575716E-03    0.115075634351083E+00    0.140011041000640E+00
    0.484099999999963E+00    0.136987739281631E+00    0.178979247326229E-03    0.115095369968705E+00    0.140036060061182E+00
    0.484199999999963E+00    0.137012692462661E+00    0.179098979490019E-03    0.115115104055926E+00    0.140061077776967E+00
    0.484299999999963E+00    0.137037644384601E+00    0.179218765077655E-03    0.115134836612822E+00    0.140086094148131E+00
    0.484399999999963E+00    0.137062595047520E+00    0.179338604099713E-03    0.115154567639468E+00    0.140111109174811E+00
    0.484499999999963E+00    0.137087544451487E+00    0.179458496566731E-03    0.115174297135941E+00    0.140136122857140E+00
    0.484599999999963E+00    0.137112492596570E+00    0.179578442489300E-03    0.115194025102316E+00    0.140161135195257E+00
    0.484699999999963E+00    0.137137439482839E+00    0.179698441877953E-03    0.115213751538669E+00    0.140186146189296E+00
    0.484799999999963E+00    0.137162385110361E+00    0.179818494743256E-03    0.115233476445076E+00    0.140211155839392E+00
    0.484899999999963E+00    0.137187329479205E+00    0.179938601095749E-03    0.115253199821612E+00    0.140236164145683E+00
    0.484999999999963E+00    0.137212272589441E+00    0.180058760946001E-03    0.115272921668354E+00    0.140261171108302E+00
    0.485099999999963E+00    0.137237214441137E+00    0.180178974304559E-03    0.115292641985376E+00    0.140286176727387E+00
    0.485199999999963E+00    0.137262155034361E+00    0.180299241181957E-03    0.115312360772756E+00    0.140311181003072E+00
    0.485299999999963E+00    0.137287094369182E+00    0.180419561588747E-03    0.115332078030568E+00    0.140336183935494E+00
    0.485399999999963E+00    0.137312032445669E+00    0.180539935535486E-03    0.115351793758889E+00    0.140361185524787E+00
    0.485499999999963E+00    0.137336969263891E+00    0.180660363032700E-03    0.115371507957794E+00    0.140386185771088E+00
    0.485599999999963E+00    0.137361904823916E+00    0.180780844090929E-03    0.115391220627358E+00    0.140411184674531E+00
    0.485699999999963E+00    0.137386839125813E+00    0.180901378720709E-03    0.115410931767658E+00    0.140436182235253E+00
    0.485799999999963E+00    0.137411772169651E+00    0.181021966932581E-03    0.115430641378769E+00    0.140461178453389E+00
    0.485899999999963E+00    0.137436703955498E+00    0.181142608737071E-03    0.115450349460768E+00    0.140486173329074E+00
    0.485999999999963E+00    0.137461634483422E+00    0.181263304144713E-03    0.115470056013729E+00    0.140511166862444E+00
    0.486099999999963E+00    0.137486563753493E+00    0.181384053166037E-03    0.115489761037728E+00    0.140536159053634E+00
    0.486199999999963E+00    0.137511491765779E+00    0.181504855811570E-03    0.115509464532841E+00    0.140561149902780E+00
    0.486299999999963E+00    0.137536418520349E+00    0.181625712091835E-03    0.115529166499144E+00    0.140586139410017E+00
    0.486399999999963E+00    0.137561344017272E+00    0.181746622017349E-03    0.115548866936713E+00    0.140611127575480E+00
    0.486499999999963E+00    0.137586268256615E+00    0.181867585598642E-03    0.115568565845623E+00    0.140636114399305E+00
    0.486599999999963E+00    0.137611191238448E+00    0.181988602846225E-03    0.115588263225949E+00    0.140661099881628E+00
    0.486699999999963E+00    0.137636112962839E+00    0.182109673770633E-03    0.115607959077768E+00    0.140686084022582E+00
    0.486799999999963E+00    0.137661033429857E+00    0.182230798382359E-03    0.115627653401155E+00    0.140711066822304E+00
    0.486899999999963E+00    0.137685952639570E+00    0.182351976691922E-03    0.115647346196186E+00    0.140736048280929E+00
    0.486999999999963E+00    0.137710870592048E+00    0.182473208709823E-03    0.115667037462937E+00    0.140761028398592E+00
    0.487099999999963E+00    0.137735787287358E+00    0.182594494446594E-03    0.115686727201482E+00    0.140786007175429E+00
    0.487199999999963E+00    0.137760702725569E+00    0.182715833912728E-03    0.115706415411898E+00    0.140810984611574E+00
    0.487299999999963E+00    0.137785616906750E+00    0.182837227118714E-03    0.115726102094260E+00    0.140835960707163E+00
    0.487399999999963E+00    0.137810529830970E+00    0.182958674075071E-03    0.115745787248644E+00    0.140860935462330E+00
    0.487499999999963E+00    0.137835441498296E+00    0.183080174792293E-03    0.115765470875126E+00    0.140885908877212E+00
    0.487599999999963E+00    0.137860351908798E+00    0.183201729280892E-03    0.115785152973781E+00    0.140910880951942E+00
    0.487699999999963E+00    0.137885261062544E+00    0.183323337551351E-03    0.115804833544685E+00    0.140935851686657E+00
    0.487799999999963E+00    0.137910168959602E+00    0.183444999614169E-03    0.115824512587913E+00    0.140960821081491E+00
    0.487899999999963E+00    0.137935075600042E+00    0.183566715479825E-03    0.115844190103541E+00    0.140985789136579E+00
    0.487999999999963E+00    0.137959980983931E+00    0.183688485158821E-03    0.115863866091644E+00    0.141010755852057E+00
    0.488099999999963E+00    0.137984885111339E+00    0.183810308661643E-03    0.115883540552299E+00    0.141035721228058E+00
    0.488199999999963E+00    0.138009787982333E+00    0.183932185998774E-03    0.115903213485580E+00    0.141060685264719E+00
    0.488299999999963E+00    0.138034689596983E+00    0.184054117180692E-03    0.115922884891564E+00    0.141085647962174E+00
    0.488399999999963E+00    0.138059589955356E+00    0.184176102217886E-03    0.115942554770325E+00    0.141110609320558E+00
    0.488499999999963E+00    0.138084489057522E+00    0.184298141120830E-03    0.115962223121939E+00    0.141135569340006E+00
    0.488599999999963E+00    0.138109386903549E+00    0.184420233900005E-03    0.115981889946483E+00    0.141160528020653E+00
    0.488699999999962E+00    0.138134283493505E+00    0.184542380565895E-03    0.116001555244031E+00    0.141185485362634E+00
    0.488799999999962E+00    0.138159178827460E+00    0.184664581128955E-03    0.116021219014659E+00    0.141210441366083E+00
    0.488899999999962E+00    0.138184072905480E+00    0.184786835599672E-03    0.116040881258442E+00    0.141235396031136E+00
    0.488999999999962E+00    0.138208965727636E+00    0.184909143988504E-03    0.116060541975456E+00    0.141260349357927E+00
    0.489099999999962E+00    0.138233857293995E+00    0.185031506305923E-03    0.116080201165777E+00    0.141285301346590E+00
    0.489199999999962E+00    0.138258747604625E+00    0.185153922562390E-03    0.116099858829480E+00    0.141310251997262E+00
    0.489299999999962E+00    0.138283636659597E+00    0.185276392768375E-03    0.116119514966640E+00    0.141335201310076E+00
    0.489399999999962E+00    0.138308524458977E+00    0.185398916934322E-03    0.116139169577334E+00    0.141360149285167E+00
    0.489499999999962E+00    0.138333411002834E+00    0.185521495070710E-03    0.116158822661636E+00    0.141385095922670E+00
    0.489599999999962E+00    0.138358296291237E+00    0.185644127187983E-03    0.116178474219622E+00    0.141410041222719E+00
    0.489699999999962E+00    0.138383180324255E+00    0.185766813296595E-03    0.116198124251367E+00    0.141434985185450E+00
    0.489799999999962E+00    0.138408063101955E+00    0.185889553406999E-03    0.116217772756947E+00    0.141459927810996E+00
    0.489899999999962E+00    0.138432944624406E+00    0.186012347529658E-03    0.116237419736438E+00    0.141484869099493E+00
    0.489999999999962E+00    0.138457824891677E+00    0.186135195675008E-03    0.116257065189915E+00    0.141509809051075E+00
    0.490099999999962E+00    0.138482703903837E+00    0.186258097853503E-03    0.116276709117453E+00    0.141534747665876E+00
    0.490199999999962E+00    0.138507581660952E+00    0.186381054075569E-03    0.116296351519128E+00    0.141559684944031E+00
    0.490299999999962E+00    0.138532458163093E+00    0.186504064351667E-03    0.116315992395014E+00    0.141584620885675E+00
    0.490399999999962E+00    0.138557333410327E+00    0.186627128692226E-03    0.116335631745189E+00    0.141609555490941E+00
    0.490499999999962E+00    0.138582207402722E+00    0.186750247107684E-03    0.116355269569727E+00    0.141634488759966E+00
    0.490599999999962E+00    0.138607080140348E+00    0.186873419608489E-03    0.116374905868703E+00    0.141659420692882E+00
    0.490699999999962E+00    0.138631951623273E+00    0.186996646205057E-03    0.116394540642193E+00    0.141684351289824E+00
    0.490799999999962E+00    0.138656821851565E+00    0.187119926907834E-03    0.116414173890272E+00    0.141709280550928E+00
    0.490899999999962E+00    0.138681690825292E+00    0.187243261727237E-03    0.116433805613016E+00    0.141734208476326E+00
    0.490999999999962E+00    0.138706558544523E+00    0.187366650673704E-03    0.116453435810500E+00    0.141759135066154E+00
    0.491099999999962E+00    0.138731425009326E+00    0.187490093757655E-03    0.116473064482800E+00    0.141784060320546E+00
    0.491199999999962E+00    0.138756290219770E+00    0.187613590989511E-03    0.116492691629991E+00    0.141808984239636E+00
    0.491299999999962E+00    0.138781154175923E+00    0.187737142379696E-03    0.116512317252148E+00    0.141833906823559E+00
    0.491399999999962E+00    0.138806016877854E+00    0.187860747938620E-03    0.116531941349346E+00    0.141858828072448E+00
    0.491499999999962E+00    0.138830878325630E+00    0.187984407676716E-03    0.116551563921661E+00    0.141883747986438E+00
    0.491599999999962E+00    0.138855738519320E+00    0.188108121604397E-03    0.116571184969169E+00    0.141908666565664E+00
    0.491699999999962E+00    0.138880597458993E+00    0.188231889732061E-03    0.116590804491945E+00    0.141933583810259E+00
    0.491799999999962E+00    0.138905455144717E+00    0.188355712070131E-03    0.116610422490064E+00    0.141958499720357E+00
    0.491899999999962E+00    0.138930311576560E+00    0.188479588629006E-03    0.116630038963601E+00    0.141983414296094E+00
    0.491999999999962E+00    0.138955166754591E+00    0.188603519419108E-03    0.116649653912631E+00    0.142008327537602E+00
    0.492099999999962E+00    0.138980020678877E+00    0.188727504450826E-03    0.116669267337231E+00    0.142033239445016E+00
    0.492199999999962E+00    0.139004873349488E+00    0.188851543734559E-03    0.116688879237476E+00    0.142058150018471E+00
    0.492299999999962E+00    0.139029724766492E+00    0.188975637280723E-03    0.116708489613440E+00    0.142083059258099E+00
    0.492399999999962E+00    0.139054574929956E+00    0.189099785099706E-03    0.116728098465199E+00    0.142107967164036E+00
    0.492499999999962E+00    0.139079423839950E+00    0.189223987201910E-03    0.116747705792828E+00    0.142132873736416E+00
    0.492599999999962E+00    0.139104271496542E+00    0.189348243597716E-03    0.116767311596403E+00    0.142157778975371E+00
    0.492699999999962E+00    0.139129117899799E+00    0.189472554297520E-03    0.116786915875999E+00    0.142182682881037E+00
    0.492799999999962E+00    0.139153963049791E+00    0.189596919311724E-03    0.116806518631691E+00    0.142207585453547E+00
    0.492899999999962E+00    0.139178806946585E+00    0.189721338650702E-03    0.116826119863555E+00    0.142232486693036E+00
    0.492999999999962E+00    0.139203649590250E+00    0.189845812324845E-03    0.116845719571665E+00    0.142257386599637E+00
    0.493099999999962E+00    0.139228490980855E+00    0.189970340344545E-03    0.116865317756097E+00    0.142282285173483E+00
    0.493199999999962E+00    0.139253331118466E+00    0.190094922720176E-03    0.116884914416927E+00    0.142307182414710E+00
    0.493299999999962E+00    0.139278170003154E+00    0.190219559462104E-03    0.116904509554229E+00    0.142332078323450E+00
    0.493399999999962E+00    0.139303007634986E+00    0.190344250580727E-03    0.116924103168079E+00    0.142356972899838E+00
    0.493499999999962E+00    0.139327844014029E+00    0.190468996086395E-03    0.116943695258552E+00    0.142381866144008E+00
    0.493599999999962E+00    0.139352679140354E+00    0.190593795989510E-03    0.116963285825724E+00    0.142406758056093E+00
    0.493699999999962E+00    0.139377513014027E+00    0.190718650300424E-03    0.116982874869669E+00    0.142431648636226E+00
    0.493799999999962E+00    0.139402345635117E+00    0.190843559029515E-03    0.117002462390462E+00    0.142456537884543E+00
    0.493899999999962E+00    0.139427177003693E+00    0.190968522187140E-03    0.117022048388180E+00    0.142481425801176E+00
    0.493999999999962E+00    0.139452007119823E+00    0.191093539783662E-03    0.117041632862896E+00    0.142506312386260E+00
    0.494099999999962E+00    0.139476835983574E+00    0.191218611829464E-03    0.117061215814687E+00    0.142531197639927E+00
    0.494199999999962E+00    0.139501663595016E+00    0.191343738334883E-03    0.117080797243628E+00    0.142556081562312E+00
    0.494299999999962E+00    0.139526489954216E+00    0.191468919310275E-03    0.117100377149793E+00    0.142580964153548E+00
    0.494399999999962E+00    0.139551315061243E+00    0.191594154766025E-03    0.117119955533259E+00    0.142605845413769E+00
    0.494499999999962E+00    0.139576138916164E+00    0.191719444712461E-03    0.117139532394099E+00    0.142630725343108E+00
    0.494599999999962E+00    0.139600961519049E+00    0.191844789159948E-03    0.117159107732390E+00    0.142655603941699E+00
    0.494699999999962E+00    0.139625782869964E+00    0.191970188118826E-03    0.117178681548206E+00    0.142680481209676E+00
    0.494799999999962E+00    0.139650602968980E+00    0.192095641599444E-03    0.117198253841623E+00    0.142705357147172E+00
    0.494899999999962E+00    0.139675421816163E+00    0.192221149612145E-03    0.117217824612715E+00    0.142730231754321E+00
    0.494999999999962E+00    0.139700239411582E+00    0.192346712167281E-03    0.117237393861559E+00    0.142755105031256E+00
    0.495099999999962E+00    0.139725055755305E+00    0.192472329275179E-03    0.117256961588229E+00    0.142779976978110E+00
    0.495199999999962E+00    0.139749870847401E+00    0.192598000946201E-03    0.117276527792800E+00    0.142804847595018E+00
    0.495299999999962E+00    0.139774684687937E+00    0.192723727190664E-03    0.117296092475347E+00    0.142829716882112E+00
    0.495399999999962E+00    0.139799497276981E+00    0.192849508018911E-03    0.117315655635946E+00    0.142854584839526E+00
    0.495499999999962E+00    0.139824308614603E+00    0.192975343441283E-03    0.117335217274671E+00    0.142879451467393E+00
    0.495599999999962E+00    0.139849118700870E+00    0.193101233468084E-03    0.117354777391598E+00    0.142904316765846E+00
    0.495699999999962E+00    0.139873927535850E+00    0.193227178109678E-03    0.117374335986802E+00    0.142929180735020E+00
    0.495799999999962E+00    0.139898735119611E+00    0.193353177376362E-03    0.117393893060358E+00    0.142954043375047E+00
    0.495899999999962E+00    0.139923541452222E+00    0.193479231278467E-03    0.117413448612341E+00    0.142978904686060E+00
    0.495999999999962E+00    0.139948346533751E+00    0.193605339826318E-03    0.117433002642826E+00    0.143003764668194E+00
    0.496099999999962E+00    0.139973150364266E+00    0.193731503030237E-03    0.117452555151888E+00    0.143028623321580E+00
    0.496199999999962E+00    0.139997952943835E+00    0.193857720900553E-03    0.117472106139602E+00    0.143053480646353E+00
    0.496299999999962E+00    0.140022754272525E+00    0.193983993447567E-03    0.117491655606044E+00    0.143078336642646E+00
    0.496399999999962E+00    0.140047554350407E+00    0.194110320681583E-03    0.117511203551288E+00    0.143103191310591E+00
    0.496499999999962E+00    0.140072353177547E+00    0.194236702612922E-03    0.117530749975410E+00    0.143128044650322E+00
    0.496599999999962E+00    0.140097150754013E+00    0.194363139251901E-03    0.117550294878484E+00    0.143152896661972E+00
    0.496699999999962E+00    0.140121947079874E+00    0.194489630608840E-03    0.117569838260586E+00    0.143177747345674E+00
    0.496799999999962E+00    0.140146742155198E+00    0.194616176694022E-03    0.117589380121791E+00    0.143202596701562E+00
    0.496899999999962E+00    0.140171535980053E+00    0.194742777517743E-03    0.117608920462173E+00    0.143227444729768E+00
    0.496999999999962E+00    0.140196328554507E+00    0.194869433090322E-03    0.117628459281808E+00    0.143252291430425E+00
    0.497099999999962E+00    0.140221119878628E+00    0.194996143422047E-03    0.117647996580770E+00    0.143277136803667E+00
    0.497199999999962E+00    0.140245909952484E+00    0.195122908523217E-03    0.117667532359135E+00    0.143301980849626E+00
    0.497299999999962E+00    0.140270698776144E+00    0.195249728404134E-03    0.117687066616978E+00    0.143326823568436E+00
    0.497399999999962E+00    0.140295486349676E+00    0.195376603075084E-03    0.117706599354374E+00    0.143351664960229E+00
    0.497499999999962E+00    0.140320272673146E+00    0.195503532546367E-03    0.117726130571397E+00    0.143376505025139E+00
    0.497599999999962E+00    0.140345057746625E+00    0.195630516828248E-03    0.117745660268124E+00    0.143401343763298E+00
    0.497699999999962E+00    0.140369841570179E+00    0.195757555931033E-03    0.117765188444627E+00    0.143426181174839E+00
    0.497799999999961E+00    0.140394624143877E+00    0.195884649865008E-03    0.117784715100984E+00    0.143451017259895E+00
    0.497899999999961E+00    0.140419405467787E+00    0.196011798640438E-03    0.117804240237268E+00    0.143475852018600E+00
    0.497999999999961E+00    0.140444185541977E+00    0.196139002267614E-03    0.117823763853555E+00    0.143500685451085E+00
    0.498099999999961E+00    0.140468964366514E+00    0.196266260756819E-03    0.117843285949920E+00    0.143525517557484E+00
    0.498199999999961E+00    0.140493741941468E+00    0.196393574118313E-03    0.117862806526437E+00    0.143550348337929E+00
    0.498299999999961E+00    0.140518518266906E+00    0.196520942362366E-03    0.117882325583181E+00    0.143575177792554E+00
    0.498399999999961E+00    0.140543293342896E+00    0.196648365499267E-03    0.117901843120228E+00    0.143600005921490E+00
    0.498499999999961E+00    0.140568067169506E+00    0.196775843539285E-03    0.117921359137653E+00    0.143624832724872E+00
    0.498599999999961E+00    0.140592839746804E+00    0.196903376492673E-03    0.117940873635529E+00    0.143649658202830E+00
    0.498699999999961E+00    0.140617611074859E+00    0.197030964369705E-03    0.117960386613933E+00    0.143674482355499E+00
    0.498799999999961E+00    0.140642381153738E+00    0.197158607180638E-03    0.117979898072939E+00    0.143699305183011E+00
    0.498899999999961E+00    0.140667149983509E+00    0.197286304935748E-03    0.117999408012622E+00    0.143724126685498E+00
    0.498999999999961E+00    0.140691917564240E+00    0.197414057645272E-03    0.118018916433057E+00    0.143748946863093E+00
    0.499099999999961E+00    0.140716683895999E+00    0.197541865319487E-03    0.118038423334319E+00    0.143773765715929E+00
    0.499199999999961E+00    0.140741448978855E+00    0.197669727968617E-03    0.118057928716483E+00    0.143798583244139E+00
    0.499299999999961E+00    0.140766212812875E+00    0.197797645602947E-03    0.118077432579624E+00    0.143823399447854E+00
    0.499399999999961E+00    0.140790975398128E+00    0.197925618232699E-03    0.118096934923816E+00    0.143848214327207E+00
    0.499499999999961E+00    0.140815736734681E+00    0.198053645868146E-03    0.118116435749134E+00    0.143873027882332E+00
    0.499599999999961E+00    0.140840496822602E+00    0.198181728519517E-03    0.118135935055654E+00    0.143897840113360E+00
    0.499699999999961E+00    0.140865255661959E+00    0.198309866197066E-03    0.118155432843450E+00    0.143922651020424E+00
    0.499799999999961E+00    0.140890013252820E+00    0.198438058911021E-03    0.118174929112596E+00    0.143947460603656E+00
    0.499899999999961E+00    0.140914769595254E+00    0.198566306671632E-03    0.118194423863169E+00    0.143972268863189E+00
    0.499999999999961E+00    0.140939524689328E+00    0.198694609489138E-03    0.118213917095243E+00    0.143997075799155E+00
