

                              #####################################################
                              READ BLOCK NBL =   1 NICV = 240 NJCV = 100 NKCV =  24
                              #####################################################


                              Simple Navier-Stokes on concave wall        ! TITL
                              **************************************************

                                        FLOW INLET       : FLOW =   1.0000E+00
                                        FLUID DENSITY    :  RHO =   1.0000E+00
                                        DYNAMIC VISCOSITY:   MU =   1.0000E+00
                                        ALFA  PARAMETER  : ALFA =         0.93
                                        CONV. CRITERION  :  SOR =   1.0000E-05
                                                          SMALL =   2.2251-308
                                                          GREAT =   1.7977+308

                                        URF( U )= 0.90  GDS( U )= 1.00  NSW=  100
                                        URF( V )= 0.90  GDS( V )= 1.00  NSW=  100
                                        URF( W )= 0.90  GDS( W )= 1.00  NSW=  100
                                        URF( P )= 0.20                  NSW=  300
                                           EHD.OR.ETHD CONVECTION:  Q --> SOLVED
                                           EHD.OR.ETHD CONVECTION: VP --> SOLVED
                                        **************************************************
                                        UNSTEADY CALCULATION   
                                        TIME STEP DT=     1.000E-04



                              ************************************************************
                              * ****                          **** *
                              ************************************************************
                              *   NO OF BLOCK(S)=    1 ***  NO OF CV = 576000            *
                              ************************************************************

  IT I---------ABSOLUTE RESIDUAL SOURCE SUMS----------I          I----FIELD VALUES AT MONITORING LOCATION BLOCK #   1 (120, 50, 12)-----I
    NO   UMOM     VMOM     WMOM     MASS     ENER                    U         V         W         P         T


          ==> TIME STEP     1   TIME :  1.0000E-04 SEC
     1  1.67E-05  2.58E-05  2.09E-19  1.00E+00  0.00E+00              1.41E+00  4.47E-01  1.91E-03  0.00E+00  0.00E+00  0.00E+00  0.00E+00  2.58E-05
     2  1.51E-02  6.31E-03  1.67E-05  1.00E+00  0.00E+00              4.46E+00  1.43E+00  8.50E-03  0.00E+00  0.00E+00  0.00E+00  0.00E+00  1.51E-02
     3  1.93E-03  1.34E-03  1.67E-04  1.00E+00  0.00E+00              1.42E+01  4.28E+00  2.44E-02  0.00E+00  0.00E+00  0.00E+00  0.00E+00  1.93E-03
     4  6.60E-03  3.82E-03  5.63E-05  1.00E+00  0.00E+00              3.13E+01  9.01E+00  4.45E-02  0.00E+00  0.00E+00  0.00E+00  0.00E+00  6.60E-03
     5  7.99E-03  5.59E-03  6.00E-05  1.00E+00  0.00E+00              5.05E+01  1.42E+01  5.95E-02  0.00E+00  0.00E+00  0.00E+00  0.00E+00  7.99E-03
     6  8.47E-03  5.92E-03  5.92E-05  1.00E+00  0.00E+00              6.79E+01  1.88E+01  6.71E-02  0.00E+00  0.00E+00  0.00E+00  0.00E+00  8.47E-03
     7  7.72E-03  1.16E-03  4.76E-05  1.00E+00  0.00E+00              8.21E+01  2.25E+01  6.86E-02  0.00E+00  0.00E+00  0.00E+00  0.00E+00  7.72E-03
     8  7.07E-03  4.46E-03  3.75E-05  1.00E+00  0.00E+00              9.32E+01  2.54E+01  6.68E-02  0.00E+00  0.00E+00  0.00E+00  0.00E+00  7.07E-03
     9  6.28E-03  7.13E-04  3.04E-05  1.00E+00  0.00E+00              1.02E+02  2.76E+01  6.38E-02  0.00E+00  0.00E+00  0.00E+00  0.00E+00  6.28E-03
    10  5.44E-03  3.12E-03  2.52E-05  1.00E+00  0.00E+00              1.08E+02  2.93E+01  6.08E-02  0.00E+00  0.00E+00  0.00E+00  0.00E+00  5.44E-03
    11  4.53E-03  4.85E-04  2.07E-05  1.00E+00  0.00E+00              1.13E+02  3.06E+01  5.83E-02  0.00E+00  0.00E+00  0.00E+00  0.00E+00  4.53E-03
    12  3.70E-03  2.16E-03  1.64E-05  1.00E+00  0.00E+00              1.17E+02  3.15E+01  5.64E-02  0.00E+00  0.00E+00  0.00E+00  0.00E+00  3.70E-03
    13  3.02E-03  3.10E-04  1.28E-05  1.00E+00  0.00E+00              1.19E+02  3.22E+01  5.50E-02  0.00E+00  0.00E+00  0.00E+00  0.00E+00  3.02E-03
    14  2.47E-03  1.42E-03  9.99E-06  1.00E+00  0.00E+00              1.21E+02  3.27E+01  5.40E-02  0.00E+00  0.00E+00  0.00E+00  0.00E+00  2.47E-03
    15  2.03E-03  2.04E-04  7.89E-06  1.00E+00  0.00E+00              1.22E+02  3.30E+01  5.34E-02  0.00E+00  0.00E+00  0.00E+00  0.00E+00  2.03E-03
    16  1.65E-03  9.72E-04  6.21E-06  1.00E+00  0.00E+00              1.23E+02  3.33E+01  5.29E-02  0.00E+00  0.00E+00  0.00E+00  0.00E+00  1.65E-03
    17  1.37E-03  1.42E-04  4.91E-06  1.00E+00  0.00E+00              1.24E+02  3.34E+01  5.27E-02  0.00E+00  0.00E+00  0.00E+00  0.00E+00  1.37E-03
    18  1.12E-03  6.78E-04  3.92E-06  1.00E+00  0.00E+00              1.24E+02  3.35E+01  5.25E-02  0.00E+00  0.00E+00  0.00E+00  0.00E+00  1.12E-03
    19  9.56E-04  1.01E-04  3.19E-06  1.00E+00  0.00E+00              1.25E+02  3.36E+01  5.24E-02  0.00E+00  0.00E+00  0.00E+00  0.00E+00  9.56E-04
    20  8.10E-04  4.94E-04  2.64E-06  1.00E+00  0.00E+00              1.25E+02  3.37E+01  5.24E-02  0.00E+00  0.00E+00  0.00E+00  0.00E+00  8.10E-04
    21  7.05E-04  4.08E-04  2.20E-06  1.00E+00  0.00E+00              1.25E+02  3.37E+01  5.23E-02  0.00E+00  0.00E+00  0.00E+00  0.00E+00  7.05E-04
    22  6.05E-04  3.73E-04  1.88E-06  1.00E+00  0.00E+00              1.25E+02  3.37E+01  5.23E-02  0.00E+00  0.00E+00  0.00E+00  0.00E+00  6.05E-04
    23  5.38E-04  3.10E-04  1.62E-06  1.00E+00  0.00E+00              1.25E+02  3.37E+01  5.23E-02  0.00E+00  0.00E+00  0.00E+00  0.00E+00  5.38E-04
    24  4.69E-04  2.89E-04  1.42E-06  1.00E+00  0.00E+00              1.25E+02  3.38E+01  5.23E-02  0.00E+00  0.00E+00  0.00E+00  0.00E+00  4.69E-04
    25  4.23E-04  2.43E-04  1.26E-06  1.00E+00  0.00E+00              1.25E+02  3.38E+01  5.23E-02  0.00E+00  0.00E+00  0.00E+00  0.00E+00  4.23E-04
    26  3.73E-04  2.30E-04  1.11E-06  1.00E+00  0.00E+00              1.25E+02  3.38E+01  5.23E-02  0.00E+00  0.00E+00  0.00E+00  0.00E+00  3.73E-04
    27  3.40E-04  1.94E-04  9.96E-07  1.00E+00  0.00E+00              1.25E+02  3.38E+01  5.23E-02  0.00E+00  0.00E+00  0.00E+00  0.00E+00  3.40E-04
    28  3.02E-04  1.84E-04  8.97E-07  1.00E+00  0.00E+00              1.25E+02  3.38E+01  5.23E-02  0.00E+00  0.00E+00  0.00E+00  0.00E+00  3.02E-04
    29  2.76E-04  1.56E-04  8.14E-07  1.00E+00  0.00E+00              1.25E+02  3.38E+01  5.23E-02  0.00E+00  0.00E+00  0.00E+00  0.00E+00  2.76E-04
    30  2.47E-04  1.50E-04  7.37E-07  1.00E+00  0.00E+00              1.25E+02  3.38E+01  5.23E-02  0.00E+00  0.00E+00  0.00E+00  0.00E+00  2.47E-04
    31  2.27E-04  1.27E-04  6.71E-07  1.00E+00  0.00E+00              1.25E+02  3.38E+01  5.23E-02  0.00E+00  0.00E+00  0.00E+00  0.00E+00  2.27E-04
    32  2.04E-04  1.23E-04  6.11E-07  1.00E+00  0.00E+00              1.25E+02  3.38E+01  5.23E-02  0.00E+00  0.00E+00  0.00E+00  0.00E+00  2.04E-04
    33  1.89E-04  1.04E-04  5.58E-07  1.00E+00  0.00E+00              1.25E+02  3.38E+01  5.23E-02  0.00E+00  0.00E+00  0.00E+00  0.00E+00  1.89E-04
    34  1.70E-04  1.01E-04  5.11E-07  1.00E+00  0.00E+00              1.25E+02  3.38E+01  5.23E-02  0.00E+00  0.00E+00  0.00E+00  0.00E+00  1.70E-04
    35  1.58E-04  8.64E-05  4.69E-07  1.00E+00  0.00E+00              1.25E+02  3.38E+01  5.23E-02  0.00E+00  0.00E+00  0.00E+00  0.00E+00  1.58E-04
    36  1.43E-04  8.42E-05  4.31E-07  1.00E+00  0.00E+00              1.25E+02  3.38E+01  5.23E-02  0.00E+00  0.00E+00  0.00E+00  0.00E+00  1.43E-04
    37  1.33E-04  7.19E-05  3.96E-07  1.00E+00  0.00E+00              1.25E+02  3.38E+01  5.23E-02  0.00E+00  0.00E+00  0.00E+00  0.00E+00  1.33E-04
    38  1.20E-04  7.03E-05  3.67E-07  1.00E+00  0.00E+00              1.25E+02  3.38E+01  5.23E-02  0.00E+00  0.00E+00  0.00E+00  0.00E+00  1.20E-04
    39  1.12E-04  6.01E-05  3.40E-07  1.00E+00  0.00E+00              1.25E+02  3.38E+01  5.23E-02  0.00E+00  0.00E+00  0.00E+00  0.00E+00  1.12E-04
    40  1.02E-04  5.90E-05  3.12E-07  1.00E+00  0.00E+00              1.25E+02  3.38E+01  5.23E-02  0.00E+00  0.00E+00  0.00E+00  0.00E+00  1.02E-04
    41  9.55E-05  5.05E-05  2.88E-07  1.00E+00  0.00E+00              1.25E+02  3.38E+01  5.23E-02  0.00E+00  0.00E+00  0.00E+00  0.00E+00  9.55E-05
    42  8.72E-05  4.97E-05  2.68E-07  1.00E+00  0.00E+00              1.25E+02  3.38E+01  5.23E-02  0.00E+00  0.00E+00  0.00E+00  0.00E+00  8.72E-05
    43  8.16E-05  4.27E-05  2.48E-07  1.00E+00  0.00E+00              1.25E+02  3.38E+01  5.23E-02  0.00E+00  0.00E+00  0.00E+00  0.00E+00  8.16E-05
    44  7.47E-05  4.21E-05  2.28E-07  1.00E+00  0.00E+00              1.25E+02  3.38E+01  5.23E-02  0.00E+00  0.00E+00  0.00E+00  0.00E+00  7.47E-05
    45  7.00E-05  3.62E-05  2.11E-07  1.00E+00  0.00E+00              1.25E+02  3.38E+01  5.23E-02  0.00E+00  0.00E+00  0.00E+00  0.00E+00  7.00E-05
    46  6.42E-05  3.58E-05  1.95E-07  1.00E+00  0.00E+00              1.25E+02  3.38E+01  5.23E-02  0.00E+00  0.00E+00  0.00E+00  0.00E+00  6.42E-05
    47  6.04E-05  3.09E-05  1.82E-07  1.00E+00  0.00E+00              1.25E+02  3.38E+01  5.23E-02  0.00E+00  0.00E+00  0.00E+00  0.00E+00  6.04E-05
    48  5.54E-05  3.05E-05  1.69E-07  1.00E+00  0.00E+00              1.25E+02  3.38E+01  5.23E-02  0.00E+00  0.00E+00  0.00E+00  0.00E+00  5.54E-05
    49  5.22E-05  2.64E-05  1.57E-07  1.00E+00  0.00E+00              1.25E+02  3.38E+01  5.23E-02  0.00E+00  0.00E+00  0.00E+00  0.00E+00  5.22E-05
    50  4.80E-05  2.61E-05  1.46E-07  1.00E+00  0.00E+00              1.25E+02  3.38E+01  5.23E-02  0.00E+00  0.00E+00  0.00E+00  0.00E+00  4.80E-05
    51  4.53E-05  2.26E-05  1.35E-07  1.00E+00  0.00E+00              1.25E+02  3.38E+01  5.23E-02  0.00E+00  0.00E+00  0.00E+00  0.00E+00  4.53E-05
    52  4.17E-05  2.25E-05  1.26E-07  1.00E+00  0.00E+00              1.25E+02  3.38E+01  5.23E-02  0.00E+00  0.00E+00  0.00E+00  0.00E+00  4.17E-05
    53  3.95E-05  1.95E-05  1.17E-07  1.00E+00  0.00E+00              1.25E+02  3.38E+01  5.23E-02  0.00E+00  0.00E+00  0.00E+00  0.00E+00  3.95E-05
    54  3.64E-05  1.94E-05  1.09E-07  1.00E+00  0.00E+00              1.25E+02  3.38E+01  5.23E-02  0.00E+00  0.00E+00  0.00E+00  0.00E+00  3.64E-05
    55  3.45E-05  1.68E-05  1.01E-07  1.00E+00  0.00E+00              1.25E+02  3.38E+01  5.23E-02  0.00E+00  0.00E+00  0.00E+00  0.00E+00  3.45E-05
    56  3.19E-05  1.68E-05  9.41E-08  1.00E+00  0.00E+00              1.25E+02  3.38E+01  5.23E-02  0.00E+00  0.00E+00  0.00E+00  0.00E+00  3.19E-05
    57  3.02E-05  1.46E-05  8.77E-08  1.00E+00  0.00E+00              1.25E+02  3.38E+01  5.23E-02  0.00E+00  0.00E+00  0.00E+00  0.00E+00  3.02E-05
    58  2.80E-05  1.45E-05  8.17E-08  1.00E+00  0.00E+00              1.25E+02  3.38E+01  5.23E-02  0.00E+00  0.00E+00  0.00E+00  0.00E+00  2.80E-05
    59  2.65E-05  1.27E-05  7.64E-08  1.00E+00  0.00E+00              1.25E+02  3.38E+01  5.23E-02  0.00E+00  0.00E+00  0.00E+00  0.00E+00  2.65E-05
    60  2.47E-05  1.26E-05  7.13E-08  1.00E+00  0.00E+00              1.25E+02  3.38E+01  5.23E-02  0.00E+00  0.00E+00  0.00E+00  0.00E+00  2.47E-05
    61  2.34E-05  1.11E-05  6.67E-08  1.00E+00  0.00E+00              1.25E+02  3.38E+01  5.23E-02  0.00E+00  0.00E+00  0.00E+00  0.00E+00  2.34E-05
    62  2.17E-05  1.10E-05  6.23E-08  1.00E+00  0.00E+00              1.25E+02  3.38E+01  5.23E-02  0.00E+00  0.00E+00  0.00E+00  0.00E+00  2.17E-05
    63  2.07E-05  9.65E-06  5.83E-08  1.00E+00  0.00E+00              1.25E+02  3.38E+01  5.23E-02  0.00E+00  0.00E+00  0.00E+00  0.00E+00  2.07E-05
    64  1.92E-05  9.64E-06  5.45E-08  1.00E+00  0.00E+00              1.25E+02  3.38E+01  5.23E-02  0.00E+00  0.00E+00  0.00E+00  0.00E+00  1.92E-05
    65  1.83E-05  8.47E-06  5.11E-08  1.00E+00  0.00E+00              1.25E+02  3.38E+01  5.23E-02  0.00E+00  0.00E+00  0.00E+00  0.00E+00  1.83E-05
    66  1.71E-05  8.45E-06  4.79E-08  1.00E+00  0.00E+00              1.25E+02  3.38E+01  5.23E-02  0.00E+00  0.00E+00  0.00E+00  0.00E+00  1.71E-05
    67  1.62E-05  7.45E-06  4.49E-08  1.00E+00  0.00E+00              1.25E+02  3.38E+01  5.23E-02  0.00E+00  0.00E+00  0.00E+00  0.00E+00  1.62E-05
    68  1.52E-05  7.44E-06  4.21E-08  1.00E+00  0.00E+00              1.25E+02  3.38E+01  5.23E-02  0.00E+00  0.00E+00  0.00E+00  0.00E+00  1.52E-05
    69  1.44E-05  6.57E-06  3.97E-08  1.00E+00  0.00E+00              1.25E+02  3.38E+01  5.23E-02  0.00E+00  0.00E+00  0.00E+00  0.00E+00  1.44E-05
    70  1.35E-05  6.56E-06  3.73E-08  1.00E+00  0.00E+00              1.25E+02  3.38E+01  5.23E-02  0.00E+00  0.00E+00  0.00E+00  0.00E+00  1.35E-05
    71  1.29E-05  5.81E-06  3.51E-08  1.00E+00  0.00E+00              1.25E+02  3.38E+01  5.23E-02  0.00E+00  0.00E+00  0.00E+00  0.00E+00  1.29E-05
    72  1.21E-05  5.81E-06  3.31E-08  1.00E+00  0.00E+00              1.25E+02  3.38E+01  5.23E-02  0.00E+00  0.00E+00  0.00E+00  0.00E+00  1.21E-05
    73  1.15E-05  5.15E-06  3.12E-08  1.00E+00  0.00E+00              1.25E+02  3.38E+01  5.23E-02  0.00E+00  0.00E+00  0.00E+00  0.00E+00  1.15E-05
    74  1.08E-05  5.14E-06  2.93E-08  1.00E+00  0.00E+00              1.25E+02  3.38E+01  5.23E-02  0.00E+00  0.00E+00  0.00E+00  0.00E+00  1.08E-05
    75  1.03E-05  4.58E-06  2.76E-08  1.00E+00  0.00E+00              1.25E+02  3.38E+01  5.23E-02  0.00E+00  0.00E+00  0.00E+00  0.00E+00  1.03E-05
    76  9.67E-06  4.57E-06  2.60E-08  1.00E+00  0.00E+00              1.25E+02  3.38E+01  5.23E-02  0.00E+00  0.00E+00  0.00E+00  0.00E+00  9.67E-06


          ***CONVERGENCE CRITERION   IS SATISFIED***

          ==> TIME STEP     2   TIME :  2.0000E-04 SEC
     1  4.07E-02  1.60E-02  4.67E-05  1.34E+00  0.00E+00              1.79E+02  4.82E+01  6.88E-02  0.00E+00  0.00E+00  0.00E+00  0.00E+00  4.07E-02
     2  4.65E-02  1.56E-02  1.48E-04  1.37E+00  0.00E+00              1.97E+02  5.33E+01  6.46E-02  0.00E+00  0.00E+00  0.00E+00  0.00E+00  4.65E-02
     3  8.65E-03  2.95E-03  5.55E-05  1.22E+00  0.00E+00              1.96E+02  5.29E+01  5.51E-02  0.00E+00  0.00E+00  0.00E+00  0.00E+00  8.65E-03
     4  8.18E-03  2.83E-03  3.66E-05  1.06E+00  0.00E+00              1.86E+02  5.00E+01  4.61E-02  0.00E+00  0.00E+00  0.00E+00  0.00E+00  8.18E-03
     5  7.54E-03  2.53E-03  2.74E-05  1.00E+00  0.00E+00              1.73E+02  4.64E+01  4.12E-02  0.00E+00  0.00E+00  0.00E+00  0.00E+00  7.54E-03
     6  6.63E-03  2.08E-03  2.06E-05  1.00E+00  0.00E+00              1.60E+02  4.31E+01  4.05E-02  0.00E+00  0.00E+00  0.00E+00  0.00E+00  6.63E-03
     7  5.19E-03  1.57E-03  1.54E-05  1.00E+00  0.00E+00              1.50E+02  4.04E+01  4.20E-02  0.00E+00  0.00E+00  0.00E+00  0.00E+00  5.19E-03
     8  3.75E-03  1.13E-03  1.08E-05  1.00E+00  0.00E+00              1.42E+02  3.83E+01  4.43E-02  0.00E+00  0.00E+00  0.00E+00  0.00E+00  3.75E-03
     9  2.63E-03  7.91E-04  7.33E-06  1.00E+00  0.00E+00              1.37E+02  3.68E+01  4.65E-02  0.00E+00  0.00E+00  0.00E+00  0.00E+00  2.63E-03
    10  1.82E-03  5.55E-04  4.95E-06  1.00E+00  0.00E+00              1.33E+02  3.58E+01  4.84E-02  0.00E+00  0.00E+00  0.00E+00  0.00E+00  1.82E-03
    11  1.27E-03  3.91E-04  3.38E-06  1.00E+00  0.00E+00              1.30E+02  3.51E+01  4.98E-02  0.00E+00  0.00E+00  0.00E+00  0.00E+00  1.27E-03
    12  9.00E-04  2.81E-04  2.37E-06  1.00E+00  0.00E+00              1.28E+02  3.46E+01  5.09E-02  0.00E+00  0.00E+00  0.00E+00  0.00E+00  9.00E-04
    13  6.48E-04  2.07E-04  1.71E-06  1.00E+00  0.00E+00              1.27E+02  3.42E+01  5.17E-02  0.00E+00  0.00E+00  0.00E+00  0.00E+00  6.48E-04
    14  4.75E-04  1.56E-04  1.27E-06  1.00E+00  0.00E+00              1.26E+02  3.39E+01  5.23E-02  0.00E+00  0.00E+00  0.00E+00  0.00E+00  4.75E-04
    15  3.55E-04  1.19E-04  9.64E-07  1.00E+00  0.00E+00              1.25E+02  3.38E+01  5.27E-02  0.00E+00  0.00E+00  0.00E+00  0.00E+00  3.55E-04
    16  2.69E-04  9.33E-05  7.48E-07  1.00E+00  0.00E+00              1.24E+02  3.36E+01  5.29E-02  0.00E+00  0.00E+00  0.00E+00  0.00E+00  2.69E-04
    17  2.08E-04  7.37E-05  5.93E-07  1.00E+00  0.00E+00              1.24E+02  3.35E+01  5.31E-02  0.00E+00  0.00E+00  0.00E+00  0.00E+00  2.08E-04
    18  1.63E-04  5.94E-05  4.80E-07  1.00E+00  0.00E+00              1.24E+02  3.35E+01  5.33E-02  0.00E+00  0.00E+00  0.00E+00  0.00E+00  1.63E-04
    19  1.30E-04  4.82E-05  3.95E-07  1.00E+00  0.00E+00              1.24E+02  3.34E+01  5.34E-02  0.00E+00  0.00E+00  0.00E+00  0.00E+00  1.30E-04
    20  1.04E-04  3.98E-05  3.30E-07  1.00E+00  0.00E+00              1.23E+02  3.34E+01  5.35E-02  0.00E+00  0.00E+00  0.00E+00  0.00E+00  1.04E-04
    21  8.45E-05  3.31E-05  2.81E-07  1.00E+00  0.00E+00              1.23E+02  3.33E+01  5.35E-02  0.00E+00  0.00E+00  0.00E+00  0.00E+00  8.45E-05
    22  6.95E-05  2.80E-05  2.41E-07  1.00E+00  0.00E+00              1.23E+02  3.33E+01  5.35E-02  0.00E+00  0.00E+00  0.00E+00  0.00E+00  6.95E-05
    23  5.81E-05  2.37E-05  2.10E-07  1.00E+00  0.00E+00              1.23E+02  3.33E+01  5.36E-02  0.00E+00  0.00E+00  0.00E+00  0.00E+00  5.81E-05
    24  4.90E-05  2.05E-05  1.85E-07  1.00E+00  0.00E+00              1.23E+02  3.33E+01  5.36E-02  0.00E+00  0.00E+00  0.00E+00  0.00E+00  4.90E-05
    25  4.18E-05  1.78E-05  1.65E-07  1.00E+00  0.00E+00              1.23E+02  3.33E+01  5.36E-02  0.00E+00  0.00E+00  0.00E+00  0.00E+00  4.18E-05
    26  3.60E-05  1.56E-05  1.48E-07  1.00E+00  0.00E+00              1.23E+02  3.33E+01  5.36E-02  0.00E+00  0.00E+00  0.00E+00  0.00E+00  3.60E-05
    27  3.13E-05  1.38E-05  1.34E-07  1.00E+00  0.00E+00              1.23E+02  3.33E+01  5.36E-02  0.00E+00  0.00E+00  0.00E+00  0.00E+00  3.13E-05
    28  2.75E-05  1.23E-05  1.22E-07  1.00E+00  0.00E+00              1.23E+02  3.33E+01  5.36E-02  0.00E+00  0.00E+00  0.00E+00  0.00E+00  2.75E-05
    29  2.44E-05  1.10E-05  1.12E-07  1.00E+00  0.00E+00              1.23E+02  3.33E+01  5.36E-02  0.00E+00  0.00E+00  0.00E+00  0.00E+00  2.44E-05
    30  2.17E-05  9.92E-06  1.03E-07  1.00E+00  0.00E+00              1.23E+02  3.33E+01  5.36E-02  0.00E+00  0.00E+00  0.00E+00  0.00E+00  2.17E-05
    31  1.95E-05  8.96E-06  9.49E-08  1.00E+00  0.00E+00              1.23E+02  3.33E+01  5.36E-02  0.00E+00  0.00E+00  0.00E+00  0.00E+00  1.95E-05
    32  1.76E-05  8.17E-06  8.79E-08  1.00E+00  0.00E+00              1.23E+02  3.33E+01  5.36E-02  0.00E+00  0.00E+00  0.00E+00  0.00E+00  1.76E-05
    33  3.07E-04  7.45E-06  8.17E-08  1.00E+00  0.00E+00              1.23E+02  3.33E+01  5.36E-02  0.00E+00  0.00E+00  0.00E+00  0.00E+00  3.07E-04
    34  2.80E-04  6.84E-06  8.68E-07  1.00E+00  0.00E+00              1.23E+02  3.33E+01  5.36E-02  0.00E+00  0.00E+00  0.00E+00  0.00E+00  2.80E-04
    35  2.57E-04  6.28E-06  8.04E-07  1.00E+00  0.00E+00              1.23E+02  3.33E+01  5.37E-02  0.00E+00  0.00E+00  0.00E+00  0.00E+00  2.57E-04
    36  2.37E-04  5.80E-06  7.50E-07  1.00E+00  0.00E+00              1.23E+02  3.33E+01  5.37E-02  0.00E+00  0.00E+00  0.00E+00  0.00E+00  2.37E-04
    37  2.19E-04  8.52E-05  7.02E-07  1.00E+00  0.00E+00              1.23E+02  3.33E+01  5.37E-02  0.00E+00  0.00E+00  0.00E+00  0.00E+00  2.19E-04
    38  2.03E-04  7.92E-05  6.56E-07  1.00E+00  0.00E+00              1.23E+02  3.33E+01  5.37E-02  0.00E+00  0.00E+00  0.00E+00  0.00E+00  2.03E-04
    39  1.89E-04  7.38E-05  6.14E-07  1.00E+00  0.00E+00              1.23E+02  3.33E+01  5.37E-02  0.00E+00  0.00E+00  0.00E+00  0.00E+00  1.89E-04
    40  1.76E-04  6.89E-05  5.77E-07  1.00E+00  0.00E+00              1.23E+02  3.33E+01  5.37E-02  0.00E+00  0.00E+00  0.00E+00  0.00E+00  1.76E-04
    41  1.65E-04  6.45E-05  5.41E-07  1.00E+00  0.00E+00              1.23E+02  3.33E+01  5.37E-02  0.00E+00  0.00E+00  0.00E+00  0.00E+00  1.65E-04
    42  1.55E-04  6.04E-05  5.10E-07  1.00E+00  0.00E+00              1.23E+02  3.33E+01  5.37E-02  0.00E+00  0.00E+00  0.00E+00  0.00E+00  1.55E-04
    43  1.45E-04  5.68E-05  4.81E-07  1.00E+00  0.00E+00              1.23E+02  3.33E+01  5.37E-02  0.00E+00  0.00E+00  0.00E+00  0.00E+00  1.45E-04
    44  1.36E-04  5.34E-05  4.57E-07  1.00E+00  0.00E+00              1.23E+02  3.33E+01  5.37E-02  0.00E+00  0.00E+00  0.00E+00  0.00E+00  1.36E-04
    45  1.28E-04  5.03E-05  4.36E-07  1.00E+00  0.00E+00              1.23E+02  3.33E+01  5.37E-02  0.00E+00  0.00E+00  0.00E+00  0.00E+00  1.28E-04
    46  1.21E-04  4.73E-05  4.19E-07  1.00E+00  0.00E+00              1.23E+02  3.33E+01  5.37E-02  0.00E+00  0.00E+00  0.00E+00  0.00E+00  1.21E-04
    47  1.14E-04  4.47E-05  3.99E-07  1.00E+00  0.00E+00              1.23E+02  3.33E+01  5.37E-02  0.00E+00  0.00E+00  0.00E+00  0.00E+00  1.14E-04
    48  1.08E-04  4.22E-05  3.78E-07  1.00E+00  0.00E+00              1.23E+02  3.33E+01  5.37E-02  0.00E+00  0.00E+00  0.00E+00  0.00E+00  1.08E-04
    49  1.02E-04  4.00E-05  3.57E-07  1.00E+00  0.00E+00              1.23E+02  3.33E+01  5.37E-02  0.00E+00  0.00E+00  0.00E+00  0.00E+00  1.02E-04
    50  9.66E-05  3.78E-05  3.36E-07  1.00E+00  0.00E+00              1.23E+02  3.33E+01  5.37E-02  0.00E+00  0.00E+00  0.00E+00  0.00E+00  9.66E-05
    51  9.16E-05  3.59E-05  3.16E-07  1.00E+00  0.00E+00              1.23E+02  3.33E+01  5.37E-02  0.00E+00  0.00E+00  0.00E+00  0.00E+00  9.16E-05
    52  8.68E-05  3.39E-05  2.98E-07  1.00E+00  0.00E+00              1.23E+02  3.33E+01  5.37E-02  0.00E+00  0.00E+00  0.00E+00  0.00E+00  8.68E-05
    53  8.24E-05  3.23E-05  2.82E-07  1.00E+00  0.00E+00              1.23E+02  3.33E+01  5.37E-02  0.00E+00  0.00E+00  0.00E+00  0.00E+00  8.24E-05
    54  7.83E-05  3.06E-05  2.66E-07  1.00E+00  0.00E+00              1.23E+02  3.33E+01  5.37E-02  0.00E+00  0.00E+00  0.00E+00  0.00E+00  7.83E-05
    55  7.44E-05  2.92E-05  2.51E-07  1.00E+00  0.00E+00              1.23E+02  3.33E+01  5.37E-02  0.00E+00  0.00E+00  0.00E+00  0.00E+00  7.44E-05
    56  7.08E-05  2.78E-05  2.38E-07  1.00E+00  0.00E+00              1.23E+02  3.33E+01  5.37E-02  0.00E+00  0.00E+00  0.00E+00  0.00E+00  7.08E-05
    57  6.74E-05  2.65E-05  2.25E-07  1.00E+00  0.00E+00              1.23E+02  3.33E+01  5.37E-02  0.00E+00  0.00E+00  0.00E+00  0.00E+00  6.74E-05
    58  6.42E-05  2.52E-05  2.13E-07  1.00E+00  0.00E+00              1.23E+02  3.33E+01  5.37E-02  0.00E+00  0.00E+00  0.00E+00  0.00E+00  6.42E-05
    59  6.12E-05  2.41E-05  2.02E-07  1.00E+00  0.00E+00              1.23E+02  3.33E+01  5.37E-02  0.00E+00  0.00E+00  0.00E+00  0.00E+00  6.12E-05
    60  5.84E-05  2.30E-05  1.92E-07  1.00E+00  0.00E+00              1.23E+02  3.33E+01  5.37E-02  0.00E+00  0.00E+00  0.00E+00  0.00E+00  5.84E-05
    61  5.57E-05  2.20E-05  1.82E-07  1.00E+00  0.00E+00              1.23E+02  3.33E+01  5.37E-02  0.00E+00  0.00E+00  0.00E+00  0.00E+00  5.57E-05
    62  5.32E-05  2.10E-05  1.73E-07  1.00E+00  0.00E+00              1.23E+02  3.33E+01  5.37E-02  0.00E+00  0.00E+00  0.00E+00  0.00E+00  5.32E-05
    63  5.08E-05  2.01E-05  1.65E-07  1.00E+00  0.00E+00              1.23E+02  3.33E+01  5.37E-02  0.00E+00  0.00E+00  0.00E+00  0.00E+00  5.08E-05
    64  4.85E-05  1.92E-05  1.58E-07  1.00E+00  0.00E+00              1.23E+02  3.33E+01  5.37E-02  0.00E+00  0.00E+00  0.00E+00  0.00E+00  4.85E-05
    65  4.64E-05  1.84E-05  1.52E-07  1.00E+00  0.00E+00              1.23E+02  3.33E+01  5.37E-02  0.00E+00  0.00E+00  0.00E+00  0.00E+00  4.64E-05
    66  4.43E-05  9.98E-07  1.45E-07  1.00E+00  0.00E+00              1.23E+02  3.33E+01  5.37E-02  0.00E+00  0.00E+00  0.00E+00  0.00E+00  4.43E-05
    67  4.24E-05  1.69E-05  1.39E-07  1.00E+00  0.00E+00              1.23E+02  3.33E+01  5.37E-02  0.00E+00  0.00E+00  0.00E+00  0.00E+00  4.24E-05
    68  4.05E-05  9.16E-07  1.32E-07  1.00E+00  0.00E+00              1.23E+02  3.33E+01  5.37E-02  0.00E+00  0.00E+00  0.00E+00  0.00E+00  4.05E-05
    69  3.88E-05  1.55E-05  1.26E-07  1.00E+00  0.00E+00              1.23E+02  3.33E+01  5.37E-02  0.00E+00  0.00E+00  0.00E+00  0.00E+00  3.88E-05
    70  3.71E-05  8.43E-07  1.21E-07  1.00E+00  0.00E+00              1.23E+02  3.33E+01  5.37E-02  0.00E+00  0.00E+00  0.00E+00  0.00E+00  3.71E-05
    71  3.56E-05  8.10E-07  1.15E-07  1.00E+00  0.00E+00              1.23E+02  3.33E+01  5.37E-02  0.00E+00  0.00E+00  0.00E+00  0.00E+00  3.56E-05
    72  3.41E-05  7.77E-07  1.10E-07  1.00E+00  0.00E+00              1.23E+02  3.33E+01  5.37E-02  0.00E+00  0.00E+00  0.00E+00  0.00E+00  3.41E-05
    73  3.26E-05  7.47E-07  1.05E-07  1.00E+00  0.00E+00              1.23E+02  3.33E+01  5.37E-02  0.00E+00  0.00E+00  0.00E+00  0.00E+00  3.26E-05
    74  3.13E-05  7.18E-07  1.00E-07  1.00E+00  0.00E+00              1.23E+02  3.33E+01  5.37E-02  0.00E+00  0.00E+00  0.00E+00  0.00E+00  3.13E-05
    75  1.60E-06  6.91E-07  9.53E-08  1.00E+00  0.00E+00              1.23E+02  3.33E+01  5.37E-02  0.00E+00  0.00E+00  0.00E+00  0.00E+00  1.60E-06


          ***CONVERGENCE CRITERION   IS SATISFIED***

          ==> TIME STEP     3   TIME :  3.0000E-04 SEC
     1  1.36E-02  5.33E-03  1.16E-05  1.00E+00  0.00E+00              1.04E+02  2.81E+01  4.89E-02  0.00E+00  0.00E+00  0.00E+00  0.00E+00  1.36E-02
     2  4.34E-03  1.46E-03  1.37E-05  1.00E+00  0.00E+00              9.54E+01  2.58E+01  5.00E-02  0.00E+00  0.00E+00  0.00E+00  0.00E+00  4.34E-03
     3  1.19E-03  4.06E-04  5.25E-06  1.00E+00  0.00E+00              9.42E+01  2.56E+01  5.34E-02  0.00E+00  0.00E+00  0.00E+00  0.00E+00  1.19E-03
     4  6.25E-04  2.39E-04  3.14E-06  1.00E+00  0.00E+00              9.68E+01  2.63E+01  5.68E-02  0.00E+00  0.00E+00  0.00E+00  0.00E+00  6.25E-04
     5  6.76E-04  2.53E-04  3.38E-06  1.00E+00  0.00E+00              1.01E+02  2.74E+01  5.90E-02  0.00E+00  0.00E+00  0.00E+00  0.00E+00  6.76E-04
     6  6.93E-04  2.48E-04  3.13E-06  1.00E+00  0.00E+00              1.05E+02  2.85E+01  5.98E-02  0.00E+00  0.00E+00  0.00E+00  0.00E+00  6.93E-04
     7  6.38E-04  2.23E-04  2.67E-06  1.00E+00  0.00E+00              1.09E+02  2.95E+01  5.97E-02  0.00E+00  0.00E+00  0.00E+00  0.00E+00  6.38E-04
     8  5.56E-04  1.92E-04  2.21E-06  1.00E+00  0.00E+00              1.11E+02  3.02E+01  5.91E-02  0.00E+00  0.00E+00  0.00E+00  0.00E+00  5.56E-04
     9  4.73E-04  1.61E-04  1.81E-06  1.00E+00  0.00E+00              1.14E+02  3.09E+01  5.82E-02  0.00E+00  0.00E+00  0.00E+00  0.00E+00  4.73E-04
    10  3.96E-04  1.33E-04  1.47E-06  1.00E+00  0.00E+00              1.16E+02  3.14E+01  5.74E-02  0.00E+00  0.00E+00  0.00E+00  0.00E+00  3.96E-04
    11  3.28E-04  1.09E-04  1.19E-06  1.00E+00  0.00E+00              1.17E+02  3.18E+01  5.66E-02  0.00E+00  0.00E+00  0.00E+00  0.00E+00  3.28E-04
    12  2.68E-04  8.88E-05  9.55E-07  1.00E+00  0.00E+00              1.18E+02  3.20E+01  5.60E-02  0.00E+00  0.00E+00  0.00E+00  0.00E+00  2.68E-04
    13  2.18E-04  7.19E-05  7.66E-07  1.00E+00  0.00E+00              1.19E+02  3.23E+01  5.55E-02  0.00E+00  0.00E+00  0.00E+00  0.00E+00  2.18E-04
    14  1.75E-04  5.82E-05  6.13E-07  1.00E+00  0.00E+00              1.20E+02  3.25E+01  5.51E-02  0.00E+00  0.00E+00  0.00E+00  0.00E+00  1.75E-04
    15  1.40E-04  4.71E-05  4.91E-07  1.00E+00  0.00E+00              1.20E+02  3.26E+01  5.48E-02  0.00E+00  0.00E+00  0.00E+00  0.00E+00  1.40E-04
    16  1.12E-04  3.82E-05  3.93E-07  1.00E+00  0.00E+00              1.21E+02  3.27E+01  5.46E-02  0.00E+00  0.00E+00  0.00E+00  0.00E+00  1.12E-04
    17  8.91E-05  3.09E-05  3.16E-07  1.00E+00  0.00E+00              1.21E+02  3.28E+01  5.45E-02  0.00E+00  0.00E+00  0.00E+00  0.00E+00  8.91E-05
    18  7.09E-05  2.52E-05  2.56E-07  1.00E+00  0.00E+00              1.21E+02  3.28E+01  5.43E-02  0.00E+00  0.00E+00  0.00E+00  0.00E+00  7.09E-05
    19  5.65E-05  2.06E-05  2.09E-07  1.00E+00  0.00E+00              1.21E+02  3.29E+01  5.42E-02  0.00E+00  0.00E+00  0.00E+00  0.00E+00  5.65E-05
    20  4.51E-05  1.69E-05  1.72E-07  1.00E+00  0.00E+00              1.22E+02  3.29E+01  5.42E-02  0.00E+00  0.00E+00  0.00E+00  0.00E+00  4.51E-05
    21  3.62E-05  1.40E-05  1.43E-07  1.00E+00  0.00E+00              1.22E+02  3.29E+01  5.41E-02  0.00E+00  0.00E+00  0.00E+00  0.00E+00  3.62E-05
    22  2.91E-05  1.17E-05  1.20E-07  1.00E+00  0.00E+00              1.22E+02  3.29E+01  5.41E-02  0.00E+00  0.00E+00  0.00E+00  0.00E+00  2.91E-05
    23  2.37E-05  9.80E-06  1.02E-07  1.00E+00  0.00E+00              1.22E+02  3.30E+01  5.41E-02  0.00E+00  0.00E+00  0.00E+00  0.00E+00  2.37E-05
    24  1.94E-05  8.33E-06  8.81E-08  1.00E+00  0.00E+00              1.22E+02  3.30E+01  5.40E-02  0.00E+00  0.00E+00  0.00E+00  0.00E+00  1.94E-05
    25  1.60E-05  7.08E-06  7.66E-08  1.00E+00  0.00E+00              1.22E+02  3.30E+01  5.40E-02  0.00E+00  0.00E+00  0.00E+00  0.00E+00  1.60E-05
    26  1.34E-05  6.14E-06  9.30E-07  1.00E+00  0.00E+00              1.22E+02  3.30E+01  5.40E-02  0.00E+00  0.00E+00  0.00E+00  0.00E+00  1.34E-05
    27  1.13E-05  5.33E-06  8.11E-07  1.00E+00  0.00E+00              1.22E+02  3.30E+01  5.40E-02  0.00E+00  0.00E+00  0.00E+00  0.00E+00  1.13E-05
    28  9.66E-06  4.70E-06  7.16E-07  1.00E+00  0.00E+00              1.22E+02  3.30E+01  5.40E-02  0.00E+00  0.00E+00  0.00E+00  0.00E+00  9.66E-06


          ***CONVERGENCE CRITERION   IS SATISFIED***

          ==> TIME STEP     4   TIME :  4.0000E-04 SEC
     1  5.61E-04  2.26E-04  1.24E-06  1.00E+00  0.00E+00              1.21E+02  3.29E+01  5.39E-02  0.00E+00  0.00E+00  0.00E+00  0.00E+00  5.61E-04
     2  3.64E-04  1.50E-04  7.48E-07  1.00E+00  0.00E+00              1.21E+02  3.28E+01  5.38E-02  0.00E+00  0.00E+00  0.00E+00  0.00E+00  3.64E-04
     3  2.51E-04  1.02E-04  3.62E-07  1.00E+00  0.00E+00              1.21E+02  3.28E+01  5.37E-02  0.00E+00  0.00E+00  0.00E+00  0.00E+00  2.51E-04
     4  1.81E-04  7.34E-05  2.31E-07  1.00E+00  0.00E+00              1.21E+02  3.27E+01  5.37E-02  0.00E+00  0.00E+00  0.00E+00  0.00E+00  1.81E-04
     5  1.35E-04  5.43E-05  1.71E-07  1.00E+00  0.00E+00              1.20E+02  3.27E+01  5.37E-02  0.00E+00  0.00E+00  0.00E+00  0.00E+00  1.35E-04
     6  1.01E-04  4.07E-05  2.21E-06  1.00E+00  0.00E+00              1.20E+02  3.26E+01  5.38E-02  0.00E+00  0.00E+00  0.00E+00  0.00E+00  1.01E-04
     7  7.64E-05  3.08E-05  1.70E-06  1.00E+00  0.00E+00              1.20E+02  3.26E+01  5.38E-02  0.00E+00  0.00E+00  0.00E+00  0.00E+00  7.64E-05
     8  5.85E-05  2.38E-05  1.35E-06  1.00E+00  0.00E+00              1.20E+02  3.26E+01  5.38E-02  0.00E+00  0.00E+00  0.00E+00  0.00E+00  5.85E-05
     9  4.54E-05  1.88E-05  1.10E-06  1.00E+00  0.00E+00              1.20E+02  3.26E+01  5.38E-02  0.00E+00  0.00E+00  0.00E+00  0.00E+00  4.54E-05
    10  3.57E-05  1.50E-05  9.14E-07  1.00E+00  0.00E+00              1.20E+02  3.26E+01  5.38E-02  0.00E+00  0.00E+00  0.00E+00  0.00E+00  3.57E-05
    11  2.85E-05  1.22E-05  7.75E-07  1.00E+00  0.00E+00              1.20E+02  3.26E+01  5.38E-02  0.00E+00  0.00E+00  0.00E+00  0.00E+00  2.85E-05
    12  2.30E-05  1.01E-05  6.67E-07  1.00E+00  0.00E+00              1.20E+02  3.26E+01  5.38E-02  0.00E+00  0.00E+00  0.00E+00  0.00E+00  2.30E-05
    13  1.89E-05  8.47E-06  5.83E-07  1.00E+00  0.00E+00              1.20E+02  3.26E+01  5.39E-02  0.00E+00  0.00E+00  0.00E+00  0.00E+00  1.89E-05
    14  1.57E-05  7.18E-06  5.15E-07  1.00E+00  0.00E+00              1.20E+02  3.26E+01  5.39E-02  0.00E+00  0.00E+00  0.00E+00  0.00E+00  1.57E-05
    15  1.33E-05  6.16E-06  4.61E-07  1.00E+00  0.00E+00              1.20E+02  3.25E+01  5.39E-02  0.00E+00  0.00E+00  0.00E+00  0.00E+00  1.33E-05
    16  1.13E-05  5.33E-06  4.16E-07  1.00E+00  0.00E+00              1.20E+02  3.25E+01  5.39E-02  0.00E+00  0.00E+00  0.00E+00  0.00E+00  1.13E-05
    17  9.72E-06  4.65E-06  3.78E-07  1.00E+00  0.00E+00              1.20E+02  3.25E+01  5.39E-02  0.00E+00  0.00E+00  0.00E+00  0.00E+00  9.72E-06


          ***CONVERGENCE CRITERION   IS SATISFIED***

          ==> TIME STEP     5   TIME :  5.0000E-04 SEC
     1  6.04E-04  2.40E-04  7.13E-07  1.00E+00  0.00E+00              1.19E+02  3.23E+01  5.37E-02  0.00E+00  0.00E+00  0.00E+00  0.00E+00  6.04E-04
     2  3.76E-04  1.52E-04  4.99E-07  1.00E+00  0.00E+00              1.18E+02  3.21E+01  5.35E-02  0.00E+00  0.00E+00  0.00E+00  0.00E+00  3.76E-04
     3  2.41E-04  9.74E-05  3.00E-07  1.00E+00  0.00E+00              1.18E+02  3.21E+01  5.34E-02  0.00E+00  0.00E+00  0.00E+00  0.00E+00  2.41E-04
     4  1.58E-04  6.43E-05  1.99E-07  1.00E+00  0.00E+00              1.18E+02  3.20E+01  5.33E-02  0.00E+00  0.00E+00  0.00E+00  0.00E+00  1.58E-04
     5  1.06E-04  4.36E-05  1.41E-07  1.00E+00  0.00E+00              1.18E+02  3.20E+01  5.33E-02  0.00E+00  0.00E+00  0.00E+00  0.00E+00  1.06E-04
     6  7.31E-05  3.05E-05  1.07E-07  1.00E+00  0.00E+00              1.18E+02  3.20E+01  5.32E-02  0.00E+00  0.00E+00  0.00E+00  0.00E+00  7.31E-05
     7  5.21E-05  2.20E-05  1.23E-06  1.00E+00  0.00E+00              1.18E+02  3.19E+01  5.32E-02  0.00E+00  0.00E+00  0.00E+00  0.00E+00  5.21E-05
     8  3.82E-05  1.65E-05  9.56E-07  1.00E+00  0.00E+00              1.18E+02  3.19E+01  5.32E-02  0.00E+00  0.00E+00  0.00E+00  0.00E+00  3.82E-05
     9  2.89E-05  1.28E-05  7.69E-07  1.00E+00  0.00E+00              1.18E+02  3.19E+01  5.32E-02  0.00E+00  0.00E+00  0.00E+00  0.00E+00  2.89E-05
    10  2.25E-05  1.02E-05  6.37E-07  1.00E+00  0.00E+00              1.18E+02  3.19E+01  5.32E-02  0.00E+00  0.00E+00  0.00E+00  0.00E+00  2.25E-05
    11  1.79E-05  8.38E-06  5.41E-07  1.00E+00  0.00E+00              1.18E+02  3.19E+01  5.32E-02  0.00E+00  0.00E+00  0.00E+00  0.00E+00  1.79E-05
    12  1.46E-05  7.02E-06  4.69E-07  1.00E+00  0.00E+00              1.18E+02  3.19E+01  5.32E-02  0.00E+00  0.00E+00  0.00E+00  0.00E+00  1.46E-05
    13  1.22E-05  5.97E-06  4.12E-07  1.00E+00  0.00E+00              1.18E+02  3.19E+01  5.32E-02  0.00E+00  0.00E+00  0.00E+00  0.00E+00  1.22E-05
    14  1.03E-05  5.15E-06  3.66E-07  1.00E+00  0.00E+00              1.18E+02  3.19E+01  5.32E-02  0.00E+00  0.00E+00  0.00E+00  0.00E+00  1.03E-05
    15  8.88E-06  4.49E-06  3.28E-07  1.00E+00  0.00E+00              1.18E+02  3.19E+01  5.32E-02  0.00E+00  0.00E+00  0.00E+00  0.00E+00  8.88E-06


          ***CONVERGENCE CRITERION   IS SATISFIED***

          ==> TIME STEP     6   TIME :  6.0000E-04 SEC
     1  3.83E-05  2.32E-04  6.96E-07  1.00E+00  0.00E+00              1.16E+02  3.16E+01  5.28E-02  0.00E+00  0.00E+00  0.00E+00  0.00E+00  2.32E-04
     2  2.27E-05  1.41E-04  4.71E-07  1.00E+00  0.00E+00              1.16E+02  3.14E+01  5.25E-02  0.00E+00  0.00E+00  0.00E+00  0.00E+00  1.41E-04
     3  2.14E-04  8.65E-05  2.76E-07  1.00E+00  0.00E+00              1.15E+02  3.13E+01  5.23E-02  0.00E+00  0.00E+00  0.00E+00  0.00E+00  2.14E-04
     4  1.35E-04  5.49E-05  1.79E-07  1.00E+00  0.00E+00              1.15E+02  3.13E+01  5.22E-02  0.00E+00  0.00E+00  0.00E+00  0.00E+00  1.35E-04
     5  8.71E-05  3.60E-05  1.25E-07  1.00E+00  0.00E+00              1.15E+02  3.13E+01  5.21E-02  0.00E+00  0.00E+00  0.00E+00  0.00E+00  8.71E-05
     6  5.84E-05  2.45E-05  1.40E-06  1.00E+00  0.00E+00              1.15E+02  3.12E+01  5.20E-02  0.00E+00  0.00E+00  0.00E+00  0.00E+00  5.84E-05
     7  4.07E-05  1.74E-05  1.03E-06  1.00E+00  0.00E+00              1.15E+02  3.12E+01  5.20E-02  0.00E+00  0.00E+00  0.00E+00  0.00E+00  4.07E-05
     8  2.95E-05  1.30E-05  8.00E-07  1.00E+00  0.00E+00              1.15E+02  3.12E+01  5.20E-02  0.00E+00  0.00E+00  0.00E+00  0.00E+00  2.95E-05
     9  2.22E-05  1.01E-05  6.46E-07  1.00E+00  0.00E+00              1.15E+02  3.12E+01  5.20E-02  0.00E+00  0.00E+00  0.00E+00  0.00E+00  2.22E-05
    10  1.73E-05  8.10E-06  5.39E-07  1.00E+00  0.00E+00              1.15E+02  3.12E+01  5.19E-02  0.00E+00  0.00E+00  0.00E+00  0.00E+00  1.73E-05
    11  1.39E-05  6.70E-06  4.61E-07  1.00E+00  0.00E+00              1.15E+02  3.12E+01  5.19E-02  0.00E+00  0.00E+00  0.00E+00  0.00E+00  1.39E-05
    12  1.14E-05  5.67E-06  4.02E-07  1.00E+00  0.00E+00              1.15E+02  3.12E+01  5.19E-02  0.00E+00  0.00E+00  0.00E+00  0.00E+00  1.14E-05
    13  9.67E-06  4.89E-06  3.55E-07  1.00E+00  0.00E+00              1.15E+02  3.12E+01  5.19E-02  0.00E+00  0.00E+00  0.00E+00  0.00E+00  9.67E-06


          ***CONVERGENCE CRITERION   IS SATISFIED***

          ==> TIME STEP     7   TIME :  7.0000E-04 SEC
     1  5.45E-04  2.16E-04  6.56E-07  1.00E+00  0.00E+00              1.13E+02  3.09E+01  5.13E-02  0.00E+00  0.00E+00  0.00E+00  0.00E+00  5.45E-04
     2  3.16E-04  1.27E-04  4.48E-07  1.00E+00  0.00E+00              1.13E+02  3.07E+01  5.09E-02  0.00E+00  0.00E+00  0.00E+00  0.00E+00  3.16E-04
     3  1.88E-04  7.58E-05  2.54E-07  1.00E+00  0.00E+00              1.12E+02  3.06E+01  5.07E-02  0.00E+00  0.00E+00  0.00E+00  0.00E+00  1.88E-04
     4  1.15E-04  4.69E-05  1.62E-07  1.00E+00  0.00E+00              1.12E+02  3.05E+01  5.05E-02  0.00E+00  0.00E+00  0.00E+00  0.00E+00  1.15E-04
     5  7.29E-05  3.01E-05  1.12E-07  1.00E+00  0.00E+00              1.12E+02  3.05E+01  5.04E-02  0.00E+00  0.00E+00  0.00E+00  0.00E+00  7.29E-05
     6  4.81E-05  2.02E-05  1.22E-06  1.00E+00  0.00E+00              1.12E+02  3.05E+01  5.03E-02  0.00E+00  0.00E+00  0.00E+00  0.00E+00  4.81E-05
     7  3.32E-05  1.43E-05  8.96E-07  1.00E+00  0.00E+00              1.12E+02  3.05E+01  5.03E-02  0.00E+00  0.00E+00  0.00E+00  0.00E+00  3.32E-05
     8  2.40E-05  1.06E-05  6.95E-07  1.00E+00  0.00E+00              1.12E+02  3.05E+01  5.03E-02  0.00E+00  0.00E+00  0.00E+00  0.00E+00  2.40E-05
     9  1.81E-05  8.27E-06  5.65E-07  1.00E+00  0.00E+00              1.12E+02  3.05E+01  5.03E-02  0.00E+00  0.00E+00  0.00E+00  0.00E+00  1.81E-05
    10  1.42E-05  6.70E-06  4.75E-07  1.00E+00  0.00E+00              1.12E+02  3.05E+01  5.03E-02  0.00E+00  0.00E+00  0.00E+00  0.00E+00  1.42E-05
    11  1.15E-05  5.61E-06  4.09E-07  1.00E+00  0.00E+00              1.12E+02  3.05E+01  5.03E-02  0.00E+00  0.00E+00  0.00E+00  0.00E+00  1.15E-05
    12  9.58E-06  4.80E-06  3.58E-07  1.00E+00  0.00E+00              1.12E+02  3.05E+01  5.02E-02  0.00E+00  0.00E+00  0.00E+00  0.00E+00  9.58E-06


          ***CONVERGENCE CRITERION   IS SATISFIED***

          ==> TIME STEP     8   TIME :  8.0000E-04 SEC
     1  5.03E-04  1.99E-04  6.30E-07  1.00E+00  0.00E+00              1.10E+02  3.01E+01  4.95E-02  0.00E+00  0.00E+00  0.00E+00  0.00E+00  5.03E-04
     2  2.85E-04  1.14E-04  4.29E-07  1.00E+00  0.00E+00              1.10E+02  3.00E+01  4.90E-02  0.00E+00  0.00E+00  0.00E+00  0.00E+00  2.85E-04
     3  1.66E-04  6.68E-05  2.37E-07  1.00E+00  0.00E+00              1.09E+02  2.99E+01  4.87E-02  0.00E+00  0.00E+00  0.00E+00  0.00E+00  1.66E-04
     4  9.96E-05  4.05E-05  1.49E-07  1.00E+00  0.00E+00              1.09E+02  2.98E+01  4.85E-02  0.00E+00  0.00E+00  0.00E+00  0.00E+00  9.96E-05
     5  6.18E-05  2.55E-05  1.01E-07  1.00E+00  0.00E+00              1.09E+02  2.98E+01  4.84E-02  0.00E+00  0.00E+00  0.00E+00  0.00E+00  6.18E-05
     6  4.01E-05  1.68E-05  1.10E-06  1.00E+00  0.00E+00              1.09E+02  2.98E+01  4.83E-02  0.00E+00  0.00E+00  0.00E+00  0.00E+00  4.01E-05
     7  2.76E-05  1.19E-05  7.99E-07  1.00E+00  0.00E+00              1.09E+02  2.98E+01  4.83E-02  0.00E+00  0.00E+00  0.00E+00  0.00E+00  2.76E-05
     8  2.00E-05  8.84E-06  6.21E-07  1.00E+00  0.00E+00              1.09E+02  2.97E+01  4.83E-02  0.00E+00  0.00E+00  0.00E+00  0.00E+00  2.00E-05
     9  1.51E-05  6.90E-06  5.07E-07  1.00E+00  0.00E+00              1.09E+02  2.97E+01  4.83E-02  0.00E+00  0.00E+00  0.00E+00  0.00E+00  1.51E-05
    10  1.19E-05  5.65E-06  4.28E-07  1.00E+00  0.00E+00              1.09E+02  2.97E+01  4.83E-02  0.00E+00  0.00E+00  0.00E+00  0.00E+00  1.19E-05
    11  9.75E-06  4.77E-06  3.71E-07  1.00E+00  0.00E+00              1.09E+02  2.97E+01  4.83E-02  0.00E+00  0.00E+00  0.00E+00  0.00E+00  9.75E-06


          ***CONVERGENCE CRITERION   IS SATISFIED***

          ==> TIME STEP     9   TIME :  9.0000E-04 SEC
     1  4.63E-04  1.83E-04  6.15E-07  1.00E+00  0.00E+00              1.08E+02  2.94E+01  4.74E-02  0.00E+00  0.00E+00  0.00E+00  0.00E+00  4.63E-04
     2  2.58E-04  1.03E-04  4.16E-07  1.00E+00  0.00E+00              1.07E+02  2.93E+01  4.68E-02  0.00E+00  0.00E+00  0.00E+00  0.00E+00  2.58E-04
     3  1.48E-04  5.93E-05  2.23E-07  1.00E+00  0.00E+00              1.07E+02  2.92E+01  4.65E-02  0.00E+00  0.00E+00  0.00E+00  0.00E+00  1.48E-04
     4  8.69E-05  3.53E-05  1.37E-07  1.00E+00  0.00E+00              1.07E+02  2.91E+01  4.63E-02  0.00E+00  0.00E+00  0.00E+00  0.00E+00  8.69E-05
     5  5.30E-05  2.18E-05  9.26E-08  1.00E+00  0.00E+00              1.06E+02  2.91E+01  4.62E-02  0.00E+00  0.00E+00  0.00E+00  0.00E+00  5.30E-05
     6  3.40E-05  1.42E-05  9.96E-07  1.00E+00  0.00E+00              1.06E+02  2.91E+01  4.61E-02  0.00E+00  0.00E+00  0.00E+00  0.00E+00  3.40E-05
     7  2.32E-05  9.97E-06  7.24E-07  1.00E+00  0.00E+00              1.06E+02  2.91E+01  4.61E-02  0.00E+00  0.00E+00  0.00E+00  0.00E+00  2.32E-05
     8  1.68E-05  7.46E-06  5.64E-07  1.00E+00  0.00E+00              1.06E+02  2.91E+01  4.61E-02  0.00E+00  0.00E+00  0.00E+00  0.00E+00  1.68E-05
     9  1.28E-05  5.87E-06  4.62E-07  1.00E+00  0.00E+00              1.06E+02  2.91E+01  4.61E-02  0.00E+00  0.00E+00  0.00E+00  0.00E+00  1.28E-05
    10  1.02E-05  4.84E-06  3.92E-07  1.00E+00  0.00E+00              1.06E+02  2.91E+01  4.61E-02  0.00E+00  0.00E+00  0.00E+00  0.00E+00  1.02E-05
    11  8.40E-06  4.12E-06  3.41E-07  1.00E+00  0.00E+00              1.06E+02  2.91E+01  4.61E-02  0.00E+00  0.00E+00  0.00E+00  0.00E+00  8.40E-06


          ***CONVERGENCE CRITERION   IS SATISFIED***

          ==> TIME STEP    10   TIME :  1.0000E-03 SEC
     1  4.28E-04  1.69E-04  6.06E-07  1.00E+00  0.00E+00              1.05E+02  2.88E+01  4.51E-02  0.00E+00  0.00E+00  0.00E+00  0.00E+00  4.28E-04
     2  2.34E-04  9.39E-05  4.05E-07  1.00E+00  0.00E+00              1.05E+02  2.86E+01  4.45E-02  0.00E+00  0.00E+00  0.00E+00  0.00E+00  2.34E-04
     3  1.32E-04  5.31E-05  2.12E-07  1.00E+00  0.00E+00              1.04E+02  2.85E+01  4.42E-02  0.00E+00  0.00E+00  0.00E+00  0.00E+00  1.32E-04
     4  7.67E-05  3.11E-05  1.29E-07  1.00E+00  0.00E+00              1.04E+02  2.85E+01  4.40E-02  0.00E+00  0.00E+00  0.00E+00  0.00E+00  7.67E-05
     5  4.60E-05  1.89E-05  8.55E-08  1.00E+00  0.00E+00              1.04E+02  2.85E+01  4.39E-02  0.00E+00  0.00E+00  0.00E+00  0.00E+00  4.60E-05
     6  2.91E-05  1.22E-05  9.21E-07  1.00E+00  0.00E+00              1.04E+02  2.84E+01  4.38E-02  0.00E+00  0.00E+00  0.00E+00  0.00E+00  2.91E-05
     7  1.97E-05  8.50E-06  6.67E-07  1.00E+00  0.00E+00              1.04E+02  2.84E+01  4.38E-02  0.00E+00  0.00E+00  0.00E+00  0.00E+00  1.97E-05
     8  1.43E-05  6.37E-06  5.19E-07  1.00E+00  0.00E+00              1.04E+02  2.84E+01  4.38E-02  0.00E+00  0.00E+00  0.00E+00  0.00E+00  1.43E-05
     9  1.10E-05  5.05E-06  4.27E-07  1.00E+00  0.00E+00              1.04E+02  2.84E+01  4.37E-02  0.00E+00  0.00E+00  0.00E+00  0.00E+00  1.10E-05
    10  8.82E-06  4.19E-06  3.64E-07  1.00E+00  0.00E+00              1.04E+02  2.84E+01  4.37E-02  0.00E+00  0.00E+00  0.00E+00  0.00E+00  8.82E-06


          ***CONVERGENCE CRITERION   IS SATISFIED***

          ==> TIME STEP    11   TIME :  1.1000E-03 SEC
     1  3.95E-04  1.56E-04  6.00E-07  1.00E+00  0.00E+00              1.03E+02  2.81E+01  4.28E-02  0.00E+00  0.00E+00  0.00E+00  0.00E+00  3.95E-04
     2  2.14E-04  8.55E-05  3.97E-07  1.00E+00  0.00E+00              1.02E+02  2.80E+01  4.22E-02  0.00E+00  0.00E+00  0.00E+00  0.00E+00  2.14E-04
     3  1.19E-04  4.77E-05  2.02E-07  1.00E+00  0.00E+00              1.02E+02  2.79E+01  4.18E-02  0.00E+00  0.00E+00  0.00E+00  0.00E+00  1.19E-04
     4  6.80E-05  2.75E-05  1.21E-07  1.00E+00  0.00E+00              1.02E+02  2.79E+01  4.16E-02  0.00E+00  0.00E+00  0.00E+00  0.00E+00  6.80E-05
     5  4.02E-05  1.65E-05  7.92E-08  1.00E+00  0.00E+00              1.02E+02  2.79E+01  4.15E-02  0.00E+00  0.00E+00  0.00E+00  0.00E+00  4.02E-05
     6  2.51E-05  1.05E-05  8.57E-07  1.00E+00  0.00E+00              1.02E+02  2.79E+01  4.14E-02  0.00E+00  0.00E+00  0.00E+00  0.00E+00  2.51E-05
     7  1.70E-05  7.30E-06  6.17E-07  1.00E+00  0.00E+00              1.02E+02  2.79E+01  4.14E-02  0.00E+00  0.00E+00  0.00E+00  0.00E+00  1.70E-05
     8  1.23E-05  5.48E-06  4.80E-07  1.00E+00  0.00E+00              1.02E+02  2.78E+01  4.14E-02  0.00E+00  0.00E+00  0.00E+00  0.00E+00  1.23E-05
     9  9.51E-06  4.37E-06  3.96E-07  1.00E+00  0.00E+00              1.02E+02  2.78E+01  4.14E-02  0.00E+00  0.00E+00  0.00E+00  0.00E+00  9.51E-06


          ***CONVERGENCE CRITERION   IS SATISFIED***

          ==> TIME STEP    12   TIME :  1.2000E-03 SEC
     1  3.64E-04  1.44E-04  5.95E-07  1.00E+00  0.00E+00              1.01E+02  2.76E+01  4.04E-02  0.00E+00  0.00E+00  0.00E+00  0.00E+00  3.64E-04
     2  1.95E-04  7.80E-05  3.89E-07  1.00E+00  0.00E+00              1.00E+02  2.75E+01  3.98E-02  0.00E+00  0.00E+00  0.00E+00  0.00E+00  1.95E-04
     3  1.07E-04  4.29E-05  1.94E-07  1.00E+00  0.00E+00              9.98E+01  2.74E+01  3.94E-02  0.00E+00  0.00E+00  0.00E+00  0.00E+00  1.07E-04
     4  6.05E-05  2.45E-05  1.14E-07  1.00E+00  0.00E+00              9.97E+01  2.74E+01  3.92E-02  0.00E+00  0.00E+00  0.00E+00  0.00E+00  6.05E-05
     5  3.54E-05  1.45E-05  7.36E-08  1.00E+00  0.00E+00              9.96E+01  2.73E+01  3.91E-02  0.00E+00  0.00E+00  0.00E+00  0.00E+00  3.54E-05
     6  2.19E-05  9.15E-06  8.01E-07  1.00E+00  0.00E+00              9.96E+01  2.73E+01  3.90E-02  0.00E+00  0.00E+00  0.00E+00  0.00E+00  2.19E-05
     7  1.47E-05  6.34E-06  5.74E-07  1.00E+00  0.00E+00              9.95E+01  2.73E+01  3.90E-02  0.00E+00  0.00E+00  0.00E+00  0.00E+00  1.47E-05
     8  1.07E-05  4.78E-06  4.47E-07  1.00E+00  0.00E+00              9.95E+01  2.73E+01  3.90E-02  0.00E+00  0.00E+00  0.00E+00  0.00E+00  1.07E-05
     9  8.32E-06  3.83E-06  3.69E-07  1.00E+00  0.00E+00              9.95E+01  2.73E+01  3.90E-02  0.00E+00  0.00E+00  0.00E+00  0.00E+00  8.32E-06


          ***CONVERGENCE CRITERION   IS SATISFIED***

          ==> TIME STEP    13   TIME :  1.3000E-03 SEC
     1  3.36E-04  1.33E-04  5.89E-07  1.00E+00  0.00E+00              9.86E+01  2.71E+01  3.80E-02  0.00E+00  0.00E+00  0.00E+00  0.00E+00  3.36E-04
     2  1.78E-04  7.13E-05  3.82E-07  1.00E+00  0.00E+00              9.81E+01  2.70E+01  3.74E-02  0.00E+00  0.00E+00  0.00E+00  0.00E+00  1.78E-04
     3  9.69E-05  3.89E-05  1.88E-07  1.00E+00  0.00E+00              9.79E+01  2.69E+01  3.71E-02  0.00E+00  0.00E+00  0.00E+00  0.00E+00  9.69E-05
     4  5.42E-05  2.19E-05  1.08E-07  1.00E+00  0.00E+00              9.78E+01  2.69E+01  3.69E-02  0.00E+00  0.00E+00  0.00E+00  0.00E+00  5.42E-05
     5  3.13E-05  1.29E-05  6.91E-08  1.00E+00  0.00E+00              9.77E+01  2.69E+01  3.67E-02  0.00E+00  0.00E+00  0.00E+00  0.00E+00  3.13E-05
     6  1.92E-05  8.04E-06  7.57E-07  1.00E+00  0.00E+00              9.77E+01  2.68E+01  3.67E-02  0.00E+00  0.00E+00  0.00E+00  0.00E+00  1.92E-05
     7  1.29E-05  5.56E-06  5.40E-07  1.00E+00  0.00E+00              9.76E+01  2.68E+01  3.66E-02  0.00E+00  0.00E+00  0.00E+00  0.00E+00  1.29E-05
     8  9.43E-06  4.20E-06  4.20E-07  1.00E+00  0.00E+00              9.76E+01  2.68E+01  3.66E-02  0.00E+00  0.00E+00  0.00E+00  0.00E+00  9.43E-06


          ***CONVERGENCE CRITERION   IS SATISFIED***

          ==> TIME STEP    14   TIME :  1.4000E-03 SEC
     1  3.10E-04  1.23E-04  5.86E-07  1.00E+00  0.00E+00              9.68E+01  2.66E+01  3.57E-02  0.00E+00  0.00E+00  0.00E+00  0.00E+00  3.10E-04
     2  1.62E-04  6.52E-05  3.76E-07  1.00E+00  0.00E+00              9.64E+01  2.65E+01  3.51E-02  0.00E+00  0.00E+00  0.00E+00  0.00E+00  1.62E-04
     3  8.76E-05  3.52E-05  1.81E-07  1.00E+00  0.00E+00              9.62E+01  2.65E+01  3.47E-02  0.00E+00  0.00E+00  0.00E+00  0.00E+00  8.76E-05
     4  4.85E-05  1.97E-05  1.03E-07  1.00E+00  0.00E+00              9.60E+01  2.64E+01  3.45E-02  0.00E+00  0.00E+00  0.00E+00  0.00E+00  4.85E-05
     5  2.78E-05  1.14E-05  6.46E-08  1.00E+00  0.00E+00              9.60E+01  2.64E+01  3.44E-02  0.00E+00  0.00E+00  0.00E+00  0.00E+00  2.78E-05
     6  1.69E-05  7.09E-06  7.14E-07  1.00E+00  0.00E+00              9.59E+01  2.64E+01  3.44E-02  0.00E+00  0.00E+00  0.00E+00  0.00E+00  1.69E-05
     7  1.14E-05  4.89E-06  5.07E-07  1.00E+00  0.00E+00              9.59E+01  2.64E+01  3.43E-02  0.00E+00  0.00E+00  0.00E+00  0.00E+00  1.14E-05
     8  8.32E-06  3.71E-06  3.94E-07  1.00E+00  0.00E+00              9.59E+01  2.64E+01  3.43E-02  0.00E+00  0.00E+00  0.00E+00  0.00E+00  8.32E-06


          ***CONVERGENCE CRITERION   IS SATISFIED***

          ==> TIME STEP    15   TIME :  1.5000E-03 SEC
     1  2.86E-04  1.14E-04  5.80E-07  1.00E+00  0.00E+00              9.52E+01  2.62E+01  3.35E-02  0.00E+00  0.00E+00  0.00E+00  0.00E+00  2.86E-04
     2  1.48E-04  5.97E-05  3.70E-07  1.00E+00  0.00E+00              9.48E+01  2.61E+01  3.29E-02  0.00E+00  0.00E+00  0.00E+00  0.00E+00  1.48E-04
     3  7.94E-05  3.19E-05  1.76E-07  1.00E+00  0.00E+00              9.46E+01  2.60E+01  3.25E-02  0.00E+00  0.00E+00  0.00E+00  0.00E+00  7.94E-05
     4  4.36E-05  1.77E-05  9.84E-08  1.00E+00  0.00E+00              9.45E+01  2.60E+01  3.23E-02  0.00E+00  0.00E+00  0.00E+00  0.00E+00  4.36E-05
     5  2.48E-05  1.02E-05  6.09E-08  1.00E+00  0.00E+00              9.44E+01  2.60E+01  3.22E-02  0.00E+00  0.00E+00  0.00E+00  0.00E+00  2.48E-05
     6  1.50E-05  6.30E-06  6.79E-07  1.00E+00  0.00E+00              9.44E+01  2.60E+01  3.21E-02  0.00E+00  0.00E+00  0.00E+00  0.00E+00  1.50E-05
     7  1.01E-05  4.34E-06  4.80E-07  1.00E+00  0.00E+00              9.44E+01  2.60E+01  3.21E-02  0.00E+00  0.00E+00  0.00E+00  0.00E+00  1.01E-05
     8  7.40E-06  3.30E-06  3.73E-07  1.00E+00  0.00E+00              9.43E+01  2.60E+01  3.21E-02  0.00E+00  0.00E+00  0.00E+00  0.00E+00  7.40E-06


          ***CONVERGENCE CRITERION   IS SATISFIED***

          ==> TIME STEP    16   TIME :  1.6000E-03 SEC
     1  2.64E-04  1.05E-04  5.73E-07  1.00E+00  0.00E+00              9.37E+01  2.58E+01  3.13E-02  0.00E+00  0.00E+00  0.00E+00  0.00E+00  2.64E-04
     2  1.36E-04  5.47E-05  3.64E-07  1.00E+00  0.00E+00              9.33E+01  2.57E+01  3.07E-02  0.00E+00  0.00E+00  0.00E+00  0.00E+00  1.36E-04
     3  7.21E-05  2.90E-05  1.71E-07  1.00E+00  0.00E+00              9.31E+01  2.57E+01  3.03E-02  0.00E+00  0.00E+00  0.00E+00  0.00E+00  7.21E-05
     4  3.93E-05  1.60E-05  9.42E-08  1.00E+00  0.00E+00              9.30E+01  2.56E+01  3.02E-02  0.00E+00  0.00E+00  0.00E+00  0.00E+00  3.93E-05
     5  2.22E-05  9.14E-06  5.75E-08  1.00E+00  0.00E+00              9.30E+01  2.56E+01  3.01E-02  0.00E+00  0.00E+00  0.00E+00  0.00E+00  2.22E-05
     6  1.34E-05  5.61E-06  6.47E-07  1.00E+00  0.00E+00              9.29E+01  2.56E+01  3.00E-02  0.00E+00  0.00E+00  0.00E+00  0.00E+00  1.34E-05
     7  8.96E-06  3.87E-06  4.56E-07  1.00E+00  0.00E+00              9.29E+01  2.56E+01  3.00E-02  0.00E+00  0.00E+00  0.00E+00  0.00E+00  8.96E-06


          ***CONVERGENCE CRITERION   IS SATISFIED***

          ==> TIME STEP    17   TIME :  1.7000E-03 SEC
     1  2.42E-04  9.69E-05  5.67E-07  1.00E+00  0.00E+00              9.23E+01  2.55E+01  2.92E-02  0.00E+00  0.00E+00  0.00E+00  0.00E+00  2.42E-04
     2  1.24E-04  4.99E-05  3.57E-07  1.00E+00  0.00E+00              9.20E+01  2.54E+01  2.86E-02  0.00E+00  0.00E+00  0.00E+00  0.00E+00  1.24E-04
     3  6.52E-05  2.63E-05  1.65E-07  1.00E+00  0.00E+00              9.18E+01  2.53E+01  2.83E-02  0.00E+00  0.00E+00  0.00E+00  0.00E+00  6.52E-05
     4  3.53E-05  1.43E-05  8.98E-08  1.00E+00  0.00E+00              9.17E+01  2.53E+01  2.81E-02  0.00E+00  0.00E+00  0.00E+00  0.00E+00  3.53E-05
     5  1.98E-05  8.17E-06  5.40E-08  1.00E+00  0.00E+00              9.17E+01  2.53E+01  2.80E-02  0.00E+00  0.00E+00  0.00E+00  0.00E+00  1.98E-05
     6  1.19E-05  5.00E-06  6.14E-07  1.00E+00  0.00E+00              9.16E+01  2.53E+01  2.80E-02  0.00E+00  0.00E+00  0.00E+00  0.00E+00  1.19E-05
     7  7.96E-06  3.44E-06  4.31E-07  1.00E+00  0.00E+00              9.16E+01  2.53E+01  2.80E-02  0.00E+00  0.00E+00  0.00E+00  0.00E+00  7.96E-06


          ***CONVERGENCE CRITERION   IS SATISFIED***

          ==> TIME STEP    18   TIME :  1.8000E-03 SEC
     1  2.23E-04  8.93E-05  5.58E-07  1.00E+00  0.00E+00              9.10E+01  2.51E+01  2.73E-02  0.00E+00  0.00E+00  0.00E+00  0.00E+00  2.23E-04
     2  1.13E-04  4.57E-05  3.49E-07  1.00E+00  0.00E+00              9.08E+01  2.51E+01  2.67E-02  0.00E+00  0.00E+00  0.00E+00  0.00E+00  1.13E-04
     3  5.92E-05  2.39E-05  1.60E-07  1.00E+00  0.00E+00              9.06E+01  2.50E+01  2.64E-02  0.00E+00  0.00E+00  0.00E+00  0.00E+00  5.92E-05
     4  3.18E-05  1.30E-05  8.60E-08  1.00E+00  0.00E+00              9.05E+01  2.50E+01  2.63E-02  0.00E+00  0.00E+00  0.00E+00  0.00E+00  3.18E-05
     5  1.78E-05  7.34E-06  5.11E-08  1.00E+00  0.00E+00              9.05E+01  2.50E+01  2.62E-02  0.00E+00  0.00E+00  0.00E+00  0.00E+00  1.78E-05
     6  1.07E-05  4.48E-06  5.86E-07  1.00E+00  0.00E+00              9.05E+01  2.50E+01  2.61E-02  0.00E+00  0.00E+00  0.00E+00  0.00E+00  1.07E-05
     7  7.14E-06  3.09E-06  4.10E-07  1.00E+00  0.00E+00              9.04E+01  2.50E+01  2.61E-02  0.00E+00  0.00E+00  0.00E+00  0.00E+00  7.14E-06


          ***CONVERGENCE CRITERION   IS SATISFIED***

          ==> TIME STEP    19   TIME :  1.9000E-03 SEC
     1  2.05E-04  8.22E-05  5.47E-07  1.00E+00  0.00E+00              8.99E+01  2.48E+01  2.54E-02  0.00E+00  0.00E+00  0.00E+00  0.00E+00  2.05E-04
     2  1.03E-04  4.18E-05  3.42E-07  1.00E+00  0.00E+00              8.96E+01  2.48E+01  2.49E-02  0.00E+00  0.00E+00  0.00E+00  0.00E+00  1.03E-04
     3  5.37E-05  2.17E-05  1.55E-07  1.00E+00  0.00E+00              8.95E+01  2.47E+01  2.47E-02  0.00E+00  0.00E+00  0.00E+00  0.00E+00  5.37E-05
     4  2.88E-05  1.17E-05  8.24E-08  1.00E+00  0.00E+00              8.94E+01  2.47E+01  2.45E-02  0.00E+00  0.00E+00  0.00E+00  0.00E+00  2.88E-05
     5  1.60E-05  6.62E-06  4.85E-08  1.00E+00  0.00E+00              8.94E+01  2.47E+01  2.44E-02  0.00E+00  0.00E+00  0.00E+00  0.00E+00  1.60E-05
     6  9.60E-06  4.03E-06  5.60E-07  1.00E+00  0.00E+00              8.94E+01  2.47E+01  2.44E-02  0.00E+00  0.00E+00  0.00E+00  0.00E+00  9.60E-06


          ***CONVERGENCE CRITERION   IS SATISFIED***

          ==> TIME STEP    20   TIME :  2.0000E-03 SEC
     1  1.87E-04  7.53E-05  5.37E-07  1.00E+00  0.00E+00              8.89E+01  2.46E+01  2.38E-02  0.00E+00  0.00E+00  0.00E+00  0.00E+00  1.87E-04
     2  9.38E-05  3.80E-05  3.32E-07  1.00E+00  0.00E+00              8.86E+01  2.45E+01  2.33E-02  0.00E+00  0.00E+00  0.00E+00  0.00E+00  9.38E-05
     3  4.86E-05  1.97E-05  1.49E-07  1.00E+00  0.00E+00              8.85E+01  2.45E+01  2.31E-02  0.00E+00  0.00E+00  0.00E+00  0.00E+00  4.86E-05
     4  2.59E-05  1.05E-05  7.84E-08  1.00E+00  0.00E+00              8.85E+01  2.45E+01  2.29E-02  0.00E+00  0.00E+00  0.00E+00  0.00E+00  2.59E-05
     5  1.44E-05  5.93E-06  4.57E-08  1.00E+00  0.00E+00              8.84E+01  2.45E+01  2.28E-02  0.00E+00  0.00E+00  0.00E+00  0.00E+00  1.44E-05
     6  8.58E-06  3.61E-06  5.32E-07  1.00E+00  0.00E+00              8.84E+01  2.45E+01  2.28E-02  0.00E+00  0.00E+00  0.00E+00  0.00E+00  8.58E-06


          ***CONVERGENCE CRITERION   IS SATISFIED***

          WRITE RESULTS OF CALCULATIONS IN FILE 

                         PREPARE RESULTS OF CALCULATION FOR RESTART
                         ******************************************
                          WRITE RESULTS IN FILE :REST.0                                                                                                                                                                                                                                                          

          ==> TIME STEP    21   TIME :  2.1000E-03 SEC
     1  1.71E-04  6.91E-05  5.21E-07  1.00E+00  0.00E+00              8.80E+01  2.43E+01  2.23E-02  0.00E+00  0.00E+00  0.00E+00  0.00E+00  1.71E-04
     2  8.54E-05  3.47E-05  3.22E-07  1.00E+00  0.00E+00              8.77E+01  2.43E+01  2.19E-02  0.00E+00  0.00E+00  0.00E+00  0.00E+00  8.54E-05
     3  4.40E-05  1.79E-05  1.44E-07  1.00E+00  0.00E+00              8.76E+01  2.43E+01  2.16E-02  0.00E+00  0.00E+00  0.00E+00  0.00E+00  4.40E-05
     4  2.33E-05  9.53E-06  7.50E-08  1.00E+00  0.00E+00              8.76E+01  2.42E+01  2.15E-02  0.00E+00  0.00E+00  0.00E+00  0.00E+00  2.33E-05
     5  1.29E-05  5.35E-06  4.33E-08  1.00E+00  0.00E+00              8.75E+01  2.42E+01  2.14E-02  0.00E+00  0.00E+00  0.00E+00  0.00E+00  1.29E-05
     6  7.73E-06  3.26E-06  5.09E-07  1.00E+00  0.00E+00              8.75E+01  2.42E+01  2.14E-02  0.00E+00  0.00E+00  0.00E+00  0.00E+00  7.73E-06


          ***CONVERGENCE CRITERION   IS SATISFIED***

          ==> TIME STEP    22   TIME :  2.2000E-03 SEC
     1  1.57E-04  6.33E-05  5.06E-07  1.00E+00  0.00E+00              8.71E+01  2.41E+01  2.09E-02  0.00E+00  0.00E+00  0.00E+00  0.00E+00  1.57E-04
     2  7.78E-05  3.16E-05  3.12E-07  1.00E+00  0.00E+00              8.69E+01  2.41E+01  2.06E-02  0.00E+00  0.00E+00  0.00E+00  0.00E+00  7.78E-05
     3  3.99E-05  1.62E-05  1.38E-07  1.00E+00  0.00E+00              8.68E+01  2.41E+01  2.03E-02  0.00E+00  0.00E+00  0.00E+00  0.00E+00  3.99E-05
     4  2.11E-05  8.63E-06  7.16E-08  1.00E+00  0.00E+00              8.68E+01  2.40E+01  2.02E-02  0.00E+00  0.00E+00  0.00E+00  0.00E+00  2.11E-05
     5  1.17E-05  4.84E-06  4.11E-08  1.00E+00  0.00E+00              8.67E+01  2.40E+01  2.01E-02  0.00E+00  0.00E+00  0.00E+00  0.00E+00  1.17E-05
     6  6.99E-06  2.95E-06  4.87E-07  1.00E+00  0.00E+00              8.67E+01  2.40E+01  2.01E-02  0.00E+00  0.00E+00  0.00E+00  0.00E+00  6.99E-06


          ***CONVERGENCE CRITERION   IS SATISFIED***

          ==> TIME STEP    23   TIME :  2.3000E-03 SEC
     1  1.43E-04  5.80E-05  4.89E-07  1.00E+00  0.00E+00              8.63E+01  2.39E+01  1.97E-02  0.00E+00  0.00E+00  0.00E+00  0.00E+00  1.43E-04
     2  7.08E-05  2.89E-05  3.01E-07  1.00E+00  0.00E+00              8.62E+01  2.39E+01  1.94E-02  0.00E+00  0.00E+00  0.00E+00  0.00E+00  7.08E-05
     3  3.63E-05  1.48E-05  1.33E-07  1.00E+00  0.00E+00              8.61E+01  2.39E+01  1.92E-02  0.00E+00  0.00E+00  0.00E+00  0.00E+00  3.63E-05
     4  1.91E-05  7.82E-06  6.83E-08  1.00E+00  0.00E+00              8.60E+01  2.39E+01  1.91E-02  0.00E+00  0.00E+00  0.00E+00  0.00E+00  1.91E-05
     5  1.06E-05  4.38E-06  3.90E-08  1.00E+00  0.00E+00              8.60E+01  2.38E+01  1.90E-02  0.00E+00  0.00E+00  0.00E+00  0.00E+00  1.06E-05
     6  6.32E-06  2.67E-06  4.66E-07  1.00E+00  0.00E+00              8.60E+01  2.38E+01  1.90E-02  0.00E+00  0.00E+00  0.00E+00  0.00E+00  6.32E-06


          ***CONVERGENCE CRITERION   IS SATISFIED***

          ==> TIME STEP    24   TIME :  2.4000E-03 SEC
     1  1.31E-04  5.31E-05  4.71E-07  1.00E+00  0.00E+00              8.56E+01  2.38E+01  1.87E-02  0.00E+00  0.00E+00  0.00E+00  0.00E+00  1.31E-04
     2  6.45E-05  2.63E-05  2.90E-07  1.00E+00  0.00E+00              8.55E+01  2.37E+01  1.84E-02  0.00E+00  0.00E+00  0.00E+00  0.00E+00  6.45E-05
     3  3.29E-05  1.34E-05  1.27E-07  1.00E+00  0.00E+00              8.54E+01  2.37E+01  1.82E-02  0.00E+00  0.00E+00  0.00E+00  0.00E+00  3.29E-05
     4  1.73E-05  7.09E-06  6.50E-08  1.00E+00  0.00E+00              8.53E+01  2.37E+01  1.81E-02  0.00E+00  0.00E+00  0.00E+00  0.00E+00  1.73E-05
     5  9.55E-06  3.97E-06  3.70E-08  1.00E+00  0.00E+00              8.53E+01  2.37E+01  1.81E-02  0.00E+00  0.00E+00  0.00E+00  0.00E+00  9.55E-06


          ***CONVERGENCE CRITERION   IS SATISFIED***

          ==> TIME STEP    25   TIME :  2.5000E-03 SEC
     1  1.19E-04  4.83E-05  4.53E-07  1.00E+00  0.00E+00              8.50E+01  2.36E+01  1.78E-02  0.00E+00  0.00E+00  0.00E+00  0.00E+00  1.19E-04
     2  5.83E-05  2.38E-05  2.76E-07  1.00E+00  0.00E+00              8.49E+01  2.36E+01  1.76E-02  0.00E+00  0.00E+00  0.00E+00  0.00E+00  5.83E-05
     3  2.96E-05  1.21E-05  1.21E-07  1.00E+00  0.00E+00              8.48E+01  2.35E+01  1.74E-02  0.00E+00  0.00E+00  0.00E+00  0.00E+00  2.96E-05
     4  1.55E-05  6.38E-06  6.13E-08  1.00E+00  0.00E+00              8.47E+01  2.35E+01  1.73E-02  0.00E+00  0.00E+00  0.00E+00  0.00E+00  1.55E-05
     5  8.57E-06  3.57E-06  3.47E-08  1.00E+00  0.00E+00              8.47E+01  2.35E+01  1.73E-02  0.00E+00  0.00E+00  0.00E+00  0.00E+00  8.57E-06


          ***CONVERGENCE CRITERION   IS SATISFIED***

          ==> TIME STEP    26   TIME :  2.6000E-03 SEC
     1  1.08E-04  4.40E-05  4.31E-07  1.00E+00  0.00E+00              8.45E+01  2.34E+01  1.71E-02  0.00E+00  0.00E+00  0.00E+00  0.00E+00  1.08E-04
     2  5.29E-05  2.16E-05  2.63E-07  1.00E+00  0.00E+00              8.43E+01  2.34E+01  1.69E-02  0.00E+00  0.00E+00  0.00E+00  0.00E+00  5.29E-05
     3  2.68E-05  1.10E-05  1.15E-07  1.00E+00  0.00E+00              8.42E+01  2.34E+01  1.68E-02  0.00E+00  0.00E+00  0.00E+00  0.00E+00  2.68E-05
     4  1.40E-05  5.78E-06  5.81E-08  1.00E+00  0.00E+00              8.42E+01  2.34E+01  1.67E-02  0.00E+00  0.00E+00  0.00E+00  0.00E+00  1.40E-05
     5  7.75E-06  3.23E-06  3.29E-08  1.00E+00  0.00E+00              8.42E+01  2.34E+01  1.67E-02  0.00E+00  0.00E+00  0.00E+00  0.00E+00  7.75E-06


          ***CONVERGENCE CRITERION   IS SATISFIED***

          ==> TIME STEP    27   TIME :  2.7000E-03 SEC
     1  9.82E-05  4.01E-05  4.10E-07  1.00E+00  0.00E+00              8.39E+01  2.33E+01  1.65E-02  0.00E+00  0.00E+00  0.00E+00  0.00E+00  9.82E-05
     2  4.80E-05  1.97E-05  2.50E-07  1.00E+00  0.00E+00              8.38E+01  2.33E+01  1.64E-02  0.00E+00  0.00E+00  0.00E+00  0.00E+00  4.80E-05
     3  2.43E-05  9.97E-06  1.09E-07  1.00E+00  0.00E+00              8.37E+01  2.33E+01  1.62E-02  0.00E+00  0.00E+00  0.00E+00  0.00E+00  2.43E-05
     4  1.27E-05  5.25E-06  5.51E-08  1.00E+00  0.00E+00              8.37E+01  2.33E+01  1.62E-02  0.00E+00  0.00E+00  0.00E+00  0.00E+00  1.27E-05
     5  7.03E-06  2.93E-06  3.12E-08  1.00E+00  0.00E+00              8.37E+01  2.33E+01  1.62E-02  0.00E+00  0.00E+00  0.00E+00  0.00E+00  7.03E-06


          ***CONVERGENCE CRITERION   IS SATISFIED***

          ==> TIME STEP    28   TIME :  2.8000E-03 SEC
     1  8.93E-05  3.66E-05  3.89E-07  1.00E+00  0.00E+00              8.35E+01  2.32E+01  1.61E-02  0.00E+00  0.00E+00  0.00E+00  0.00E+00  8.93E-05
     2  4.36E-05  1.79E-05  2.38E-07  1.00E+00  0.00E+00              8.34E+01  2.32E+01  1.60E-02  0.00E+00  0.00E+00  0.00E+00  0.00E+00  4.36E-05
     3  2.21E-05  9.06E-06  1.04E-07  1.00E+00  0.00E+00              8.33E+01  2.32E+01  1.59E-02  0.00E+00  0.00E+00  0.00E+00  0.00E+00  2.21E-05
     4  1.15E-05  4.77E-06  5.21E-08  1.00E+00  0.00E+00              8.33E+01  2.31E+01  1.58E-02  0.00E+00  0.00E+00  0.00E+00  0.00E+00  1.15E-05
     5  6.38E-06  2.67E-06  2.95E-08  1.00E+00  0.00E+00              8.32E+01  2.31E+01  1.58E-02  0.00E+00  0.00E+00  0.00E+00  0.00E+00  6.38E-06


          ***CONVERGENCE CRITERION   IS SATISFIED***

          ==> TIME STEP    29   TIME :  2.9000E-03 SEC
     1  8.12E-05  3.33E-05  3.68E-07  1.00E+00  0.00E+00              8.30E+01  2.31E+01  1.58E-02  0.00E+00  0.00E+00  0.00E+00  0.00E+00  8.12E-05
     2  3.96E-05  1.63E-05  2.25E-07  1.00E+00  0.00E+00              8.29E+01  2.31E+01  1.57E-02  0.00E+00  0.00E+00  0.00E+00  0.00E+00  3.96E-05
     3  2.00E-05  8.23E-06  9.80E-08  1.00E+00  0.00E+00              8.29E+01  2.30E+01  1.56E-02  0.00E+00  0.00E+00  0.00E+00  0.00E+00  2.00E-05
     4  1.05E-05  4.33E-06  4.92E-08  1.00E+00  0.00E+00              8.29E+01  2.30E+01  1.56E-02  0.00E+00  0.00E+00  0.00E+00  0.00E+00  1.05E-05
     5  5.80E-06  2.43E-06  5.65E-07  1.00E+00  0.00E+00              8.28E+01  2.30E+01  1.55E-02  0.00E+00  0.00E+00  0.00E+00  0.00E+00  5.80E-06


          ***CONVERGENCE CRITERION   IS SATISFIED***

          ==> TIME STEP    30   TIME :  3.0000E-03 SEC
     1  7.39E-05  3.04E-05  3.46E-07  1.00E+00  0.00E+00              8.26E+01  2.30E+01  1.56E-02  0.00E+00  0.00E+00  0.00E+00  0.00E+00  7.39E-05
     2  3.60E-05  1.48E-05  2.12E-07  1.00E+00  0.00E+00              8.26E+01  2.30E+01  1.55E-02  0.00E+00  0.00E+00  0.00E+00  0.00E+00  3.60E-05
     3  1.81E-05  7.48E-06  9.24E-08  1.00E+00  0.00E+00              8.25E+01  2.30E+01  1.54E-02  0.00E+00  0.00E+00  0.00E+00  0.00E+00  1.81E-05
     4  9.51E-06  3.94E-06  4.64E-08  1.00E+00  0.00E+00              8.25E+01  2.29E+01  1.54E-02  0.00E+00  0.00E+00  0.00E+00  0.00E+00  9.51E-06


          ***CONVERGENCE CRITERION   IS SATISFIED***

          ==> TIME STEP    31   TIME :  3.1000E-03 SEC
     1  6.64E-05  2.74E-05  3.27E-07  1.00E+00  0.00E+00              8.23E+01  2.29E+01  1.55E-02  0.00E+00  0.00E+00  0.00E+00  0.00E+00  6.64E-05
     2  3.23E-05  1.33E-05  1.97E-07  1.00E+00  0.00E+00              8.22E+01  2.29E+01  1.54E-02  0.00E+00  0.00E+00  0.00E+00  0.00E+00  3.23E-05
     3  1.63E-05  6.71E-06  8.60E-08  1.00E+00  0.00E+00              8.22E+01  2.29E+01  1.54E-02  0.00E+00  0.00E+00  0.00E+00  0.00E+00  1.63E-05
     4  8.53E-06  3.54E-06  4.32E-08  1.00E+00  0.00E+00              8.22E+01  2.29E+01  1.54E-02  0.00E+00  0.00E+00  0.00E+00  0.00E+00  8.53E-06


          ***CONVERGENCE CRITERION   IS SATISFIED***

          ==> TIME STEP    32   TIME :  3.2000E-03 SEC
     1  6.02E-05  2.48E-05  3.04E-07  1.00E+00  0.00E+00              8.20E+01  2.28E+01  1.55E-02  0.00E+00  0.00E+00  0.00E+00  0.00E+00  6.02E-05
     2  2.93E-05  1.21E-05  1.85E-07  1.00E+00  0.00E+00              8.19E+01  2.28E+01  1.54E-02  0.00E+00  0.00E+00  0.00E+00  0.00E+00  2.93E-05
     3  1.47E-05  6.09E-06  8.08E-08  1.00E+00  0.00E+00              8.19E+01  2.28E+01  1.54E-02  0.00E+00  0.00E+00  0.00E+00  0.00E+00  1.47E-05
     4  7.73E-06  3.21E-06  4.07E-08  1.00E+00  0.00E+00              8.19E+01  2.28E+01  1.54E-02  0.00E+00  0.00E+00  0.00E+00  0.00E+00  7.73E-06


          ***CONVERGENCE CRITERION   IS SATISFIED***

          ==> TIME STEP    33   TIME :  3.3000E-03 SEC
     1  5.47E-05  2.26E-05  2.85E-07  1.00E+00  0.00E+00              8.17E+01  2.28E+01  1.55E-02  0.00E+00  0.00E+00  0.00E+00  0.00E+00  5.47E-05
     2  2.66E-05  1.10E-05  1.73E-07  1.00E+00  0.00E+00              8.17E+01  2.27E+01  1.55E-02  0.00E+00  0.00E+00  0.00E+00  0.00E+00  2.66E-05
     3  1.34E-05  5.54E-06  7.60E-08  1.00E+00  0.00E+00              8.16E+01  2.27E+01  1.55E-02  0.00E+00  0.00E+00  0.00E+00  0.00E+00  1.34E-05
     4  7.04E-06  2.93E-06  3.85E-08  1.00E+00  0.00E+00              8.16E+01  2.27E+01  1.55E-02  0.00E+00  0.00E+00  0.00E+00  0.00E+00  7.04E-06


          ***CONVERGENCE CRITERION   IS SATISFIED***

          ==> TIME STEP    34   TIME :  3.4000E-03 SEC
     1  4.97E-05  2.05E-05  2.66E-07  1.00E+00  0.00E+00              8.15E+01  2.27E+01  1.57E-02  0.00E+00  0.00E+00  0.00E+00  0.00E+00  4.97E-05
     2  2.41E-05  9.97E-06  1.62E-07  1.00E+00  0.00E+00              8.14E+01  2.27E+01  1.57E-02  0.00E+00  0.00E+00  0.00E+00  0.00E+00  2.41E-05
     3  1.22E-05  5.04E-06  7.14E-08  1.00E+00  0.00E+00              8.14E+01  2.27E+01  1.57E-02  0.00E+00  0.00E+00  0.00E+00  0.00E+00  1.22E-05
     4  6.41E-06  2.67E-06  3.64E-08  1.00E+00  0.00E+00              8.14E+01  2.27E+01  1.57E-02  0.00E+00  0.00E+00  0.00E+00  0.00E+00  6.41E-06


          ***CONVERGENCE CRITERION   IS SATISFIED***

          ==> TIME STEP    35   TIME :  3.5000E-03 SEC
     1  4.52E-05  1.87E-05  2.48E-07  1.00E+00  0.00E+00              8.12E+01  2.26E+01  1.59E-02  0.00E+00  0.00E+00  0.00E+00  0.00E+00  4.52E-05
     2  2.19E-05  9.07E-06  1.52E-07  1.00E+00  0.00E+00              8.12E+01  2.26E+01  1.59E-02  0.00E+00  0.00E+00  0.00E+00  0.00E+00  2.19E-05
     3  1.11E-05  4.59E-06  6.71E-08  1.00E+00  0.00E+00              8.12E+01  2.26E+01  1.59E-02  0.00E+00  0.00E+00  0.00E+00  0.00E+00  1.11E-05
     4  5.84E-06  2.44E-06  3.44E-08  1.00E+00  0.00E+00              8.11E+01  2.26E+01  1.59E-02  0.00E+00  0.00E+00  0.00E+00  0.00E+00  5.84E-06


          ***CONVERGENCE CRITERION   IS SATISFIED***

          ==> TIME STEP    36   TIME :  3.6000E-03 SEC
     1  4.10E-05  1.70E-05  2.31E-07  1.00E+00  0.00E+00              8.10E+01  2.26E+01  1.61E-02  0.00E+00  0.00E+00  0.00E+00  0.00E+00  4.10E-05
     2  1.99E-05  8.25E-06  1.42E-07  1.00E+00  0.00E+00              8.10E+01  2.26E+01  1.62E-02  0.00E+00  0.00E+00  0.00E+00  0.00E+00  1.99E-05
     3  1.01E-05  4.18E-06  6.31E-08  1.00E+00  0.00E+00              8.09E+01  2.26E+01  1.62E-02  0.00E+00  0.00E+00  0.00E+00  0.00E+00  1.01E-05
     4  5.33E-06  2.22E-06  3.25E-08  1.00E+00  0.00E+00              8.09E+01  2.25E+01  1.62E-02  0.00E+00  0.00E+00  0.00E+00  0.00E+00  5.33E-06


          ***CONVERGENCE CRITERION   IS SATISFIED***

          ==> TIME STEP    37   TIME :  3.7000E-03 SEC
     1  3.73E-05  1.55E-05  2.15E-07  1.00E+00  0.00E+00              8.08E+01  2.25E+01  1.64E-02  0.00E+00  0.00E+00  0.00E+00  0.00E+00  3.73E-05
     2  1.81E-05  7.50E-06  1.32E-07  1.00E+00  0.00E+00              8.08E+01  2.25E+01  1.64E-02  0.00E+00  0.00E+00  0.00E+00  0.00E+00  1.81E-05
     3  9.16E-06  3.81E-06  5.93E-08  1.00E+00  0.00E+00              8.08E+01  2.25E+01  1.65E-02  0.00E+00  0.00E+00  0.00E+00  0.00E+00  9.16E-06


          ***CONVERGENCE CRITERION   IS SATISFIED***

          ==> TIME STEP    38   TIME :  3.8000E-03 SEC
     1  3.33E-05  1.38E-05  2.02E-07  1.00E+00  0.00E+00              8.07E+01  2.25E+01  1.67E-02  0.00E+00  0.00E+00  0.00E+00  0.00E+00  3.33E-05
     2  1.62E-05  6.70E-06  1.20E-07  1.00E+00  0.00E+00              8.06E+01  2.25E+01  1.67E-02  0.00E+00  0.00E+00  0.00E+00  0.00E+00  1.62E-05
     3  8.18E-06  3.41E-06  5.43E-08  1.00E+00  0.00E+00              8.06E+01  2.25E+01  1.68E-02  0.00E+00  0.00E+00  0.00E+00  0.00E+00  8.18E-06


          ***CONVERGENCE CRITERION   IS SATISFIED***

          ==> TIME STEP    39   TIME :  3.9000E-03 SEC
     1  3.02E-05  1.25E-05  1.85E-07  1.00E+00  0.00E+00              8.05E+01  2.24E+01  1.69E-02  0.00E+00  0.00E+00  0.00E+00  0.00E+00  3.02E-05
     2  1.47E-05  6.09E-06  1.12E-07  1.00E+00  0.00E+00              8.05E+01  2.24E+01  1.70E-02  0.00E+00  0.00E+00  0.00E+00  0.00E+00  1.47E-05
     3  7.45E-06  3.11E-06  5.10E-08  1.00E+00  0.00E+00              8.05E+01  2.24E+01  1.71E-02  0.00E+00  0.00E+00  0.00E+00  0.00E+00  7.45E-06


          ***CONVERGENCE CRITERION   IS SATISFIED***

          ==> TIME STEP    40   TIME :  4.0000E-03 SEC
     1  2.76E-05  1.15E-05  1.74E-07  1.00E+00  0.00E+00              8.04E+01  2.24E+01  1.72E-02  0.00E+00  0.00E+00  0.00E+00  0.00E+00  2.76E-05
     2  1.34E-05  5.56E-06  1.05E-07  1.00E+00  0.00E+00              8.04E+01  2.24E+01  1.73E-02  0.00E+00  0.00E+00  0.00E+00  0.00E+00  1.34E-05
     3  6.82E-06  2.85E-06  4.81E-08  1.00E+00  0.00E+00              8.03E+01  2.24E+01  1.74E-02  0.00E+00  0.00E+00  0.00E+00  0.00E+00  6.82E-06


          ***CONVERGENCE CRITERION   IS SATISFIED***

          WRITE RESULTS OF CALCULATIONS IN FILE 

                         PREPARE RESULTS OF CALCULATION FOR RESTART
                         ******************************************
                          WRITE RESULTS IN FILE :REST.0                                                                                                                                                                                                                                                          

          ==> TIME STEP    41   TIME :  4.1000E-03 SEC
     1  2.52E-05  1.05E-05  1.62E-07  1.00E+00  0.00E+00              8.03E+01  2.24E+01  1.75E-02  0.00E+00  0.00E+00  0.00E+00  0.00E+00  2.52E-05
     2  1.23E-05  5.09E-06  9.83E-08  1.00E+00  0.00E+00              8.02E+01  2.24E+01  1.76E-02  0.00E+00  0.00E+00  0.00E+00  0.00E+00  1.23E-05
     3  6.26E-06  2.61E-06  4.53E-08  1.00E+00  0.00E+00              8.02E+01  2.24E+01  1.77E-02  0.00E+00  0.00E+00  0.00E+00  0.00E+00  6.26E-06


          ***CONVERGENCE CRITERION   IS SATISFIED***

          ==> TIME STEP    42   TIME :  4.2000E-03 SEC
     1  2.30E-05  9.59E-06  1.52E-07  1.00E+00  0.00E+00              8.02E+01  2.24E+01  1.78E-02  0.00E+00  0.00E+00  0.00E+00  0.00E+00  2.30E-05
     2  1.12E-05  4.67E-06  9.20E-08  1.00E+00  0.00E+00              8.01E+01  2.23E+01  1.79E-02  0.00E+00  0.00E+00  0.00E+00  0.00E+00  1.12E-05
     3  5.75E-06  2.40E-06  4.27E-08  1.00E+00  0.00E+00              8.01E+01  2.23E+01  1.80E-02  0.00E+00  0.00E+00  0.00E+00  0.00E+00  5.75E-06


          ***CONVERGENCE CRITERION   IS SATISFIED***

          ==> TIME STEP    43   TIME :  4.3000E-03 SEC
     1  2.11E-05  8.78E-06  1.42E-07  1.00E+00  0.00E+00              8.01E+01  2.23E+01  1.81E-02  0.00E+00  0.00E+00  0.00E+00  0.00E+00  2.11E-05
     2  1.03E-05  4.28E-06  8.60E-08  1.00E+00  0.00E+00              8.00E+01  2.23E+01  1.82E-02  0.00E+00  0.00E+00  0.00E+00  0.00E+00  1.03E-05
     3  5.28E-06  2.21E-06  4.02E-08  1.00E+00  0.00E+00              8.00E+01  2.23E+01  1.83E-02  0.00E+00  0.00E+00  0.00E+00  0.00E+00  5.28E-06


          ***CONVERGENCE CRITERION   IS SATISFIED***

          ==> TIME STEP    44   TIME :  4.4000E-03 SEC
     1  1.93E-05  8.05E-06  1.32E-07  1.00E+00  0.00E+00              8.00E+01  2.23E+01  1.84E-02  0.00E+00  0.00E+00  0.00E+00  0.00E+00  1.93E-05
     2  9.44E-06  3.93E-06  8.03E-08  1.00E+00  0.00E+00              7.99E+01  2.23E+01  1.85E-02  0.00E+00  0.00E+00  0.00E+00  0.00E+00  9.44E-06


          ***CONVERGENCE CRITERION   IS SATISFIED***

          ==> TIME STEP    45   TIME :  4.5000E-03 SEC
     1  1.71E-05  7.12E-06  1.26E-07  1.00E+00  0.00E+00              7.99E+01  2.23E+01  1.87E-02  0.00E+00  0.00E+00  0.00E+00  0.00E+00  1.71E-05
     2  8.38E-06  3.49E-06  7.13E-08  1.00E+00  0.00E+00              7.99E+01  2.23E+01  1.87E-02  0.00E+00  0.00E+00  0.00E+00  0.00E+00  8.38E-06


          ***CONVERGENCE CRITERION   IS SATISFIED***

          ==> TIME STEP    46   TIME :  4.6000E-03 SEC
     1  1.57E-05  6.53E-06  1.13E-07  1.00E+00  0.00E+00              7.98E+01  2.23E+01  1.89E-02  0.00E+00  0.00E+00  0.00E+00  0.00E+00  1.57E-05
     2  7.72E-06  3.21E-06  6.64E-08  1.00E+00  0.00E+00              7.98E+01  2.23E+01  1.89E-02  0.00E+00  0.00E+00  0.00E+00  0.00E+00  7.72E-06


          ***CONVERGENCE CRITERION   IS SATISFIED***

          ==> TIME STEP    47   TIME :  4.7000E-03 SEC
     1  1.46E-05  6.07E-06  1.07E-07  1.00E+00  0.00E+00              7.98E+01  2.23E+01  1.91E-02  0.00E+00  0.00E+00  0.00E+00  0.00E+00  1.46E-05
     2  7.17E-06  2.99E-06  6.27E-08  1.00E+00  0.00E+00              7.98E+01  2.22E+01  1.91E-02  0.00E+00  0.00E+00  0.00E+00  0.00E+00  7.17E-06


          ***CONVERGENCE CRITERION   IS SATISFIED***

          ==> TIME STEP    48   TIME :  4.8000E-03 SEC
     1  1.35E-05  5.65E-06  1.01E-07  1.00E+00  0.00E+00              7.97E+01  2.22E+01  1.92E-02  0.00E+00  0.00E+00  0.00E+00  0.00E+00  1.35E-05
     2  6.69E-06  2.79E-06  5.92E-08  1.00E+00  0.00E+00              7.97E+01  2.22E+01  1.93E-02  0.00E+00  0.00E+00  0.00E+00  0.00E+00  6.69E-06


          ***CONVERGENCE CRITERION   IS SATISFIED***

          ==> TIME STEP    49   TIME :  4.9000E-03 SEC
     1  1.26E-05  5.26E-06  9.49E-08  1.00E+00  0.00E+00              7.97E+01  2.22E+01  1.94E-02  0.00E+00  0.00E+00  0.00E+00  0.00E+00  1.26E-05
     2  6.25E-06  2.60E-06  5.59E-08  1.00E+00  0.00E+00              7.96E+01  2.22E+01  1.95E-02  0.00E+00  0.00E+00  0.00E+00  0.00E+00  6.25E-06


          ***CONVERGENCE CRITERION   IS SATISFIED***

          ==> TIME STEP    50   TIME :  5.0000E-03 SEC
     1  1.18E-05  4.91E-06  2.07E-06  1.00E+00  0.00E+00              7.96E+01  2.22E+01  1.96E-02  0.00E+00  0.00E+00  0.00E+00  0.00E+00  1.18E-05
     2  5.85E-06  2.44E-06  5.28E-08  1.00E+00  0.00E+00              7.96E+01  2.22E+01  1.96E-02  0.00E+00  0.00E+00  0.00E+00  0.00E+00  5.85E-06


          ***CONVERGENCE CRITERION   IS SATISFIED***

          ==> TIME STEP    51   TIME :  5.1000E-03 SEC
     1  1.10E-05  4.58E-06  1.95E-06  1.00E+00  0.00E+00              7.96E+01  2.22E+01  1.97E-02  0.00E+00  0.00E+00  0.00E+00  0.00E+00  1.10E-05
     2  5.47E-06  2.28E-06  4.99E-08  1.00E+00  0.00E+00              7.96E+01  2.22E+01  1.98E-02  0.00E+00  0.00E+00  0.00E+00  0.00E+00  5.47E-06


          ***CONVERGENCE CRITERION   IS SATISFIED***

          ==> TIME STEP    52   TIME :  5.2000E-03 SEC
     1  1.03E-05  4.28E-06  1.83E-06  1.00E+00  0.00E+00              7.95E+01  2.22E+01  1.99E-02  0.00E+00  0.00E+00  0.00E+00  0.00E+00  1.03E-05
     2  5.13E-06  2.14E-06  4.71E-08  1.00E+00  0.00E+00              7.95E+01  2.22E+01  1.99E-02  0.00E+00  0.00E+00  0.00E+00  0.00E+00  5.13E-06


          ***CONVERGENCE CRITERION   IS SATISFIED***

          ==> TIME STEP    53   TIME :  5.3000E-03 SEC
     1  9.61E-06  4.01E-06  1.72E-06  1.00E+00  0.00E+00              7.95E+01  2.22E+01  2.00E-02  0.00E+00  0.00E+00  0.00E+00  0.00E+00  9.61E-06


          ***CONVERGENCE CRITERION   IS SATISFIED***

          ==> TIME STEP    54   TIME :  5.4000E-03 SEC
     1  8.37E-06  3.50E-06  1.69E-06  1.00E+00  0.00E+00              7.95E+01  2.22E+01  2.01E-02  0.00E+00  0.00E+00  0.00E+00  0.00E+00  8.37E-06


          ***CONVERGENCE CRITERION   IS SATISFIED***

          ==> TIME STEP    55   TIME :  5.5000E-03 SEC
     1  7.93E-06  3.30E-06  1.49E-06  1.00E+00  0.00E+00              7.94E+01  2.22E+01  2.02E-02  0.00E+00  0.00E+00  0.00E+00  0.00E+00  7.93E-06


          ***CONVERGENCE CRITERION   IS SATISFIED***

          ==> TIME STEP    56   TIME :  5.6000E-03 SEC
     1  7.60E-06  3.17E-06  1.44E-06  1.00E+00  0.00E+00              7.94E+01  2.22E+01  2.02E-02  0.00E+00  0.00E+00  0.00E+00  0.00E+00  7.60E-06


          ***CONVERGENCE CRITERION   IS SATISFIED***

          ==> TIME STEP    57   TIME :  5.7000E-03 SEC
     1  7.31E-06  3.05E-06  1.39E-06  1.00E+00  0.00E+00              7.94E+01  2.22E+01  2.03E-02  0.00E+00  0.00E+00  0.00E+00  0.00E+00  7.31E-06


          ***CONVERGENCE CRITERION   IS SATISFIED***

          ==> TIME STEP    58   TIME :  5.8000E-03 SEC
     1  7.04E-06  2.93E-06  1.34E-06  1.00E+00  0.00E+00              7.94E+01  2.21E+01  2.03E-02  0.00E+00  0.00E+00  0.00E+00  0.00E+00  7.04E-06


          ***CONVERGENCE CRITERION   IS SATISFIED***

          ==> TIME STEP    59   TIME :  5.9000E-03 SEC
     1  6.77E-06  2.82E-06  1.29E-06  1.00E+00  0.00E+00              7.93E+01  2.21E+01  2.04E-02  0.00E+00  0.00E+00  0.00E+00  0.00E+00  6.77E-06


          ***CONVERGENCE CRITERION   IS SATISFIED***

          ==> TIME STEP    60   TIME :  6.0000E-03 SEC
     1  6.53E-06  2.72E-06  1.24E-06  1.00E+00  0.00E+00              7.93E+01  2.21E+01  2.04E-02  0.00E+00  0.00E+00  0.00E+00  0.00E+00  6.53E-06


          ***CONVERGENCE CRITERION   IS SATISFIED***

          WRITE RESULTS OF CALCULATIONS IN FILE 

                         PREPARE RESULTS OF CALCULATION FOR RESTART
                         ******************************************
                          WRITE RESULTS IN FILE :REST.0                                                                                                                                                                                                                                                          

          ==> TIME STEP    61   TIME :  6.1000E-03 SEC
     1  6.29E-06  2.62E-06  1.20E-06  1.00E+00  0.00E+00              7.93E+01  2.21E+01  2.05E-02  0.00E+00  0.00E+00  0.00E+00  0.00E+00  6.29E-06


          ***CONVERGENCE CRITERION   IS SATISFIED***

          ==> TIME STEP    62   TIME :  6.2000E-03 SEC
     1  6.06E-06  2.53E-06  1.15E-06  1.00E+00  0.00E+00              7.93E+01  2.21E+01  2.05E-02  0.00E+00  0.00E+00  0.00E+00  0.00E+00  6.06E-06


          ***CONVERGENCE CRITERION   IS SATISFIED***

          ==> TIME STEP    63   TIME :  6.3000E-03 SEC
     1  5.85E-06  2.44E-06  1.11E-06  1.00E+00  0.00E+00              7.93E+01  2.21E+01  2.06E-02  0.00E+00  0.00E+00  0.00E+00  0.00E+00  5.85E-06


          ***CONVERGENCE CRITERION   IS SATISFIED***

          ==> TIME STEP    64   TIME :  6.4000E-03 SEC
     1  5.64E-06  2.35E-06  1.07E-06  1.00E+00  0.00E+00              7.93E+01  2.21E+01  2.06E-02  0.00E+00  0.00E+00  0.00E+00  0.00E+00  5.64E-06


          ***CONVERGENCE CRITERION   IS SATISFIED***

          ==> TIME STEP    65   TIME :  6.5000E-03 SEC
     1  5.45E-06  2.27E-06  1.03E-06  1.00E+00  0.00E+00              7.92E+01  2.21E+01  2.06E-02  0.00E+00  0.00E+00  0.00E+00  0.00E+00  5.45E-06


          ***CONVERGENCE CRITERION   IS SATISFIED***

          ==> TIME STEP    66   TIME :  6.6000E-03 SEC
     1  5.27E-06  2.19E-06  9.91E-07  1.00E+00  0.00E+00              7.92E+01  2.21E+01  2.07E-02  0.00E+00  0.00E+00  0.00E+00  0.00E+00  5.27E-06


          ***CONVERGENCE CRITERION   IS SATISFIED***

          ==> TIME STEP    67   TIME :  6.7000E-03 SEC
     1  5.09E-06  2.12E-06  9.54E-07  1.00E+00  0.00E+00              7.92E+01  2.21E+01  2.07E-02  0.00E+00  0.00E+00  0.00E+00  0.00E+00  5.09E-06


          ***CONVERGENCE CRITERION   IS SATISFIED***

          ==> TIME STEP    68   TIME :  6.8000E-03 SEC
     1  4.93E-06  2.05E-06  9.19E-07  1.00E+00  0.00E+00              7.92E+01  2.21E+01  2.07E-02  0.00E+00  0.00E+00  0.00E+00  0.00E+00  4.93E-06


          ***CONVERGENCE CRITERION   IS SATISFIED***

          ==> TIME STEP    69   TIME :  6.9000E-03 SEC
     1  4.77E-06  1.98E-06  8.86E-07  1.00E+00  0.00E+00              7.92E+01  2.21E+01  2.08E-02  0.00E+00  0.00E+00  0.00E+00  0.00E+00  4.77E-06


          ***CONVERGENCE CRITERION   IS SATISFIED***

          ==> TIME STEP    70   TIME :  7.0000E-03 SEC
     1  4.62E-06  1.92E-06  8.54E-07  1.00E+00  0.00E+00              7.92E+01  2.21E+01  2.08E-02  0.00E+00  0.00E+00  0.00E+00  0.00E+00  4.62E-06


          ***CONVERGENCE CRITERION   IS SATISFIED***

          ==> TIME STEP    71   TIME :  7.1000E-03 SEC
     1  4.48E-06  1.86E-06  8.23E-07  1.00E+00  0.00E+00              7.92E+01  2.21E+01  2.08E-02  0.00E+00  0.00E+00  0.00E+00  0.00E+00  4.48E-06


          ***CONVERGENCE CRITERION   IS SATISFIED***

          ==> TIME STEP    72   TIME :  7.2000E-03 SEC
     1  4.34E-06  1.81E-06  7.94E-07  1.00E+00  0.00E+00              7.91E+01  2.21E+01  2.08E-02  0.00E+00  0.00E+00  0.00E+00  0.00E+00  4.34E-06


          ***CONVERGENCE CRITERION   IS SATISFIED***

          ==> TIME STEP    73   TIME :  7.3000E-03 SEC
     1  4.21E-06  1.75E-06  7.65E-07  1.00E+00  0.00E+00              7.91E+01  2.21E+01  2.08E-02  0.00E+00  0.00E+00  0.00E+00  0.00E+00  4.21E-06


          ***CONVERGENCE CRITERION   IS SATISFIED***

          ==> TIME STEP    74   TIME :  7.4000E-03 SEC
     1  4.09E-06  1.70E-06  7.39E-07  1.00E+00  0.00E+00              7.91E+01  2.21E+01  2.09E-02  0.00E+00  0.00E+00  0.00E+00  0.00E+00  4.09E-06


          ***CONVERGENCE CRITERION   IS SATISFIED***

          ==> TIME STEP    75   TIME :  7.5000E-03 SEC
     1  3.97E-06  1.65E-06  7.13E-07  1.00E+00  0.00E+00              7.91E+01  2.21E+01  2.09E-02  0.00E+00  0.00E+00  0.00E+00  0.00E+00  3.97E-06


          ***CONVERGENCE CRITERION   IS SATISFIED***

          ==> TIME STEP    76   TIME :  7.6000E-03 SEC
     1  3.86E-06  1.60E-06  6.89E-07  1.00E+00  0.00E+00              7.91E+01  2.21E+01  2.09E-02  0.00E+00  0.00E+00  0.00E+00  0.00E+00  3.86E-06


          ***CONVERGENCE CRITERION   IS SATISFIED***

          ==> TIME STEP    77   TIME :  7.7000E-03 SEC
     1  3.75E-06  1.56E-06  6.65E-07  1.00E+00  0.00E+00              7.91E+01  2.21E+01  2.09E-02  0.00E+00  0.00E+00  0.00E+00  0.00E+00  3.75E-06


          ***CONVERGENCE CRITERION   IS SATISFIED***

          ==> TIME STEP    78   TIME :  7.8000E-03 SEC
     1  3.65E-06  1.52E-06  6.43E-07  1.00E+00  0.00E+00              7.91E+01  2.21E+01  2.09E-02  0.00E+00  0.00E+00  0.00E+00  0.00E+00  3.65E-06


          ***CONVERGENCE CRITERION   IS SATISFIED***

          ==> TIME STEP    79   TIME :  7.9000E-03 SEC
     1  3.55E-06  1.47E-06  6.22E-07  1.00E+00  0.00E+00              7.91E+01  2.21E+01  2.09E-02  0.00E+00  0.00E+00  0.00E+00  0.00E+00  3.55E-06


          ***CONVERGENCE CRITERION   IS SATISFIED***

          ==> TIME STEP    80   TIME :  8.0000E-03 SEC
     1  3.45E-06  1.44E-06  6.02E-07  1.00E+00  0.00E+00              7.90E+01  2.21E+01  2.09E-02  0.00E+00  0.00E+00  0.00E+00  0.00E+00  3.45E-06


          ***CONVERGENCE CRITERION   IS SATISFIED***

          WRITE RESULTS OF CALCULATIONS IN FILE 

                         PREPARE RESULTS OF CALCULATION FOR RESTART
                         ******************************************
                          WRITE RESULTS IN FILE :REST.0                                                                                                                                                                                                                                                          

          ==> TIME STEP    81   TIME :  8.1000E-03 SEC
     1  3.36E-06  1.40E-06  5.83E-07  1.00E+00  0.00E+00              7.90E+01  2.21E+01  2.09E-02  0.00E+00  0.00E+00  0.00E+00  0.00E+00  3.36E-06


          ***CONVERGENCE CRITERION   IS SATISFIED***

          ==> TIME STEP    82   TIME :  8.2000E-03 SEC
     1  3.28E-06  1.36E-06  5.64E-07  1.00E+00  0.00E+00              7.90E+01  2.21E+01  2.09E-02  0.00E+00  0.00E+00  0.00E+00  0.00E+00  3.28E-06


          ***CONVERGENCE CRITERION   IS SATISFIED***

          ==> TIME STEP    83   TIME :  8.3000E-03 SEC
     1  3.20E-06  1.33E-06  5.47E-07  1.00E+00  0.00E+00              7.90E+01  2.21E+01  2.09E-02  0.00E+00  0.00E+00  0.00E+00  0.00E+00  3.20E-06


          ***CONVERGENCE CRITERION   IS SATISFIED***

          ==> TIME STEP    84   TIME :  8.4000E-03 SEC
     1  3.12E-06  1.29E-06  5.30E-07  1.00E+00  0.00E+00              7.90E+01  2.21E+01  2.09E-02  0.00E+00  0.00E+00  0.00E+00  0.00E+00  3.12E-06


          ***CONVERGENCE CRITERION   IS SATISFIED***

          ==> TIME STEP    85   TIME :  8.5000E-03 SEC
     1  3.04E-06  1.26E-06  5.15E-07  1.00E+00  0.00E+00              7.90E+01  2.21E+01  2.09E-02  0.00E+00  0.00E+00  0.00E+00  0.00E+00  3.04E-06


          ***CONVERGENCE CRITERION   IS SATISFIED***

          ==> TIME STEP    86   TIME :  8.6000E-03 SEC
     1  2.97E-06  1.23E-06  5.00E-07  1.00E+00  0.00E+00              7.90E+01  2.21E+01  2.09E-02  0.00E+00  0.00E+00  0.00E+00  0.00E+00  2.97E-06


          ***CONVERGENCE CRITERION   IS SATISFIED***

          ==> TIME STEP    87   TIME :  8.7000E-03 SEC
     1  2.90E-06  1.20E-06  4.85E-07  1.00E+00  0.00E+00              7.90E+01  2.21E+01  2.09E-02  0.00E+00  0.00E+00  0.00E+00  0.00E+00  2.90E-06


          ***CONVERGENCE CRITERION   IS SATISFIED***

          ==> TIME STEP    88   TIME :  8.8000E-03 SEC
     1  2.83E-06  1.17E-06  4.72E-07  1.00E+00  0.00E+00              7.90E+01  2.20E+01  2.09E-02  0.00E+00  0.00E+00  0.00E+00  0.00E+00  2.83E-06


          ***CONVERGENCE CRITERION   IS SATISFIED***

          ==> TIME STEP    89   TIME :  8.9000E-03 SEC
     1  2.76E-06  1.15E-06  4.59E-07  1.00E+00  0.00E+00              7.90E+01  2.20E+01  2.09E-02  0.00E+00  0.00E+00  0.00E+00  0.00E+00  2.76E-06


          ***CONVERGENCE CRITERION   IS SATISFIED***

          ==> TIME STEP    90   TIME :  9.0000E-03 SEC
     1  2.70E-06  1.12E-06  4.47E-07  1.00E+00  0.00E+00              7.90E+01  2.20E+01  2.09E-02  0.00E+00  0.00E+00  0.00E+00  0.00E+00  2.70E-06


          ***CONVERGENCE CRITERION   IS SATISFIED***

          ==> TIME STEP    91   TIME :  9.1000E-03 SEC
     1  2.64E-06  1.10E-06  4.35E-07  1.00E+00  0.00E+00              7.89E+01  2.20E+01  2.09E-02  0.00E+00  0.00E+00  0.00E+00  0.00E+00  2.64E-06


          ***CONVERGENCE CRITERION   IS SATISFIED***

          ==> TIME STEP    92   TIME :  9.2000E-03 SEC
     1  2.58E-06  1.07E-06  4.24E-07  1.00E+00  0.00E+00              7.89E+01  2.20E+01  2.09E-02  0.00E+00  0.00E+00  0.00E+00  0.00E+00  2.58E-06


          ***CONVERGENCE CRITERION   IS SATISFIED***

          ==> TIME STEP    93   TIME :  9.3000E-03 SEC
     1  2.52E-06  1.05E-06  4.13E-07  1.00E+00  0.00E+00              7.89E+01  2.20E+01  2.09E-02  0.00E+00  0.00E+00  0.00E+00  0.00E+00  2.52E-06


          ***CONVERGENCE CRITERION   IS SATISFIED***

          ==> TIME STEP    94   TIME :  9.4000E-03 SEC
     1  2.47E-06  1.02E-06  4.03E-07  1.00E+00  0.00E+00              7.89E+01  2.20E+01  2.09E-02  0.00E+00  0.00E+00  0.00E+00  0.00E+00  2.47E-06


          ***CONVERGENCE CRITERION   IS SATISFIED***

          ==> TIME STEP    95   TIME :  9.5000E-03 SEC
     1  2.41E-06  1.00E-06  3.93E-07  1.00E+00  0.00E+00              7.89E+01  2.20E+01  2.09E-02  0.00E+00  0.00E+00  0.00E+00  0.00E+00  2.41E-06


          ***CONVERGENCE CRITERION   IS SATISFIED***

          ==> TIME STEP    96   TIME :  9.6000E-03 SEC
     1  2.36E-06  9.80E-07  3.84E-07  1.00E+00  0.00E+00              7.89E+01  2.20E+01  2.09E-02  0.00E+00  0.00E+00  0.00E+00  0.00E+00  2.36E-06


          ***CONVERGENCE CRITERION   IS SATISFIED***

          ==> TIME STEP    97   TIME :  9.7000E-03 SEC
     1  2.31E-06  9.59E-07  3.75E-07  1.00E+00  0.00E+00              7.89E+01  2.20E+01  2.09E-02  0.00E+00  0.00E+00  0.00E+00  0.00E+00  2.31E-06


          ***CONVERGENCE CRITERION   IS SATISFIED***

          ==> TIME STEP    98   TIME :  9.8000E-03 SEC
     1  2.26E-06  9.39E-07  3.67E-07  1.00E+00  0.00E+00              7.89E+01  2.20E+01  2.09E-02  0.00E+00  0.00E+00  0.00E+00  0.00E+00  2.26E-06


          ***CONVERGENCE CRITERION   IS SATISFIED***

          ==> TIME STEP    99   TIME :  9.9000E-03 SEC
     1  2.21E-06  9.19E-07  3.58E-07  1.00E+00  0.00E+00              7.89E+01  2.20E+01  2.09E-02  0.00E+00  0.00E+00  0.00E+00  0.00E+00  2.21E-06


          ***CONVERGENCE CRITERION   IS SATISFIED***

          ==> TIME STEP   100   TIME :  1.0000E-02 SEC
     1  2.17E-06  9.00E-07  3.51E-07  1.00E+00  0.00E+00              7.89E+01  2.20E+01  2.09E-02  0.00E+00  0.00E+00  0.00E+00  0.00E+00  2.17E-06


          ***CONVERGENCE CRITERION   IS SATISFIED***

          WRITE RESULTS OF CALCULATIONS IN FILE 

                         PREPARE RESULTS OF CALCULATION FOR RESTART
                         ******************************************
                          WRITE RESULTS IN FILE :REST.0                                                                                                                                                                                                                                                          

          ==> TIME STEP   101   TIME :  1.0100E-02 SEC
     1  2.12E-06  8.81E-07  3.43E-07  1.00E+00  0.00E+00              7.89E+01  2.20E+01  2.08E-02  0.00E+00  0.00E+00  0.00E+00  0.00E+00  2.12E-06


          ***CONVERGENCE CRITERION   IS SATISFIED***

          ==> TIME STEP   102   TIME :  1.0200E-02 SEC
     1  2.08E-06  8.63E-07  3.36E-07  1.00E+00  0.00E+00              7.89E+01  2.20E+01  2.08E-02  0.00E+00  0.00E+00  0.00E+00  0.00E+00  2.08E-06


          ***CONVERGENCE CRITERION   IS SATISFIED***

          ==> TIME STEP   103   TIME :  1.0300E-02 SEC
     1  2.04E-06  8.46E-07  3.29E-07  1.00E+00  0.00E+00              7.89E+01  2.20E+01  2.08E-02  0.00E+00  0.00E+00  0.00E+00  0.00E+00  2.04E-06


          ***CONVERGENCE CRITERION   IS SATISFIED***

          ==> TIME STEP   104   TIME :  1.0400E-02 SEC
     1  1.99E-06  8.28E-07  3.22E-07  1.00E+00  0.00E+00              7.89E+01  2.20E+01  2.08E-02  0.00E+00  0.00E+00  0.00E+00  0.00E+00  1.99E-06


          ***CONVERGENCE CRITERION   IS SATISFIED***

          ==> TIME STEP   105   TIME :  1.0500E-02 SEC
     1  1.95E-06  8.11E-07  3.16E-07  1.00E+00  0.00E+00              7.89E+01  2.20E+01  2.08E-02  0.00E+00  0.00E+00  0.00E+00  0.00E+00  1.95E-06


          ***CONVERGENCE CRITERION   IS SATISFIED***

          ==> TIME STEP   106   TIME :  1.0600E-02 SEC
     1  1.91E-06  7.95E-07  3.10E-07  1.00E+00  0.00E+00              7.88E+01  2.20E+01  2.08E-02  0.00E+00  0.00E+00  0.00E+00  0.00E+00  1.91E-06


          ***CONVERGENCE CRITERION   IS SATISFIED***

          ==> TIME STEP   107   TIME :  1.0700E-02 SEC
     1  1.88E-06  7.79E-07  3.04E-07  1.00E+00  0.00E+00              7.88E+01  2.20E+01  2.08E-02  0.00E+00  0.00E+00  0.00E+00  0.00E+00  1.88E-06


          ***CONVERGENCE CRITERION   IS SATISFIED***

          ==> TIME STEP   108   TIME :  1.0800E-02 SEC
     1  1.84E-06  7.64E-07  2.98E-07  1.00E+00  0.00E+00              7.88E+01  2.20E+01  2.08E-02  0.00E+00  0.00E+00  0.00E+00  0.00E+00  1.84E-06


          ***CONVERGENCE CRITERION   IS SATISFIED***

          ==> TIME STEP   109   TIME :  1.0900E-02 SEC
     1  1.80E-06  7.48E-07  2.92E-07  1.00E+00  0.00E+00              7.88E+01  2.20E+01  2.08E-02  0.00E+00  0.00E+00  0.00E+00  0.00E+00  1.80E-06


          ***CONVERGENCE CRITERION   IS SATISFIED***

          ==> TIME STEP   110   TIME :  1.1000E-02 SEC
     1  1.77E-06  7.34E-07  2.87E-07  1.00E+00  0.00E+00              7.88E+01  2.20E+01  2.07E-02  0.00E+00  0.00E+00  0.00E+00  0.00E+00  1.77E-06


          ***CONVERGENCE CRITERION   IS SATISFIED***

          ==> TIME STEP   111   TIME :  1.1100E-02 SEC
     1  1.73E-06  7.19E-07  2.81E-07  1.00E+00  0.00E+00              7.88E+01  2.20E+01  2.07E-02  0.00E+00  0.00E+00  0.00E+00  0.00E+00  1.73E-06


          ***CONVERGENCE CRITERION   IS SATISFIED***

          ==> TIME STEP   112   TIME :  1.1200E-02 SEC
     1  1.70E-06  7.05E-07  2.76E-07  1.00E+00  0.00E+00              7.88E+01  2.20E+01  2.07E-02  0.00E+00  0.00E+00  0.00E+00  0.00E+00  1.70E-06


          ***CONVERGENCE CRITERION   IS SATISFIED***

          ==> TIME STEP   113   TIME :  1.1300E-02 SEC
     1  1.66E-06  6.91E-07  2.71E-07  1.00E+00  0.00E+00              7.88E+01  2.20E+01  2.07E-02  0.00E+00  0.00E+00  0.00E+00  0.00E+00  1.66E-06


          ***CONVERGENCE CRITERION   IS SATISFIED***

          ==> TIME STEP   114   TIME :  1.1400E-02 SEC
     1  1.63E-06  6.78E-07  2.66E-07  1.00E+00  0.00E+00              7.88E+01  2.20E+01  2.07E-02  0.00E+00  0.00E+00  0.00E+00  0.00E+00  1.63E-06


          ***CONVERGENCE CRITERION   IS SATISFIED***

          ==> TIME STEP   115   TIME :  1.1500E-02 SEC
     1  1.60E-06  6.65E-07  2.62E-07  1.00E+00  0.00E+00              7.88E+01  2.20E+01  2.07E-02  0.00E+00  0.00E+00  0.00E+00  0.00E+00  1.60E-06


          ***CONVERGENCE CRITERION   IS SATISFIED***

          ==> TIME STEP   116   TIME :  1.1600E-02 SEC
     1  1.57E-06  6.52E-07  2.57E-07  1.00E+00  0.00E+00              7.88E+01  2.20E+01  2.07E-02  0.00E+00  0.00E+00  0.00E+00  0.00E+00  1.57E-06


          ***CONVERGENCE CRITERION   IS SATISFIED***

          ==> TIME STEP   117   TIME :  1.1700E-02 SEC
     1  1.54E-06  6.39E-07  2.52E-07  1.00E+00  0.00E+00              7.88E+01  2.20E+01  2.07E-02  0.00E+00  0.00E+00  0.00E+00  0.00E+00  1.54E-06


          ***CONVERGENCE CRITERION   IS SATISFIED***

          ==> TIME STEP   118   TIME :  1.1800E-02 SEC
     1  1.51E-06  6.27E-07  2.48E-07  1.00E+00  0.00E+00              7.88E+01  2.20E+01  2.06E-02  0.00E+00  0.00E+00  0.00E+00  0.00E+00  1.51E-06


          ***CONVERGENCE CRITERION   IS SATISFIED***

          ==> TIME STEP   119   TIME :  1.1900E-02 SEC
     1  1.48E-06  6.15E-07  2.44E-07  1.00E+00  0.00E+00              7.88E+01  2.20E+01  2.06E-02  0.00E+00  0.00E+00  0.00E+00  0.00E+00  1.48E-06


          ***CONVERGENCE CRITERION   IS SATISFIED***

          ==> TIME STEP   120   TIME :  1.2000E-02 SEC
     1  1.45E-06  6.03E-07  2.40E-07  1.00E+00  0.00E+00              7.88E+01  2.20E+01  2.06E-02  0.00E+00  0.00E+00  0.00E+00  0.00E+00  1.45E-06


          ***CONVERGENCE CRITERION   IS SATISFIED***

          WRITE RESULTS OF CALCULATIONS IN FILE 

                         PREPARE RESULTS OF CALCULATION FOR RESTART
                         ******************************************
                          WRITE RESULTS IN FILE :REST.0                                                                                                                                                                                                                                                          

          ==> TIME STEP   121   TIME :  1.2100E-02 SEC
     1  1.42E-06  5.91E-07  2.36E-07  1.00E+00  0.00E+00              7.88E+01  2.20E+01  2.06E-02  0.00E+00  0.00E+00  0.00E+00  0.00E+00  1.42E-06


          ***CONVERGENCE CRITERION   IS SATISFIED***

          ==> TIME STEP   122   TIME :  1.2200E-02 SEC
     1  1.40E-06  5.80E-07  2.31E-07  1.00E+00  0.00E+00              7.88E+01  2.20E+01  2.06E-02  0.00E+00  0.00E+00  0.00E+00  0.00E+00  1.40E-06


          ***CONVERGENCE CRITERION   IS SATISFIED***

          ==> TIME STEP   123   TIME :  1.2300E-02 SEC
     1  1.37E-06  5.69E-07  2.28E-07  1.00E+00  0.00E+00              7.88E+01  2.20E+01  2.06E-02  0.00E+00  0.00E+00  0.00E+00  0.00E+00  1.37E-06


          ***CONVERGENCE CRITERION   IS SATISFIED***

          ==> TIME STEP   124   TIME :  1.2400E-02 SEC
     1  1.34E-06  5.58E-07  2.24E-07  1.00E+00  0.00E+00              7.88E+01  2.20E+01  2.06E-02  0.00E+00  0.00E+00  0.00E+00  0.00E+00  1.34E-06


          ***CONVERGENCE CRITERION   IS SATISFIED***

          ==> TIME STEP   125   TIME :  1.2500E-02 SEC
     1  1.32E-06  5.47E-07  2.20E-07  1.00E+00  0.00E+00              7.88E+01  2.20E+01  2.06E-02  0.00E+00  0.00E+00  0.00E+00  0.00E+00  1.32E-06


          ***CONVERGENCE CRITERION   IS SATISFIED***

          ==> TIME STEP   126   TIME :  1.2600E-02 SEC
     1  1.29E-06  5.37E-07  2.16E-07  1.00E+00  0.00E+00              7.87E+01  2.20E+01  2.06E-02  0.00E+00  0.00E+00  0.00E+00  0.00E+00  1.29E-06


          ***CONVERGENCE CRITERION   IS SATISFIED***

          ==> TIME STEP   127   TIME :  1.2700E-02 SEC
     1  1.27E-06  5.27E-07  2.13E-07  1.00E+00  0.00E+00              7.87E+01  2.20E+01  2.05E-02  0.00E+00  0.00E+00  0.00E+00  0.00E+00  1.27E-06


          ***CONVERGENCE CRITERION   IS SATISFIED***

          ==> TIME STEP   128   TIME :  1.2800E-02 SEC
     1  1.24E-06  5.17E-07  2.09E-07  1.00E+00  0.00E+00              7.87E+01  2.20E+01  2.05E-02  0.00E+00  0.00E+00  0.00E+00  0.00E+00  1.24E-06


          ***CONVERGENCE CRITERION   IS SATISFIED***

          ==> TIME STEP   129   TIME :  1.2900E-02 SEC
     1  1.22E-06  5.07E-07  2.06E-07  1.00E+00  0.00E+00              7.87E+01  2.20E+01  2.05E-02  0.00E+00  0.00E+00  0.00E+00  0.00E+00  1.22E-06


          ***CONVERGENCE CRITERION   IS SATISFIED***

          ==> TIME STEP   130   TIME :  1.3000E-02 SEC
     1  1.20E-06  4.98E-07  2.02E-07  1.00E+00  0.00E+00              7.87E+01  2.20E+01  2.05E-02  0.00E+00  0.00E+00  0.00E+00  0.00E+00  1.20E-06


          ***CONVERGENCE CRITERION   IS SATISFIED***

          ==> TIME STEP   131   TIME :  1.3100E-02 SEC
     1  1.18E-06  4.88E-07  1.99E-07  1.00E+00  0.00E+00              7.87E+01  2.20E+01  2.05E-02  0.00E+00  0.00E+00  0.00E+00  0.00E+00  1.18E-06


          ***CONVERGENCE CRITERION   IS SATISFIED***

          ==> TIME STEP   132   TIME :  1.3200E-02 SEC
     1  1.15E-06  4.79E-07  1.95E-07  1.00E+00  0.00E+00              7.87E+01  2.20E+01  2.05E-02  0.00E+00  0.00E+00  0.00E+00  0.00E+00  1.15E-06


          ***CONVERGENCE CRITERION   IS SATISFIED***

          ==> TIME STEP   133   TIME :  1.3300E-02 SEC
     1  1.13E-06  4.70E-07  1.92E-07  1.00E+00  0.00E+00              7.87E+01  2.20E+01  2.05E-02  0.00E+00  0.00E+00  0.00E+00  0.00E+00  1.13E-06


          ***CONVERGENCE CRITERION   IS SATISFIED***

          ==> TIME STEP   134   TIME :  1.3400E-02 SEC
     1  1.11E-06  4.61E-07  1.89E-07  1.00E+00  0.00E+00              7.87E+01  2.20E+01  2.05E-02  0.00E+00  0.00E+00  0.00E+00  0.00E+00  1.11E-06


          ***CONVERGENCE CRITERION   IS SATISFIED***

          ==> TIME STEP   135   TIME :  1.3500E-02 SEC
     1  1.09E-06  4.53E-07  1.86E-07  1.00E+00  0.00E+00              7.87E+01  2.20E+01  2.05E-02  0.00E+00  0.00E+00  0.00E+00  0.00E+00  1.09E-06


          ***CONVERGENCE CRITERION   IS SATISFIED***

          ==> TIME STEP   136   TIME :  1.3600E-02 SEC
     1  1.07E-06  4.44E-07  1.83E-07  1.00E+00  0.00E+00              7.87E+01  2.20E+01  2.05E-02  0.00E+00  0.00E+00  0.00E+00  0.00E+00  1.07E-06


          ***CONVERGENCE CRITERION   IS SATISFIED***

          ==> TIME STEP   137   TIME :  1.3700E-02 SEC
     1  1.05E-06  4.36E-07  1.80E-07  1.00E+00  0.00E+00              7.87E+01  2.20E+01  2.04E-02  0.00E+00  0.00E+00  0.00E+00  0.00E+00  1.05E-06


          ***CONVERGENCE CRITERION   IS SATISFIED***

          ==> TIME STEP   138   TIME :  1.3800E-02 SEC
     1  1.03E-06  4.28E-07  1.76E-07  1.00E+00  0.00E+00              7.87E+01  2.20E+01  2.04E-02  0.00E+00  0.00E+00  0.00E+00  0.00E+00  1.03E-06


          ***CONVERGENCE CRITERION   IS SATISFIED***

          ==> TIME STEP   139   TIME :  1.3900E-02 SEC
     1  1.01E-06  4.20E-07  1.73E-07  1.00E+00  0.00E+00              7.87E+01  2.20E+01  2.04E-02  0.00E+00  0.00E+00  0.00E+00  0.00E+00  1.01E-06


          ***CONVERGENCE CRITERION   IS SATISFIED***

          ==> TIME STEP   140   TIME :  1.4000E-02 SEC
     1  9.92E-07  4.12E-07  1.71E-07  1.00E+00  0.00E+00              7.87E+01  2.20E+01  2.04E-02  0.00E+00  0.00E+00  0.00E+00  0.00E+00  9.92E-07


          ***CONVERGENCE CRITERION   IS SATISFIED***

          WRITE RESULTS OF CALCULATIONS IN FILE 

                         PREPARE RESULTS OF CALCULATION FOR RESTART
                         ******************************************
                          WRITE RESULTS IN FILE :REST.0                                                                                                                                                                                                                                                          

          ==> TIME STEP   141   TIME :  1.4100E-02 SEC
     1  9.73E-07  4.04E-07  1.68E-07  1.00E+00  0.00E+00              7.87E+01  2.20E+01  2.04E-02  0.00E+00  0.00E+00  0.00E+00  0.00E+00  9.73E-07


          ***CONVERGENCE CRITERION   IS SATISFIED***

          ==> TIME STEP   142   TIME :  1.4200E-02 SEC
     1  9.55E-07  3.97E-07  1.65E-07  1.00E+00  0.00E+00              7.87E+01  2.20E+01  2.04E-02  0.00E+00  0.00E+00  0.00E+00  0.00E+00  9.55E-07


          ***CONVERGENCE CRITERION   IS SATISFIED***

          ==> TIME STEP   143   TIME :  1.4300E-02 SEC
     1  9.37E-07  3.89E-07  1.62E-07  1.00E+00  0.00E+00              7.87E+01  2.20E+01  2.04E-02  0.00E+00  0.00E+00  0.00E+00  0.00E+00  9.37E-07


          ***CONVERGENCE CRITERION   IS SATISFIED***

          ==> TIME STEP   144   TIME :  1.4400E-02 SEC
     1  9.20E-07  3.82E-07  1.59E-07  1.00E+00  0.00E+00              7.87E+01  2.20E+01  2.04E-02  0.00E+00  0.00E+00  0.00E+00  0.00E+00  9.20E-07


          ***CONVERGENCE CRITERION   IS SATISFIED***

          ==> TIME STEP   145   TIME :  1.4500E-02 SEC
     1  9.03E-07  3.75E-07  1.57E-07  1.00E+00  0.00E+00              7.87E+01  2.20E+01  2.04E-02  0.00E+00  0.00E+00  0.00E+00  0.00E+00  9.03E-07


          ***CONVERGENCE CRITERION   IS SATISFIED***

          ==> TIME STEP   146   TIME :  1.4600E-02 SEC
     1  8.86E-07  3.68E-07  1.54E-07  1.00E+00  0.00E+00              7.87E+01  2.20E+01  2.04E-02  0.00E+00  0.00E+00  0.00E+00  0.00E+00  8.86E-07


          ***CONVERGENCE CRITERION   IS SATISFIED***

          ==> TIME STEP   147   TIME :  1.4700E-02 SEC
     1  8.69E-07  3.61E-07  1.52E-07  1.00E+00  0.00E+00              7.87E+01  2.20E+01  2.04E-02  0.00E+00  0.00E+00  0.00E+00  0.00E+00  8.69E-07


          ***CONVERGENCE CRITERION   IS SATISFIED***

          ==> TIME STEP   148   TIME :  1.4800E-02 SEC
     1  8.53E-07  3.55E-07  1.49E-07  1.00E+00  0.00E+00              7.87E+01  2.20E+01  2.04E-02  0.00E+00  0.00E+00  0.00E+00  0.00E+00  8.53E-07


          ***CONVERGENCE CRITERION   IS SATISFIED***

          ==> TIME STEP   149   TIME :  1.4900E-02 SEC
     1  8.38E-07  3.48E-07  1.46E-07  1.00E+00  0.00E+00              7.87E+01  2.20E+01  2.04E-02  0.00E+00  0.00E+00  0.00E+00  0.00E+00  8.38E-07


          ***CONVERGENCE CRITERION   IS SATISFIED***

          ==> TIME STEP   150   TIME :  1.5000E-02 SEC
     1  8.22E-07  3.42E-07  1.44E-07  1.00E+00  0.00E+00              7.87E+01  2.20E+01  2.04E-02  0.00E+00  0.00E+00  0.00E+00  0.00E+00  8.22E-07


          ***CONVERGENCE CRITERION   IS SATISFIED***

          ==> TIME STEP   151   TIME :  1.5100E-02 SEC
     1  8.07E-07  3.35E-07  1.42E-07  1.00E+00  0.00E+00              7.87E+01  2.20E+01  2.04E-02  0.00E+00  0.00E+00  0.00E+00  0.00E+00  8.07E-07


          ***CONVERGENCE CRITERION   IS SATISFIED***

          ==> TIME STEP   152   TIME :  1.5200E-02 SEC
     1  7.92E-07  3.29E-07  1.39E-07  1.00E+00  0.00E+00              7.87E+01  2.20E+01  2.03E-02  0.00E+00  0.00E+00  0.00E+00  0.00E+00  7.92E-07


          ***CONVERGENCE CRITERION   IS SATISFIED***

          ==> TIME STEP   153   TIME :  1.5300E-02 SEC
     1  7.77E-07  3.23E-07  1.37E-07  1.00E+00  0.00E+00              7.87E+01  2.20E+01  2.03E-02  0.00E+00  0.00E+00  0.00E+00  0.00E+00  7.77E-07


          ***CONVERGENCE CRITERION   IS SATISFIED***

          ==> TIME STEP   154   TIME :  1.5400E-02 SEC
     1  7.63E-07  3.17E-07  1.35E-07  1.00E+00  0.00E+00              7.87E+01  2.20E+01  2.03E-02  0.00E+00  0.00E+00  0.00E+00  0.00E+00  7.63E-07


          ***CONVERGENCE CRITERION   IS SATISFIED***

          ==> TIME STEP   155   TIME :  1.5500E-02 SEC
     1  7.49E-07  3.12E-07  1.32E-07  1.00E+00  0.00E+00              7.87E+01  2.20E+01  2.03E-02  0.00E+00  0.00E+00  0.00E+00  0.00E+00  7.49E-07


          ***CONVERGENCE CRITERION   IS SATISFIED***

          ==> TIME STEP   156   TIME :  1.5600E-02 SEC
     1  7.35E-07  3.06E-07  1.30E-07  1.00E+00  0.00E+00              7.87E+01  2.20E+01  2.03E-02  0.00E+00  0.00E+00  0.00E+00  0.00E+00  7.35E-07


          ***CONVERGENCE CRITERION   IS SATISFIED***

          ==> TIME STEP   157   TIME :  1.5700E-02 SEC
     1  7.22E-07  3.00E-07  1.28E-07  1.00E+00  0.00E+00              7.87E+01  2.20E+01  2.03E-02  0.00E+00  0.00E+00  0.00E+00  0.00E+00  7.22E-07


          ***CONVERGENCE CRITERION   IS SATISFIED***

          ==> TIME STEP   158   TIME :  1.5800E-02 SEC
     1  7.08E-07  2.95E-07  1.26E-07  1.00E+00  0.00E+00              7.87E+01  2.20E+01  2.03E-02  0.00E+00  0.00E+00  0.00E+00  0.00E+00  7.08E-07


          ***CONVERGENCE CRITERION   IS SATISFIED***

          ==> TIME STEP   159   TIME :  1.5900E-02 SEC
     1  6.95E-07  2.90E-07  1.24E-07  1.00E+00  0.00E+00              7.87E+01  2.20E+01  2.03E-02  0.00E+00  0.00E+00  0.00E+00  0.00E+00  6.95E-07


          ***CONVERGENCE CRITERION   IS SATISFIED***

          ==> TIME STEP   160   TIME :  1.6000E-02 SEC
     1  6.83E-07  2.84E-07  1.22E-07  1.00E+00  0.00E+00              7.87E+01  2.20E+01  2.03E-02  0.00E+00  0.00E+00  0.00E+00  0.00E+00  6.83E-07


          ***CONVERGENCE CRITERION   IS SATISFIED***

          WRITE RESULTS OF CALCULATIONS IN FILE 

                         PREPARE RESULTS OF CALCULATION FOR RESTART
                         ******************************************
                          WRITE RESULTS IN FILE :REST.0                                                                                                                                                                                                                                                          

          ==> TIME STEP   161   TIME :  1.6100E-02 SEC
     1  6.70E-07  2.79E-07  1.20E-07  1.00E+00  0.00E+00              7.87E+01  2.20E+01  2.03E-02  0.00E+00  0.00E+00  0.00E+00  0.00E+00  6.70E-07


          ***CONVERGENCE CRITERION   IS SATISFIED***

          ==> TIME STEP   162   TIME :  1.6200E-02 SEC
     1  6.58E-07  6.19E-06  1.18E-07  1.00E+00  0.00E+00              7.87E+01  2.20E+01  2.03E-02  0.00E+00  0.00E+00  0.00E+00  0.00E+00  6.19E-06


          ***CONVERGENCE CRITERION   IS SATISFIED***

          ==> TIME STEP   163   TIME :  1.6300E-02 SEC
     1  6.46E-07  6.08E-06  1.16E-07  1.00E+00  0.00E+00              7.87E+01  2.20E+01  2.03E-02  0.00E+00  0.00E+00  0.00E+00  0.00E+00  6.08E-06


          ***CONVERGENCE CRITERION   IS SATISFIED***

          ==> TIME STEP   164   TIME :  1.6400E-02 SEC
     1  6.34E-07  5.97E-06  1.14E-07  1.00E+00  0.00E+00              7.87E+01  2.20E+01  2.03E-02  0.00E+00  0.00E+00  0.00E+00  0.00E+00  5.97E-06


          ***CONVERGENCE CRITERION   IS SATISFIED***

          ==> TIME STEP   165   TIME :  1.6500E-02 SEC
     1  6.22E-07  5.87E-06  1.12E-07  1.00E+00  0.00E+00              7.87E+01  2.20E+01  2.03E-02  0.00E+00  0.00E+00  0.00E+00  0.00E+00  5.87E-06


          ***CONVERGENCE CRITERION   IS SATISFIED***

          ==> TIME STEP   166   TIME :  1.6600E-02 SEC
     1  6.11E-07  5.77E-06  1.11E-07  1.00E+00  0.00E+00              7.87E+01  2.20E+01  2.03E-02  0.00E+00  0.00E+00  0.00E+00  0.00E+00  5.77E-06


          ***CONVERGENCE CRITERION   IS SATISFIED***

          ==> TIME STEP   167   TIME :  1.6700E-02 SEC
     1  6.00E-07  5.66E-06  1.09E-07  1.00E+00  0.00E+00              7.87E+01  2.20E+01  2.03E-02  0.00E+00  0.00E+00  0.00E+00  0.00E+00  5.66E-06


          ***CONVERGENCE CRITERION   IS SATISFIED***

          ==> TIME STEP   168   TIME :  1.6800E-02 SEC
     1  5.89E-07  5.56E-06  1.07E-07  1.00E+00  0.00E+00              7.86E+01  2.20E+01  2.03E-02  0.00E+00  0.00E+00  0.00E+00  0.00E+00  5.56E-06


          ***CONVERGENCE CRITERION   IS SATISFIED***

          ==> TIME STEP   169   TIME :  1.6900E-02 SEC
     1  5.78E-07  5.47E-06  1.06E-07  1.00E+00  0.00E+00              7.86E+01  2.20E+01  2.03E-02  0.00E+00  0.00E+00  0.00E+00  0.00E+00  5.47E-06


          ***CONVERGENCE CRITERION   IS SATISFIED***

          ==> TIME STEP   170   TIME :  1.7000E-02 SEC
     1  5.68E-07  5.37E-06  1.04E-07  1.00E+00  0.00E+00              7.86E+01  2.20E+01  2.03E-02  0.00E+00  0.00E+00  0.00E+00  0.00E+00  5.37E-06


          ***CONVERGENCE CRITERION   IS SATISFIED***

          ==> TIME STEP   171   TIME :  1.7100E-02 SEC
     1  5.57E-07  5.28E-06  1.02E-07  1.00E+00  0.00E+00              7.86E+01  2.20E+01  2.03E-02  0.00E+00  0.00E+00  0.00E+00  0.00E+00  5.28E-06


          ***CONVERGENCE CRITERION   IS SATISFIED***

          ==> TIME STEP   172   TIME :  1.7200E-02 SEC
     1  5.47E-07  5.18E-06  1.01E-07  1.00E+00  0.00E+00              7.86E+01  2.20E+01  2.03E-02  0.00E+00  0.00E+00  0.00E+00  0.00E+00  5.18E-06


          ***CONVERGENCE CRITERION   IS SATISFIED***

          ==> TIME STEP   173   TIME :  1.7300E-02 SEC
     1  5.37E-07  5.09E-06  9.92E-08  1.00E+00  0.00E+00              7.86E+01  2.20E+01  2.03E-02  0.00E+00  0.00E+00  0.00E+00  0.00E+00  5.09E-06


          ***CONVERGENCE CRITERION   IS SATISFIED***

          ==> TIME STEP   174   TIME :  1.7400E-02 SEC
     1  5.28E-07  5.00E-06  9.77E-08  1.00E+00  0.00E+00              7.86E+01  2.20E+01  2.03E-02  0.00E+00  0.00E+00  0.00E+00  0.00E+00  5.00E-06


          ***CONVERGENCE CRITERION   IS SATISFIED***

          ==> TIME STEP   175   TIME :  1.7500E-02 SEC
     1  5.18E-07  4.92E-06  9.62E-08  1.00E+00  0.00E+00              7.86E+01  2.20E+01  2.03E-02  0.00E+00  0.00E+00  0.00E+00  0.00E+00  4.92E-06


          ***CONVERGENCE CRITERION   IS SATISFIED***

          ==> TIME STEP   176   TIME :  1.7600E-02 SEC
     1  5.09E-07  4.83E-06  9.47E-08  1.00E+00  0.00E+00              7.86E+01  2.20E+01  2.03E-02  0.00E+00  0.00E+00  0.00E+00  0.00E+00  4.83E-06


          ***CONVERGENCE CRITERION   IS SATISFIED***

          ==> TIME STEP   177   TIME :  1.7700E-02 SEC
     1  4.99E-07  4.75E-06  9.33E-08  1.00E+00  0.00E+00              7.86E+01  2.20E+01  2.03E-02  0.00E+00  0.00E+00  0.00E+00  0.00E+00  4.75E-06


          ***CONVERGENCE CRITERION   IS SATISFIED***

          ==> TIME STEP   178   TIME :  1.7800E-02 SEC
     1  4.90E-07  4.66E-06  9.18E-08  1.00E+00  0.00E+00              7.86E+01  2.20E+01  2.03E-02  0.00E+00  0.00E+00  0.00E+00  0.00E+00  4.66E-06


          ***CONVERGENCE CRITERION   IS SATISFIED***

          ==> TIME STEP   179   TIME :  1.7900E-02 SEC
     1  4.82E-07  4.58E-06  9.04E-08  1.00E+00  0.00E+00              7.86E+01  2.20E+01  2.03E-02  0.00E+00  0.00E+00  0.00E+00  0.00E+00  4.58E-06


          ***CONVERGENCE CRITERION   IS SATISFIED***

          ==> TIME STEP   180   TIME :  1.8000E-02 SEC
     1  4.73E-07  4.50E-06  8.90E-08  1.00E+00  0.00E+00              7.86E+01  2.20E+01  2.03E-02  0.00E+00  0.00E+00  0.00E+00  0.00E+00  4.50E-06


          ***CONVERGENCE CRITERION   IS SATISFIED***

          WRITE RESULTS OF CALCULATIONS IN FILE 

                         PREPARE RESULTS OF CALCULATION FOR RESTART
                         ******************************************
                          WRITE RESULTS IN FILE :REST.0                                                                                                                                                                                                                                                          

          ==> TIME STEP   181   TIME :  1.8100E-02 SEC
     1  4.64E-07  4.42E-06  8.76E-08  1.00E+00  0.00E+00              7.86E+01  2.20E+01  2.03E-02  0.00E+00  0.00E+00  0.00E+00  0.00E+00  4.42E-06


          ***CONVERGENCE CRITERION   IS SATISFIED***

          ==> TIME STEP   182   TIME :  1.8200E-02 SEC
     1  4.56E-07  4.35E-06  8.63E-08  1.00E+00  0.00E+00              7.86E+01  2.20E+01  2.03E-02  0.00E+00  0.00E+00  0.00E+00  0.00E+00  4.35E-06


          ***CONVERGENCE CRITERION   IS SATISFIED***

          ==> TIME STEP   183   TIME :  1.8300E-02 SEC
     1  1.07E-05  4.27E-06  8.50E-08  1.00E+00  0.00E+00              7.86E+01  2.20E+01  2.03E-02  0.00E+00  0.00E+00  0.00E+00  0.00E+00  1.07E-05
     2  6.63E-06  2.62E-06  6.02E-08  1.00E+00  0.00E+00              7.86E+01  2.20E+01  2.03E-02  0.00E+00  0.00E+00  0.00E+00  0.00E+00  6.63E-06


          ***CONVERGENCE CRITERION   IS SATISFIED***

          ==> TIME STEP   184   TIME :  1.8400E-02 SEC
     1  4.70E-07  4.46E-06  8.52E-08  1.00E+00  0.00E+00              7.86E+01  2.20E+01  2.03E-02  0.00E+00  0.00E+00  0.00E+00  0.00E+00  4.46E-06


          ***CONVERGENCE CRITERION   IS SATISFIED***

          ==> TIME STEP   185   TIME :  1.8500E-02 SEC
     1  1.03E-05  4.15E-06  8.35E-08  1.00E+00  0.00E+00              7.86E+01  2.20E+01  2.03E-02  0.00E+00  0.00E+00  0.00E+00  0.00E+00  1.03E-05
     2  6.41E-06  2.53E-06  5.79E-08  1.00E+00  0.00E+00              7.86E+01  2.20E+01  2.03E-02  0.00E+00  0.00E+00  0.00E+00  0.00E+00  6.41E-06


          ***CONVERGENCE CRITERION   IS SATISFIED***

          ==> TIME STEP   186   TIME :  1.8600E-02 SEC
     1  1.08E-05  4.27E-06  8.17E-08  1.00E+00  0.00E+00              7.86E+01  2.20E+01  2.03E-02  0.00E+00  0.00E+00  0.00E+00  0.00E+00  1.08E-05
     2  6.58E-06  2.60E-06  5.98E-08  1.00E+00  0.00E+00              7.86E+01  2.20E+01  2.03E-02  0.00E+00  0.00E+00  0.00E+00  0.00E+00  6.58E-06


          ***CONVERGENCE CRITERION   IS SATISFIED***

          ==> TIME STEP   187   TIME :  1.8700E-02 SEC
     1  1.06E-05  4.23E-06  8.07E-08  1.00E+00  0.00E+00              7.86E+01  2.20E+01  2.03E-02  0.00E+00  0.00E+00  0.00E+00  0.00E+00  1.06E-05
     2  6.47E-06  2.55E-06  5.86E-08  1.00E+00  0.00E+00              7.86E+01  2.20E+01  2.03E-02  0.00E+00  0.00E+00  0.00E+00  0.00E+00  6.47E-06


          ***CONVERGENCE CRITERION   IS SATISFIED***

          ==> TIME STEP   188   TIME :  1.8800E-02 SEC
     1  1.04E-05  4.13E-06  7.85E-08  1.00E+00  0.00E+00              7.86E+01  2.20E+01  2.04E-02  0.00E+00  0.00E+00  0.00E+00  0.00E+00  1.04E-05
     2  6.32E-06  2.49E-06  5.71E-08  1.00E+00  0.00E+00              7.86E+01  2.20E+01  2.04E-02  0.00E+00  0.00E+00  0.00E+00  0.00E+00  6.32E-06


          ***CONVERGENCE CRITERION   IS SATISFIED***

          ==> TIME STEP   189   TIME :  1.8900E-02 SEC
     1  1.01E-05  4.02E-06  7.63E-08  1.00E+00  0.00E+00              7.86E+01  2.20E+01  2.04E-02  0.00E+00  0.00E+00  0.00E+00  0.00E+00  1.01E-05
     2  6.16E-06  2.43E-06  5.56E-08  1.00E+00  0.00E+00              7.86E+01  2.20E+01  2.04E-02  0.00E+00  0.00E+00  0.00E+00  0.00E+00  6.16E-06


          ***CONVERGENCE CRITERION   IS SATISFIED***

          ==> TIME STEP   190   TIME :  1.9000E-02 SEC
     1  9.84E-06  3.91E-06  7.41E-08  1.00E+00  0.00E+00              7.86E+01  2.20E+01  2.04E-02  0.00E+00  0.00E+00  0.00E+00  0.00E+00  9.84E-06


          ***CONVERGENCE CRITERION   IS SATISFIED***

          ==> TIME STEP   191   TIME :  1.9100E-02 SEC
     1  8.95E-06  3.58E-06  7.14E-08  1.00E+00  0.00E+00              7.86E+01  2.20E+01  2.04E-02  0.00E+00  0.00E+00  0.00E+00  0.00E+00  8.95E-06


          ***CONVERGENCE CRITERION   IS SATISFIED***

          ==> TIME STEP   192   TIME :  1.9200E-02 SEC
     1  8.71E-06  3.46E-06  6.84E-08  1.00E+00  0.00E+00              7.86E+01  2.20E+01  2.04E-02  0.00E+00  0.00E+00  0.00E+00  0.00E+00  8.71E-06


          ***CONVERGENCE CRITERION   IS SATISFIED***

          ==> TIME STEP   193   TIME :  1.9300E-02 SEC
     1  8.55E-06  3.39E-06  6.74E-08  1.00E+00  0.00E+00              7.86E+01  2.20E+01  2.04E-02  0.00E+00  0.00E+00  0.00E+00  0.00E+00  8.55E-06


          ***CONVERGENCE CRITERION   IS SATISFIED***

          ==> TIME STEP   194   TIME :  1.9400E-02 SEC
     1  8.40E-06  3.34E-06  6.63E-08  1.00E+00  0.00E+00              7.86E+01  2.20E+01  2.04E-02  0.00E+00  0.00E+00  0.00E+00  0.00E+00  8.40E-06


          ***CONVERGENCE CRITERION   IS SATISFIED***

          ==> TIME STEP   195   TIME :  1.9500E-02 SEC
     1  8.26E-06  3.28E-06  6.52E-08  1.00E+00  0.00E+00              7.86E+01  2.20E+01  2.04E-02  0.00E+00  0.00E+00  0.00E+00  0.00E+00  8.26E-06


          ***CONVERGENCE CRITERION   IS SATISFIED***

          ==> TIME STEP   196   TIME :  1.9600E-02 SEC
     1  8.11E-06  3.22E-06  6.41E-08  1.00E+00  0.00E+00              7.86E+01  2.20E+01  2.04E-02  0.00E+00  0.00E+00  0.00E+00  0.00E+00  8.11E-06


          ***CONVERGENCE CRITERION   IS SATISFIED***

          ==> TIME STEP   197   TIME :  1.9700E-02 SEC
     1  7.97E-06  3.16E-06  6.31E-08  1.00E+00  0.00E+00              7.86E+01  2.20E+01  2.04E-02  0.00E+00  0.00E+00  0.00E+00  0.00E+00  7.97E-06


          ***CONVERGENCE CRITERION   IS SATISFIED***

          ==> TIME STEP   198   TIME :  1.9800E-02 SEC
     1  7.83E-06  3.11E-06  6.21E-08  1.00E+00  0.00E+00              7.86E+01  2.20E+01  2.04E-02  0.00E+00  0.00E+00  0.00E+00  0.00E+00  7.83E-06


          ***CONVERGENCE CRITERION   IS SATISFIED***

          ==> TIME STEP   199   TIME :  1.9900E-02 SEC
     1  7.70E-06  3.05E-06  6.11E-08  1.00E+00  0.00E+00              7.86E+01  2.20E+01  2.04E-02  0.00E+00  0.00E+00  0.00E+00  0.00E+00  7.70E-06


          ***CONVERGENCE CRITERION   IS SATISFIED***

          ==> TIME STEP   200   TIME :  2.0000E-02 SEC
     1  7.56E-06  3.00E-06  6.01E-08  1.00E+00  0.00E+00              7.86E+01  2.20E+01  2.04E-02  0.00E+00  0.00E+00  0.00E+00  0.00E+00  7.56E-06


          ***CONVERGENCE CRITERION   IS SATISFIED***

          WRITE RESULTS OF CALCULATIONS IN FILE 

                         PREPARE RESULTS OF CALCULATION FOR RESTART
                         ******************************************
                          WRITE RESULTS IN FILE :REST.0                                                                                                                                                                                                                                                          

          ==> TIME STEP   201   TIME :  2.0100E-02 SEC
     1  7.43E-06  2.94E-06  5.91E-08  1.00E+00  0.00E+00              7.86E+01  2.20E+01  2.04E-02  0.00E+00  0.00E+00  0.00E+00  0.00E+00  7.43E-06


          ***CONVERGENCE CRITERION   IS SATISFIED***

          ==> TIME STEP   202   TIME :  2.0200E-02 SEC
     1  7.30E-06  2.89E-06  5.81E-08  1.00E+00  0.00E+00              7.86E+01  2.20E+01  2.04E-02  0.00E+00  0.00E+00  0.00E+00  0.00E+00  7.30E-06


          ***CONVERGENCE CRITERION   IS SATISFIED***

          ==> TIME STEP   203   TIME :  2.0300E-02 SEC
     1  7.17E-06  2.84E-06  5.71E-08  1.00E+00  0.00E+00              7.86E+01  2.20E+01  2.04E-02  0.00E+00  0.00E+00  0.00E+00  0.00E+00  7.17E-06


          ***CONVERGENCE CRITERION   IS SATISFIED***

          ==> TIME STEP   204   TIME :  2.0400E-02 SEC
     1  7.05E-06  2.79E-06  5.62E-08  1.00E+00  0.00E+00              7.86E+01  2.20E+01  2.04E-02  0.00E+00  0.00E+00  0.00E+00  0.00E+00  7.05E-06


          ***CONVERGENCE CRITERION   IS SATISFIED***

          ==> TIME STEP   205   TIME :  2.0500E-02 SEC
     1  6.92E-06  2.74E-06  5.53E-08  1.00E+00  0.00E+00              7.86E+01  2.20E+01  2.04E-02  0.00E+00  0.00E+00  0.00E+00  0.00E+00  6.92E-06


          ***CONVERGENCE CRITERION   IS SATISFIED***

          ==> TIME STEP   206   TIME :  2.0600E-02 SEC
     1  6.80E-06  2.69E-06  5.44E-08  1.00E+00  0.00E+00              7.86E+01  2.20E+01  2.05E-02  0.00E+00  0.00E+00  0.00E+00  0.00E+00  6.80E-06


          ***CONVERGENCE CRITERION   IS SATISFIED***

          ==> TIME STEP   207   TIME :  2.0700E-02 SEC
     1  6.69E-06  2.64E-06  5.35E-08  1.00E+00  0.00E+00              7.86E+01  2.20E+01  2.05E-02  0.00E+00  0.00E+00  0.00E+00  0.00E+00  6.69E-06


          ***CONVERGENCE CRITERION   IS SATISFIED***

          ==> TIME STEP   208   TIME :  2.0800E-02 SEC
     1  6.57E-06  2.60E-06  5.26E-08  1.00E+00  0.00E+00              7.86E+01  2.20E+01  2.05E-02  0.00E+00  0.00E+00  0.00E+00  0.00E+00  6.57E-06


          ***CONVERGENCE CRITERION   IS SATISFIED***

          ==> TIME STEP   209   TIME :  2.0900E-02 SEC
     1  6.46E-06  2.55E-06  5.17E-08  1.00E+00  0.00E+00              7.86E+01  2.20E+01  2.05E-02  0.00E+00  0.00E+00  0.00E+00  0.00E+00  6.46E-06


          ***CONVERGENCE CRITERION   IS SATISFIED***

          ==> TIME STEP   210   TIME :  2.1000E-02 SEC
     1  6.34E-06  2.50E-06  5.09E-08  1.00E+00  0.00E+00              7.86E+01  2.20E+01  2.05E-02  0.00E+00  0.00E+00  0.00E+00  0.00E+00  6.34E-06


          ***CONVERGENCE CRITERION   IS SATISFIED***

          ==> TIME STEP   211   TIME :  2.1100E-02 SEC
     1  6.23E-06  2.46E-06  5.00E-08  1.00E+00  0.00E+00              7.86E+01  2.20E+01  2.05E-02  0.00E+00  0.00E+00  0.00E+00  0.00E+00  6.23E-06


          ***CONVERGENCE CRITERION   IS SATISFIED***

          ==> TIME STEP   212   TIME :  2.1200E-02 SEC
     1  6.12E-06  2.42E-06  4.92E-08  1.00E+00  0.00E+00              7.86E+01  2.20E+01  2.05E-02  0.00E+00  0.00E+00  0.00E+00  0.00E+00  6.12E-06


          ***CONVERGENCE CRITERION   IS SATISFIED***

          ==> TIME STEP   213   TIME :  2.1300E-02 SEC
     1  6.02E-06  2.37E-06  4.84E-08  1.00E+00  0.00E+00              7.86E+01  2.20E+01  2.05E-02  0.00E+00  0.00E+00  0.00E+00  0.00E+00  6.02E-06


          ***CONVERGENCE CRITERION   IS SATISFIED***

          ==> TIME STEP   214   TIME :  2.1400E-02 SEC
     1  5.91E-06  2.33E-06  4.76E-08  1.00E+00  0.00E+00              7.86E+01  2.20E+01  2.05E-02  0.00E+00  0.00E+00  0.00E+00  0.00E+00  5.91E-06


          ***CONVERGENCE CRITERION   IS SATISFIED***

          ==> TIME STEP   215   TIME :  2.1500E-02 SEC
     1  5.81E-06  2.29E-06  4.68E-08  1.00E+00  0.00E+00              7.86E+01  2.20E+01  2.05E-02  0.00E+00  0.00E+00  0.00E+00  0.00E+00  5.81E-06


          ***CONVERGENCE CRITERION   IS SATISFIED***

          ==> TIME STEP   216   TIME :  2.1600E-02 SEC
     1  5.71E-06  2.25E-06  4.60E-08  1.00E+00  0.00E+00              7.86E+01  2.20E+01  2.05E-02  0.00E+00  0.00E+00  0.00E+00  0.00E+00  5.71E-06


          ***CONVERGENCE CRITERION   IS SATISFIED***

          ==> TIME STEP   217   TIME :  2.1700E-02 SEC
     1  5.61E-06  2.21E-06  4.53E-08  1.00E+00  0.00E+00              7.86E+01  2.20E+01  2.05E-02  0.00E+00  0.00E+00  0.00E+00  0.00E+00  5.61E-06


          ***CONVERGENCE CRITERION   IS SATISFIED***

          ==> TIME STEP   218   TIME :  2.1800E-02 SEC
     1  5.51E-06  2.17E-06  4.45E-08  1.00E+00  0.00E+00              7.86E+01  2.20E+01  2.05E-02  0.00E+00  0.00E+00  0.00E+00  0.00E+00  5.51E-06


          ***CONVERGENCE CRITERION   IS SATISFIED***

          ==> TIME STEP   219   TIME :  2.1900E-02 SEC
     1  5.42E-06  2.13E-06  4.38E-08  1.00E+00  0.00E+00              7.86E+01  2.20E+01  2.05E-02  0.00E+00  0.00E+00  0.00E+00  0.00E+00  5.42E-06


          ***CONVERGENCE CRITERION   IS SATISFIED***

          ==> TIME STEP   220   TIME :  2.2000E-02 SEC
     1  5.33E-06  2.09E-06  4.31E-08  1.00E+00  0.00E+00              7.86E+01  2.20E+01  2.05E-02  0.00E+00  0.00E+00  0.00E+00  0.00E+00  5.33E-06


          ***CONVERGENCE CRITERION   IS SATISFIED***

          WRITE RESULTS OF CALCULATIONS IN FILE 

                         PREPARE RESULTS OF CALCULATION FOR RESTART
                         ******************************************
                          WRITE RESULTS IN FILE :REST.0                                                                                                                                                                                                                                                          

          ==> TIME STEP   221   TIME :  2.2100E-02 SEC
     1  5.23E-06  2.05E-06  4.24E-08  1.00E+00  0.00E+00              7.86E+01  2.20E+01  2.05E-02  0.00E+00  0.00E+00  0.00E+00  0.00E+00  5.23E-06


          ***CONVERGENCE CRITERION   IS SATISFIED***

          ==> TIME STEP   222   TIME :  2.2200E-02 SEC
     1  5.14E-06  2.02E-06  4.17E-08  1.00E+00  0.00E+00              7.86E+01  2.20E+01  2.05E-02  0.00E+00  0.00E+00  0.00E+00  0.00E+00  5.14E-06


          ***CONVERGENCE CRITERION   IS SATISFIED***

          ==> TIME STEP   223   TIME :  2.2300E-02 SEC
     1  5.06E-06  1.98E-06  4.10E-08  1.00E+00  0.00E+00              7.86E+01  2.20E+01  2.06E-02  0.00E+00  0.00E+00  0.00E+00  0.00E+00  5.06E-06


          ***CONVERGENCE CRITERION   IS SATISFIED***

          ==> TIME STEP   224   TIME :  2.2400E-02 SEC
     1  4.97E-06  1.95E-06  4.03E-08  1.00E+00  0.00E+00              7.86E+01  2.20E+01  2.06E-02  0.00E+00  0.00E+00  0.00E+00  0.00E+00  4.97E-06


          ***CONVERGENCE CRITERION   IS SATISFIED***

          ==> TIME STEP   225   TIME :  2.2500E-02 SEC
     1  4.88E-06  1.91E-06  3.96E-08  1.00E+00  0.00E+00              7.86E+01  2.20E+01  2.06E-02  0.00E+00  0.00E+00  0.00E+00  0.00E+00  4.88E-06


          ***CONVERGENCE CRITERION   IS SATISFIED***

          ==> TIME STEP   226   TIME :  2.2600E-02 SEC
     1  4.80E-06  1.88E-06  3.90E-08  1.00E+00  0.00E+00              7.86E+01  2.20E+01  2.06E-02  0.00E+00  0.00E+00  0.00E+00  0.00E+00  4.80E-06


          ***CONVERGENCE CRITERION   IS SATISFIED***

          ==> TIME STEP   227   TIME :  2.2700E-02 SEC
     1  4.72E-06  1.85E-06  3.83E-08  1.00E+00  0.00E+00              7.86E+01  2.20E+01  2.06E-02  0.00E+00  0.00E+00  0.00E+00  0.00E+00  4.72E-06


          ***CONVERGENCE CRITERION   IS SATISFIED***

          ==> TIME STEP   228   TIME :  2.2800E-02 SEC
     1  4.64E-06  1.81E-06  3.77E-08  1.00E+00  0.00E+00              7.86E+01  2.20E+01  2.06E-02  0.00E+00  0.00E+00  0.00E+00  0.00E+00  4.64E-06


          ***CONVERGENCE CRITERION   IS SATISFIED***

          ==> TIME STEP   229   TIME :  2.2900E-02 SEC
     1  4.56E-06  1.78E-06  3.71E-08  1.00E+00  0.00E+00              7.86E+01  2.20E+01  2.06E-02  0.00E+00  0.00E+00  0.00E+00  0.00E+00  4.56E-06


          ***CONVERGENCE CRITERION   IS SATISFIED***

          ==> TIME STEP   230   TIME :  2.3000E-02 SEC
     1  4.48E-06  1.75E-06  3.65E-08  1.00E+00  0.00E+00              7.86E+01  2.20E+01  2.06E-02  0.00E+00  0.00E+00  0.00E+00  0.00E+00  4.48E-06


          ***CONVERGENCE CRITERION   IS SATISFIED***

          ==> TIME STEP   231   TIME :  2.3100E-02 SEC
     1  4.40E-06  1.72E-06  3.59E-08  1.00E+00  0.00E+00              7.86E+01  2.20E+01  2.06E-02  0.00E+00  0.00E+00  0.00E+00  0.00E+00  4.40E-06


          ***CONVERGENCE CRITERION   IS SATISFIED***

          ==> TIME STEP   232   TIME :  2.3200E-02 SEC
     1  4.33E-06  1.69E-06  3.53E-08  1.00E+00  0.00E+00              7.86E+01  2.20E+01  2.06E-02  0.00E+00  0.00E+00  0.00E+00  0.00E+00  4.33E-06


          ***CONVERGENCE CRITERION   IS SATISFIED***

          ==> TIME STEP   233   TIME :  2.3300E-02 SEC
     1  4.26E-06  1.66E-06  3.47E-08  1.00E+00  0.00E+00              7.86E+01  2.20E+01  2.06E-02  0.00E+00  0.00E+00  0.00E+00  0.00E+00  4.26E-06


          ***CONVERGENCE CRITERION   IS SATISFIED***

          ==> TIME STEP   234   TIME :  2.3400E-02 SEC
     1  4.19E-06  1.63E-06  3.42E-08  1.00E+00  0.00E+00              7.86E+01  2.20E+01  2.06E-02  0.00E+00  0.00E+00  0.00E+00  0.00E+00  4.19E-06


          ***CONVERGENCE CRITERION   IS SATISFIED***

          ==> TIME STEP   235   TIME :  2.3500E-02 SEC
     1  4.12E-06  1.60E-06  3.36E-08  1.00E+00  0.00E+00              7.86E+01  2.20E+01  2.06E-02  0.00E+00  0.00E+00  0.00E+00  0.00E+00  4.12E-06


          ***CONVERGENCE CRITERION   IS SATISFIED***

          ==> TIME STEP   236   TIME :  2.3600E-02 SEC
     1  4.05E-06  1.57E-06  3.31E-08  1.00E+00  0.00E+00              7.86E+01  2.20E+01  2.06E-02  0.00E+00  0.00E+00  0.00E+00  0.00E+00  4.05E-06


          ***CONVERGENCE CRITERION   IS SATISFIED***

          ==> TIME STEP   237   TIME :  2.3700E-02 SEC
     1  3.98E-06  1.55E-06  3.25E-08  1.00E+00  0.00E+00              7.86E+01  2.20E+01  2.06E-02  0.00E+00  0.00E+00  0.00E+00  0.00E+00  3.98E-06


          ***CONVERGENCE CRITERION   IS SATISFIED***

          ==> TIME STEP   238   TIME :  2.3800E-02 SEC
     1  3.91E-06  1.52E-06  3.20E-08  1.00E+00  0.00E+00              7.86E+01  2.20E+01  2.06E-02  0.00E+00  0.00E+00  0.00E+00  0.00E+00  3.91E-06


          ***CONVERGENCE CRITERION   IS SATISFIED***

          ==> TIME STEP   239   TIME :  2.3900E-02 SEC
     1  3.85E-06  1.49E-06  3.15E-08  1.00E+00  0.00E+00              7.86E+01  2.20E+01  2.06E-02  0.00E+00  0.00E+00  0.00E+00  0.00E+00  3.85E-06


          ***CONVERGENCE CRITERION   IS SATISFIED***

          ==> TIME STEP   240   TIME :  2.4000E-02 SEC
     1  3.78E-06  1.47E-06  3.10E-08  1.00E+00  0.00E+00              7.86E+01  2.20E+01  2.06E-02  0.00E+00  0.00E+00  0.00E+00  0.00E+00  3.78E-06


          ***CONVERGENCE CRITERION   IS SATISFIED***

          WRITE RESULTS OF CALCULATIONS IN FILE 

                         PREPARE RESULTS OF CALCULATION FOR RESTART
                         ******************************************
                          WRITE RESULTS IN FILE :REST.0                                                                                                                                                                                                                                                          

          ==> TIME STEP   241   TIME :  2.4100E-02 SEC
     1  3.72E-06  1.44E-06  3.05E-08  1.00E+00  0.00E+00              7.86E+01  2.20E+01  2.07E-02  0.00E+00  0.00E+00  0.00E+00  0.00E+00  3.72E-06


          ***CONVERGENCE CRITERION   IS SATISFIED***

          ==> TIME STEP   242   TIME :  2.4200E-02 SEC
     1  3.66E-06  1.42E-06  3.00E-08  1.00E+00  0.00E+00              7.86E+01  2.20E+01  2.07E-02  0.00E+00  0.00E+00  0.00E+00  0.00E+00  3.66E-06


          ***CONVERGENCE CRITERION   IS SATISFIED***

          ==> TIME STEP   243   TIME :  2.4300E-02 SEC
     1  3.60E-06  1.39E-06  2.95E-08  1.00E+00  0.00E+00              7.86E+01  2.20E+01  2.07E-02  0.00E+00  0.00E+00  0.00E+00  0.00E+00  3.60E-06


          ***CONVERGENCE CRITERION   IS SATISFIED***

          ==> TIME STEP   244   TIME :  2.4400E-02 SEC
     1  3.54E-06  1.37E-06  2.91E-08  1.00E+00  0.00E+00              7.86E+01  2.20E+01  2.07E-02  0.00E+00  0.00E+00  0.00E+00  0.00E+00  3.54E-06


          ***CONVERGENCE CRITERION   IS SATISFIED***

          ==> TIME STEP   245   TIME :  2.4500E-02 SEC
     1  3.48E-06  1.35E-06  2.86E-08  1.00E+00  0.00E+00              7.86E+01  2.20E+01  2.07E-02  0.00E+00  0.00E+00  0.00E+00  0.00E+00  3.48E-06


          ***CONVERGENCE CRITERION   IS SATISFIED***

          ==> TIME STEP   246   TIME :  2.4600E-02 SEC
     1  3.42E-06  1.32E-06  2.81E-08  1.00E+00  0.00E+00              7.86E+01  2.20E+01  2.07E-02  0.00E+00  0.00E+00  0.00E+00  0.00E+00  3.42E-06


          ***CONVERGENCE CRITERION   IS SATISFIED***

          ==> TIME STEP   247   TIME :  2.4700E-02 SEC
     1  3.37E-06  1.30E-06  2.77E-08  1.00E+00  0.00E+00              7.86E+01  2.20E+01  2.07E-02  0.00E+00  0.00E+00  0.00E+00  0.00E+00  3.37E-06


          ***CONVERGENCE CRITERION   IS SATISFIED***

          ==> TIME STEP   248   TIME :  2.4800E-02 SEC
     1  3.31E-06  1.28E-06  2.73E-08  1.00E+00  0.00E+00              7.86E+01  2.20E+01  2.07E-02  0.00E+00  0.00E+00  0.00E+00  0.00E+00  3.31E-06


          ***CONVERGENCE CRITERION   IS SATISFIED***

          ==> TIME STEP   249   TIME :  2.4900E-02 SEC
     1  3.26E-06  1.26E-06  2.68E-08  1.00E+00  0.00E+00              7.86E+01  2.20E+01  2.07E-02  0.00E+00  0.00E+00  0.00E+00  0.00E+00  3.26E-06


          ***CONVERGENCE CRITERION   IS SATISFIED***

          ==> TIME STEP   250   TIME :  2.5000E-02 SEC
     1  3.20E-06  1.24E-06  2.64E-08  1.00E+00  0.00E+00              7.86E+01  2.20E+01  2.07E-02  0.00E+00  0.00E+00  0.00E+00  0.00E+00  3.20E-06


          ***CONVERGENCE CRITERION   IS SATISFIED***

          ==> TIME STEP   251   TIME :  2.5100E-02 SEC
     1  3.15E-06  1.21E-06  2.60E-08  1.00E+00  0.00E+00              7.86E+01  2.20E+01  2.07E-02  0.00E+00  0.00E+00  0.00E+00  0.00E+00  3.15E-06


          ***CONVERGENCE CRITERION   IS SATISFIED***

          ==> TIME STEP   252   TIME :  2.5200E-02 SEC
     1  3.10E-06  1.19E-06  2.56E-08  1.00E+00  0.00E+00              7.86E+01  2.20E+01  2.07E-02  0.00E+00  0.00E+00  0.00E+00  0.00E+00  3.10E-06


          ***CONVERGENCE CRITERION   IS SATISFIED***

          ==> TIME STEP   253   TIME :  2.5300E-02 SEC
     1  3.05E-06  1.17E-06  2.52E-08  1.00E+00  0.00E+00              7.86E+01  2.20E+01  2.07E-02  0.00E+00  0.00E+00  0.00E+00  0.00E+00  3.05E-06


          ***CONVERGENCE CRITERION   IS SATISFIED***

          ==> TIME STEP   254   TIME :  2.5400E-02 SEC
     1  3.00E-06  1.15E-06  2.48E-08  1.00E+00  0.00E+00              7.86E+01  2.20E+01  2.07E-02  0.00E+00  0.00E+00  0.00E+00  0.00E+00  3.00E-06


          ***CONVERGENCE CRITERION   IS SATISFIED***

          ==> TIME STEP   255   TIME :  2.5500E-02 SEC
     1  2.95E-06  1.13E-06  2.44E-08  1.00E+00  0.00E+00              7.86E+01  2.20E+01  2.07E-02  0.00E+00  0.00E+00  0.00E+00  0.00E+00  2.95E-06


          ***CONVERGENCE CRITERION   IS SATISFIED***

          ==> TIME STEP   256   TIME :  2.5600E-02 SEC
     1  2.91E-06  1.12E-06  2.40E-08  1.00E+00  0.00E+00              7.86E+01  2.20E+01  2.07E-02  0.00E+00  0.00E+00  0.00E+00  0.00E+00  2.91E-06


          ***CONVERGENCE CRITERION   IS SATISFIED***

          ==> TIME STEP   257   TIME :  2.5700E-02 SEC
     1  2.86E-06  1.10E-06  2.36E-08  1.00E+00  0.00E+00              7.86E+01  2.20E+01  2.07E-02  0.00E+00  0.00E+00  0.00E+00  0.00E+00  2.86E-06


          ***CONVERGENCE CRITERION   IS SATISFIED***

          ==> TIME STEP   258   TIME :  2.5800E-02 SEC
     1  2.81E-06  1.08E-06  2.33E-08  1.00E+00  0.00E+00              7.86E+01  2.20E+01  2.07E-02  0.00E+00  0.00E+00  0.00E+00  0.00E+00  2.81E-06


          ***CONVERGENCE CRITERION   IS SATISFIED***

          ==> TIME STEP   259   TIME :  2.5900E-02 SEC
     1  2.77E-06  1.06E-06  2.29E-08  1.00E+00  0.00E+00              7.86E+01  2.20E+01  2.07E-02  0.00E+00  0.00E+00  0.00E+00  0.00E+00  2.77E-06


          ***CONVERGENCE CRITERION   IS SATISFIED***

          ==> TIME STEP   260   TIME :  2.6000E-02 SEC
     1  2.72E-06  1.04E-06  2.26E-08  1.00E+00  0.00E+00              7.86E+01  2.20E+01  2.07E-02  0.00E+00  0.00E+00  0.00E+00  0.00E+00  2.72E-06


          ***CONVERGENCE CRITERION   IS SATISFIED***

          WRITE RESULTS OF CALCULATIONS IN FILE 

                         PREPARE RESULTS OF CALCULATION FOR RESTART
                         ******************************************
                          WRITE RESULTS IN FILE :REST.0                                                                                                                                                                                                                                                          

          ==> TIME STEP   261   TIME :  2.6100E-02 SEC
     1  2.68E-06  1.02E-06  2.22E-08  1.00E+00  0.00E+00              7.86E+01  2.20E+01  2.07E-02  0.00E+00  0.00E+00  0.00E+00  0.00E+00  2.68E-06


          ***CONVERGENCE CRITERION   IS SATISFIED***

          ==> TIME STEP   262   TIME :  2.6200E-02 SEC
     1  2.64E-06  1.01E-06  2.19E-08  1.00E+00  0.00E+00              7.86E+01  2.20E+01  2.07E-02  0.00E+00  0.00E+00  0.00E+00  0.00E+00  2.64E-06


          ***CONVERGENCE CRITERION   IS SATISFIED***

          ==> TIME STEP   263   TIME :  2.6300E-02 SEC
     1  2.59E-06  9.89E-07  2.16E-08  1.00E+00  0.00E+00              7.86E+01  2.20E+01  2.07E-02  0.00E+00  0.00E+00  0.00E+00  0.00E+00  2.59E-06


          ***CONVERGENCE CRITERION   IS SATISFIED***

          ==> TIME STEP   264   TIME :  2.6400E-02 SEC
     1  2.55E-06  9.73E-07  2.12E-08  1.00E+00  0.00E+00              7.86E+01  2.20E+01  2.07E-02  0.00E+00  0.00E+00  0.00E+00  0.00E+00  2.55E-06


          ***CONVERGENCE CRITERION   IS SATISFIED***

          ==> TIME STEP   265   TIME :  2.6500E-02 SEC
     1  2.51E-06  9.56E-07  2.09E-08  1.00E+00  0.00E+00              7.86E+01  2.20E+01  2.07E-02  0.00E+00  0.00E+00  0.00E+00  0.00E+00  2.51E-06


          ***CONVERGENCE CRITERION   IS SATISFIED***

          ==> TIME STEP   266   TIME :  2.6600E-02 SEC
     1  2.47E-06  9.40E-07  2.06E-08  1.00E+00  0.00E+00              7.86E+01  2.20E+01  2.07E-02  0.00E+00  0.00E+00  0.00E+00  0.00E+00  2.47E-06


          ***CONVERGENCE CRITERION   IS SATISFIED***

          ==> TIME STEP   267   TIME :  2.6700E-02 SEC
     1  2.43E-06  9.25E-07  2.03E-08  1.00E+00  0.00E+00              7.86E+01  2.20E+01  2.07E-02  0.00E+00  0.00E+00  0.00E+00  0.00E+00  2.43E-06


          ***CONVERGENCE CRITERION   IS SATISFIED***

          ==> TIME STEP   268   TIME :  2.6800E-02 SEC
     1  2.39E-06  9.09E-07  2.00E-08  1.00E+00  0.00E+00              7.86E+01  2.20E+01  2.07E-02  0.00E+00  0.00E+00  0.00E+00  0.00E+00  2.39E-06


          ***CONVERGENCE CRITERION   IS SATISFIED***

          ==> TIME STEP   269   TIME :  2.6900E-02 SEC
     1  2.35E-06  8.94E-07  1.97E-08  1.00E+00  0.00E+00              7.86E+01  2.20E+01  2.07E-02  0.00E+00  0.00E+00  0.00E+00  0.00E+00  2.35E-06


          ***CONVERGENCE CRITERION   IS SATISFIED***

          ==> TIME STEP   270   TIME :  2.7000E-02 SEC
     1  2.32E-06  8.79E-07  1.94E-08  1.00E+00  0.00E+00              7.86E+01  2.20E+01  2.07E-02  0.00E+00  0.00E+00  0.00E+00  0.00E+00  2.32E-06


          ***CONVERGENCE CRITERION   IS SATISFIED***

          ==> TIME STEP   271   TIME :  2.7100E-02 SEC
     1  2.28E-06  8.64E-07  1.91E-08  1.00E+00  0.00E+00              7.86E+01  2.20E+01  2.07E-02  0.00E+00  0.00E+00  0.00E+00  0.00E+00  2.28E-06


          ***CONVERGENCE CRITERION   IS SATISFIED***

          ==> TIME STEP   272   TIME :  2.7200E-02 SEC
     1  2.24E-06  8.49E-07  1.88E-08  1.00E+00  0.00E+00              7.86E+01  2.20E+01  2.07E-02  0.00E+00  0.00E+00  0.00E+00  0.00E+00  2.24E-06


          ***CONVERGENCE CRITERION   IS SATISFIED***

          ==> TIME STEP   273   TIME :  2.7300E-02 SEC
     1  2.21E-06  8.35E-07  1.85E-08  1.00E+00  0.00E+00              7.86E+01  2.20E+01  2.07E-02  0.00E+00  0.00E+00  0.00E+00  0.00E+00  2.21E-06


          ***CONVERGENCE CRITERION   IS SATISFIED***

          ==> TIME STEP   274   TIME :  2.7400E-02 SEC
     1  2.17E-06  8.21E-07  1.82E-08  1.00E+00  0.00E+00              7.86E+01  2.20E+01  2.07E-02  0.00E+00  0.00E+00  0.00E+00  0.00E+00  2.17E-06


          ***CONVERGENCE CRITERION   IS SATISFIED***

          ==> TIME STEP   275   TIME :  2.7500E-02 SEC
     1  2.14E-06  8.07E-07  1.80E-08  1.00E+00  0.00E+00              7.86E+01  2.20E+01  2.07E-02  0.00E+00  0.00E+00  0.00E+00  0.00E+00  2.14E-06


          ***CONVERGENCE CRITERION   IS SATISFIED***

          ==> TIME STEP   276   TIME :  2.7600E-02 SEC
     1  2.10E-06  7.94E-07  1.77E-08  1.00E+00  0.00E+00              7.86E+01  2.20E+01  2.07E-02  0.00E+00  0.00E+00  0.00E+00  0.00E+00  2.10E-06


          ***CONVERGENCE CRITERION   IS SATISFIED***

          ==> TIME STEP   277   TIME :  2.7700E-02 SEC
     1  2.07E-06  7.81E-07  1.75E-08  1.00E+00  0.00E+00              7.86E+01  2.20E+01  2.07E-02  0.00E+00  0.00E+00  0.00E+00  0.00E+00  2.07E-06


          ***CONVERGENCE CRITERION   IS SATISFIED***

          ==> TIME STEP   278   TIME :  2.7800E-02 SEC
     1  2.04E-06  7.68E-07  1.72E-08  1.00E+00  0.00E+00              7.86E+01  2.20E+01  2.07E-02  0.00E+00  0.00E+00  0.00E+00  0.00E+00  2.04E-06


          ***CONVERGENCE CRITERION   IS SATISFIED***

          ==> TIME STEP   279   TIME :  2.7900E-02 SEC
     1  2.01E-06  7.55E-07  1.70E-08  1.00E+00  0.00E+00              7.86E+01  2.20E+01  2.07E-02  0.00E+00  0.00E+00  0.00E+00  0.00E+00  2.01E-06


          ***CONVERGENCE CRITERION   IS SATISFIED***

          ==> TIME STEP   280   TIME :  2.8000E-02 SEC
     1  1.98E-06  7.42E-07  1.67E-08  1.00E+00  0.00E+00              7.86E+01  2.20E+01  2.07E-02  0.00E+00  0.00E+00  0.00E+00  0.00E+00  1.98E-06


          ***CONVERGENCE CRITERION   IS SATISFIED***

          WRITE RESULTS OF CALCULATIONS IN FILE 

                         PREPARE RESULTS OF CALCULATION FOR RESTART
                         ******************************************
                          WRITE RESULTS IN FILE :REST.0                                                                                                                                                                                                                                                          

          ==> TIME STEP   281   TIME :  2.8100E-02 SEC
     1  1.94E-06  7.30E-07  1.65E-08  1.00E+00  0.00E+00              7.86E+01  2.20E+01  2.07E-02  0.00E+00  0.00E+00  0.00E+00  0.00E+00  1.94E-06


          ***CONVERGENCE CRITERION   IS SATISFIED***

          ==> TIME STEP   282   TIME :  2.8200E-02 SEC
     1  1.91E-06  7.18E-07  1.62E-08  1.00E+00  0.00E+00              7.86E+01  2.20E+01  2.07E-02  0.00E+00  0.00E+00  0.00E+00  0.00E+00  1.91E-06


          ***CONVERGENCE CRITERION   IS SATISFIED***

          ==> TIME STEP   283   TIME :  2.8300E-02 SEC
     1  1.88E-06  7.06E-07  1.60E-08  1.00E+00  0.00E+00              7.86E+01  2.20E+01  2.07E-02  0.00E+00  0.00E+00  0.00E+00  0.00E+00  1.88E-06


          ***CONVERGENCE CRITERION   IS SATISFIED***

          ==> TIME STEP   284   TIME :  2.8400E-02 SEC
     1  1.85E-06  6.94E-07  1.58E-08  1.00E+00  0.00E+00              7.86E+01  2.20E+01  2.07E-02  0.00E+00  0.00E+00  0.00E+00  0.00E+00  1.85E-06


          ***CONVERGENCE CRITERION   IS SATISFIED***

          ==> TIME STEP   285   TIME :  2.8500E-02 SEC
     1  1.82E-06  6.82E-07  1.55E-08  1.00E+00  0.00E+00              7.86E+01  2.20E+01  2.07E-02  0.00E+00  0.00E+00  0.00E+00  0.00E+00  1.82E-06


          ***CONVERGENCE CRITERION   IS SATISFIED***

          ==> TIME STEP   286   TIME :  2.8600E-02 SEC
     1  1.79E-06  6.71E-07  1.53E-08  1.00E+00  0.00E+00              7.86E+01  2.20E+01  2.07E-02  0.00E+00  0.00E+00  0.00E+00  0.00E+00  1.79E-06


          ***CONVERGENCE CRITERION   IS SATISFIED***

          ==> TIME STEP   287   TIME :  2.8700E-02 SEC
     1  1.77E-06  6.60E-07  1.51E-08  1.00E+00  0.00E+00              7.86E+01  2.20E+01  2.07E-02  0.00E+00  0.00E+00  0.00E+00  0.00E+00  1.77E-06


          ***CONVERGENCE CRITERION   IS SATISFIED***

          ==> TIME STEP   288   TIME :  2.8800E-02 SEC
     1  1.74E-06  6.49E-07  1.49E-08  1.00E+00  0.00E+00              7.86E+01  2.20E+01  2.07E-02  0.00E+00  0.00E+00  0.00E+00  0.00E+00  1.74E-06


          ***CONVERGENCE CRITERION   IS SATISFIED***

          ==> TIME STEP   289   TIME :  2.8900E-02 SEC
     1  1.71E-06  6.38E-07  1.47E-08  1.00E+00  0.00E+00              7.86E+01  2.20E+01  2.07E-02  0.00E+00  0.00E+00  0.00E+00  0.00E+00  1.71E-06


          ***CONVERGENCE CRITERION   IS SATISFIED***

          ==> TIME STEP   290   TIME :  2.9000E-02 SEC
     1  1.68E-06  6.28E-07  1.45E-08  1.00E+00  0.00E+00              7.86E+01  2.20E+01  2.07E-02  0.00E+00  0.00E+00  0.00E+00  0.00E+00  1.68E-06


          ***CONVERGENCE CRITERION   IS SATISFIED***

          ==> TIME STEP   291   TIME :  2.9100E-02 SEC
     1  1.66E-06  6.17E-07  1.43E-08  1.00E+00  0.00E+00              7.86E+01  2.20E+01  2.07E-02  0.00E+00  0.00E+00  0.00E+00  0.00E+00  1.66E-06


          ***CONVERGENCE CRITERION   IS SATISFIED***

          ==> TIME STEP   292   TIME :  2.9200E-02 SEC
     1  1.63E-06  6.07E-07  1.41E-08  1.00E+00  0.00E+00              7.86E+01  2.20E+01  2.07E-02  0.00E+00  0.00E+00  0.00E+00  0.00E+00  1.63E-06


          ***CONVERGENCE CRITERION   IS SATISFIED***

          ==> TIME STEP   293   TIME :  2.9300E-02 SEC
     1  1.61E-06  5.97E-07  1.39E-08  1.00E+00  0.00E+00              7.86E+01  2.20E+01  2.07E-02  0.00E+00  0.00E+00  0.00E+00  0.00E+00  1.61E-06


          ***CONVERGENCE CRITERION   IS SATISFIED***

          ==> TIME STEP   294   TIME :  2.9400E-02 SEC
     1  1.58E-06  5.87E-07  1.37E-08  1.00E+00  0.00E+00              7.86E+01  2.20E+01  2.07E-02  0.00E+00  0.00E+00  0.00E+00  0.00E+00  1.58E-06


          ***CONVERGENCE CRITERION   IS SATISFIED***

          ==> TIME STEP   295   TIME :  2.9500E-02 SEC
     1  1.56E-06  5.77E-07  1.35E-08  1.00E+00  0.00E+00              7.86E+01  2.19E+01  2.07E-02  0.00E+00  0.00E+00  0.00E+00  0.00E+00  1.56E-06


          ***CONVERGENCE CRITERION   IS SATISFIED***

          ==> TIME STEP   296   TIME :  2.9600E-02 SEC
     1  1.53E-06  5.68E-07  1.33E-08  1.00E+00  0.00E+00              7.86E+01  2.19E+01  2.07E-02  0.00E+00  0.00E+00  0.00E+00  0.00E+00  1.53E-06


          ***CONVERGENCE CRITERION   IS SATISFIED***

          ==> TIME STEP   297   TIME :  2.9700E-02 SEC
     1  1.51E-06  5.58E-07  1.32E-08  1.00E+00  0.00E+00              7.86E+01  2.19E+01  2.07E-02  0.00E+00  0.00E+00  0.00E+00  0.00E+00  1.51E-06


          ***CONVERGENCE CRITERION   IS SATISFIED***

          ==> TIME STEP   298   TIME :  2.9800E-02 SEC
     1  1.49E-06  5.49E-07  1.30E-08  1.00E+00  0.00E+00              7.86E+01  2.19E+01  2.07E-02  0.00E+00  0.00E+00  0.00E+00  0.00E+00  1.49E-06


          ***CONVERGENCE CRITERION   IS SATISFIED***

          ==> TIME STEP   299   TIME :  2.9900E-02 SEC
     1  1.46E-06  5.40E-07  1.28E-08  1.00E+00  0.00E+00              7.86E+01  2.19E+01  2.07E-02  0.00E+00  0.00E+00  0.00E+00  0.00E+00  1.46E-06


          ***CONVERGENCE CRITERION   IS SATISFIED***

          ==> TIME STEP   300   TIME :  3.0000E-02 SEC
     1  1.44E-06  5.31E-07  1.26E-08  1.00E+00  0.00E+00              7.86E+01  2.19E+01  2.07E-02  0.00E+00  0.00E+00  0.00E+00  0.00E+00  1.44E-06


          ***CONVERGENCE CRITERION   IS SATISFIED***

          WRITE RESULTS OF CALCULATIONS IN FILE 

                         PREPARE RESULTS OF CALCULATION FOR RESTART
                         ******************************************
                          WRITE RESULTS IN FILE :REST.0                                                                                                                                                                                                                                                          

          ==> TIME STEP   301   TIME :  3.0100E-02 SEC
     1  1.42E-06  5.22E-07  1.25E-08  1.00E+00  0.00E+00              7.86E+01  2.19E+01  2.07E-02  0.00E+00  0.00E+00  0.00E+00  0.00E+00  1.42E-06


          ***CONVERGENCE CRITERION   IS SATISFIED***

          ==> TIME STEP   302   TIME :  3.0200E-02 SEC
     1  1.39E-06  5.13E-07  1.23E-08  1.00E+00  0.00E+00              7.86E+01  2.19E+01  2.07E-02  0.00E+00  0.00E+00  0.00E+00  0.00E+00  1.39E-06


          ***CONVERGENCE CRITERION   IS SATISFIED***

          ==> TIME STEP   303   TIME :  3.0300E-02 SEC
     1  1.37E-06  5.05E-07  1.22E-08  1.00E+00  0.00E+00              7.86E+01  2.19E+01  2.07E-02  0.00E+00  0.00E+00  0.00E+00  0.00E+00  1.37E-06


          ***CONVERGENCE CRITERION   IS SATISFIED***

          ==> TIME STEP   304   TIME :  3.0400E-02 SEC
     1  1.35E-06  4.96E-07  1.20E-08  1.00E+00  0.00E+00              7.86E+01  2.19E+01  2.07E-02  0.00E+00  0.00E+00  0.00E+00  0.00E+00  1.35E-06


          ***CONVERGENCE CRITERION   IS SATISFIED***

          ==> TIME STEP   305   TIME :  3.0500E-02 SEC
     1  1.33E-06  4.88E-07  1.18E-08  1.00E+00  0.00E+00              7.86E+01  2.19E+01  2.07E-02  0.00E+00  0.00E+00  0.00E+00  0.00E+00  1.33E-06


          ***CONVERGENCE CRITERION   IS SATISFIED***

          ==> TIME STEP   306   TIME :  3.0600E-02 SEC
     1  1.31E-06  4.80E-07  1.17E-08  1.00E+00  0.00E+00              7.86E+01  2.19E+01  2.07E-02  0.00E+00  0.00E+00  0.00E+00  0.00E+00  1.31E-06


          ***CONVERGENCE CRITERION   IS SATISFIED***

          ==> TIME STEP   307   TIME :  3.0700E-02 SEC
     1  1.29E-06  4.72E-07  1.15E-08  1.00E+00  0.00E+00              7.86E+01  2.19E+01  2.07E-02  0.00E+00  0.00E+00  0.00E+00  0.00E+00  1.29E-06


          ***CONVERGENCE CRITERION   IS SATISFIED***

          ==> TIME STEP   308   TIME :  3.0800E-02 SEC
     1  1.27E-06  4.64E-07  1.14E-08  1.00E+00  0.00E+00              7.86E+01  2.19E+01  2.07E-02  0.00E+00  0.00E+00  0.00E+00  0.00E+00  1.27E-06


          ***CONVERGENCE CRITERION   IS SATISFIED***

          ==> TIME STEP   309   TIME :  3.0900E-02 SEC
     1  1.25E-06  4.57E-07  1.12E-08  1.00E+00  0.00E+00              7.86E+01  2.19E+01  2.07E-02  0.00E+00  0.00E+00  0.00E+00  0.00E+00  1.25E-06


          ***CONVERGENCE CRITERION   IS SATISFIED***

          ==> TIME STEP   310   TIME :  3.1000E-02 SEC
     1  1.23E-06  4.49E-07  1.11E-08  1.00E+00  0.00E+00              7.86E+01  2.19E+01  2.07E-02  0.00E+00  0.00E+00  0.00E+00  0.00E+00  1.23E-06


          ***CONVERGENCE CRITERION   IS SATISFIED***

          ==> TIME STEP   311   TIME :  3.1100E-02 SEC
     1  1.21E-06  4.42E-07  1.10E-08  1.00E+00  0.00E+00              7.86E+01  2.19E+01  2.07E-02  0.00E+00  0.00E+00  0.00E+00  0.00E+00  1.21E-06


          ***CONVERGENCE CRITERION   IS SATISFIED***

          ==> TIME STEP   312   TIME :  3.1200E-02 SEC
     1  1.19E-06  4.34E-07  1.08E-08  1.00E+00  0.00E+00              7.86E+01  2.19E+01  2.07E-02  0.00E+00  0.00E+00  0.00E+00  0.00E+00  1.19E-06


          ***CONVERGENCE CRITERION   IS SATISFIED***

          ==> TIME STEP   313   TIME :  3.1300E-02 SEC
     1  1.17E-06  4.27E-07  1.07E-08  1.00E+00  0.00E+00              7.86E+01  2.19E+01  2.07E-02  0.00E+00  0.00E+00  0.00E+00  0.00E+00  1.17E-06


          ***CONVERGENCE CRITERION   IS SATISFIED***

          ==> TIME STEP   314   TIME :  3.1400E-02 SEC
     1  1.15E-06  4.20E-07  1.06E-08  1.00E+00  0.00E+00              7.86E+01  2.19E+01  2.07E-02  0.00E+00  0.00E+00  0.00E+00  0.00E+00  1.15E-06


          ***CONVERGENCE CRITERION   IS SATISFIED***

          ==> TIME STEP   315   TIME :  3.1500E-02 SEC
     1  1.14E-06  4.13E-07  1.04E-08  1.00E+00  0.00E+00              7.86E+01  2.19E+01  2.07E-02  0.00E+00  0.00E+00  0.00E+00  0.00E+00  1.14E-06


          ***CONVERGENCE CRITERION   IS SATISFIED***

          ==> TIME STEP   316   TIME :  3.1600E-02 SEC
     1  1.12E-06  4.06E-07  1.03E-08  1.00E+00  0.00E+00              7.86E+01  2.19E+01  2.07E-02  0.00E+00  0.00E+00  0.00E+00  0.00E+00  1.12E-06


          ***CONVERGENCE CRITERION   IS SATISFIED***

          ==> TIME STEP   317   TIME :  3.1700E-02 SEC
     1  1.10E-06  3.99E-07  1.02E-08  1.00E+00  0.00E+00              7.86E+01  2.19E+01  2.07E-02  0.00E+00  0.00E+00  0.00E+00  0.00E+00  1.10E-06


          ***CONVERGENCE CRITERION   IS SATISFIED***

          ==> TIME STEP   318   TIME :  3.1800E-02 SEC
     1  1.08E-06  3.93E-07  1.00E-08  1.00E+00  0.00E+00              7.86E+01  2.19E+01  2.07E-02  0.00E+00  0.00E+00  0.00E+00  0.00E+00  1.08E-06


          ***CONVERGENCE CRITERION   IS SATISFIED***

          ==> TIME STEP   319   TIME :  3.1900E-02 SEC
     1  1.07E-06  3.86E-07  9.92E-09  1.00E+00  0.00E+00              7.86E+01  2.19E+01  2.07E-02  0.00E+00  0.00E+00  0.00E+00  0.00E+00  1.07E-06


          ***CONVERGENCE CRITERION   IS SATISFIED***

          ==> TIME STEP   320   TIME :  3.2000E-02 SEC
     1  1.05E-06  3.80E-07  9.80E-09  1.00E+00  0.00E+00              7.86E+01  2.19E+01  2.07E-02  0.00E+00  0.00E+00  0.00E+00  0.00E+00  1.05E-06


          ***CONVERGENCE CRITERION   IS SATISFIED***

          WRITE RESULTS OF CALCULATIONS IN FILE 

                         PREPARE RESULTS OF CALCULATION FOR RESTART
                         ******************************************
                          WRITE RESULTS IN FILE :REST.0                                                                                                                                                                                                                                                          

          ==> TIME STEP   321   TIME :  3.2100E-02 SEC
     1  1.03E-06  3.74E-07  9.68E-09  1.00E+00  0.00E+00              7.86E+01  2.19E+01  2.07E-02  0.00E+00  0.00E+00  0.00E+00  0.00E+00  1.03E-06


          ***CONVERGENCE CRITERION   IS SATISFIED***

          ==> TIME STEP   322   TIME :  3.2200E-02 SEC
     1  1.02E-06  3.68E-07  9.57E-09  1.00E+00  0.00E+00              7.86E+01  2.19E+01  2.07E-02  0.00E+00  0.00E+00  0.00E+00  0.00E+00  1.02E-06


          ***CONVERGENCE CRITERION   IS SATISFIED***

          ==> TIME STEP   323   TIME :  3.2300E-02 SEC
     1  1.00E-06  3.62E-07  9.45E-09  1.00E+00  0.00E+00              7.86E+01  2.19E+01  2.07E-02  0.00E+00  0.00E+00  0.00E+00  0.00E+00  1.00E-06


          ***CONVERGENCE CRITERION   IS SATISFIED***

          ==> TIME STEP   324   TIME :  3.2400E-02 SEC
     1  9.86E-07  3.56E-07  9.34E-09  1.00E+00  0.00E+00              7.86E+01  2.19E+01  2.07E-02  0.00E+00  0.00E+00  0.00E+00  0.00E+00  9.86E-07


          ***CONVERGENCE CRITERION   IS SATISFIED***

          ==> TIME STEP   325   TIME :  3.2500E-02 SEC
     1  9.70E-07  3.50E-07  9.23E-09  1.00E+00  0.00E+00              7.86E+01  2.19E+01  2.07E-02  0.00E+00  0.00E+00  0.00E+00  0.00E+00  9.70E-07


          ***CONVERGENCE CRITERION   IS SATISFIED***

          ==> TIME STEP   326   TIME :  3.2600E-02 SEC
     1  9.55E-07  3.44E-07  9.13E-09  1.00E+00  0.00E+00              7.86E+01  2.19E+01  2.07E-02  0.00E+00  0.00E+00  0.00E+00  0.00E+00  9.55E-07


          ***CONVERGENCE CRITERION   IS SATISFIED***

          ==> TIME STEP   327   TIME :  3.2700E-02 SEC
     1  9.40E-07  3.38E-07  9.02E-09  1.00E+00  0.00E+00              7.86E+01  2.19E+01  2.07E-02  0.00E+00  0.00E+00  0.00E+00  0.00E+00  9.40E-07


          ***CONVERGENCE CRITERION   IS SATISFIED***

          ==> TIME STEP   328   TIME :  3.2800E-02 SEC
     1  9.26E-07  3.33E-07  8.92E-09  1.00E+00  0.00E+00              7.86E+01  2.19E+01  2.07E-02  0.00E+00  0.00E+00  0.00E+00  0.00E+00  9.26E-07


          ***CONVERGENCE CRITERION   IS SATISFIED***

          ==> TIME STEP   329   TIME :  3.2900E-02 SEC
     1  9.11E-07  3.27E-07  8.82E-09  1.00E+00  0.00E+00              7.86E+01  2.19E+01  2.07E-02  0.00E+00  0.00E+00  0.00E+00  0.00E+00  9.11E-07


          ***CONVERGENCE CRITERION   IS SATISFIED***

          ==> TIME STEP   330   TIME :  3.3000E-02 SEC
     1  8.97E-07  3.22E-07  8.72E-09  1.00E+00  0.00E+00              7.86E+01  2.19E+01  2.07E-02  0.00E+00  0.00E+00  0.00E+00  0.00E+00  8.97E-07


          ***CONVERGENCE CRITERION   IS SATISFIED***

          ==> TIME STEP   331   TIME :  3.3100E-02 SEC
     1  8.83E-07  3.17E-07  8.62E-09  1.00E+00  0.00E+00              7.86E+01  2.19E+01  2.07E-02  0.00E+00  0.00E+00  0.00E+00  0.00E+00  8.83E-07


          ***CONVERGENCE CRITERION   IS SATISFIED***

          ==> TIME STEP   332   TIME :  3.3200E-02 SEC
     1  8.69E-07  3.11E-07  8.53E-09  1.00E+00  0.00E+00              7.86E+01  2.19E+01  2.07E-02  0.00E+00  0.00E+00  0.00E+00  0.00E+00  8.69E-07


          ***CONVERGENCE CRITERION   IS SATISFIED***

          ==> TIME STEP   333   TIME :  3.3300E-02 SEC
     1  8.55E-07  3.06E-07  8.43E-09  1.00E+00  0.00E+00              7.86E+01  2.19E+01  2.07E-02  0.00E+00  0.00E+00  0.00E+00  0.00E+00  8.55E-07


          ***CONVERGENCE CRITERION   IS SATISFIED***

          ==> TIME STEP   334   TIME :  3.3400E-02 SEC
     1  8.42E-07  3.01E-07  8.34E-09  1.00E+00  0.00E+00              7.86E+01  2.19E+01  2.07E-02  0.00E+00  0.00E+00  0.00E+00  0.00E+00  8.42E-07


          ***CONVERGENCE CRITERION   IS SATISFIED***

          ==> TIME STEP   335   TIME :  3.3500E-02 SEC
     1  8.28E-07  2.96E-07  8.25E-09  1.00E+00  0.00E+00              7.86E+01  2.19E+01  2.07E-02  0.00E+00  0.00E+00  0.00E+00  0.00E+00  8.28E-07


          ***CONVERGENCE CRITERION   IS SATISFIED***

          ==> TIME STEP   336   TIME :  3.3600E-02 SEC
     1  8.15E-07  2.91E-07  8.16E-09  1.00E+00  0.00E+00              7.86E+01  2.19E+01  2.07E-02  0.00E+00  0.00E+00  0.00E+00  0.00E+00  8.15E-07


          ***CONVERGENCE CRITERION   IS SATISFIED***

          ==> TIME STEP   337   TIME :  3.3700E-02 SEC
     1  8.02E-07  2.86E-07  8.07E-09  1.00E+00  0.00E+00              7.86E+01  2.19E+01  2.07E-02  0.00E+00  0.00E+00  0.00E+00  0.00E+00  8.02E-07


          ***CONVERGENCE CRITERION   IS SATISFIED***

          ==> TIME STEP   338   TIME :  3.3800E-02 SEC
     1  7.90E-07  2.82E-07  7.99E-09  1.00E+00  0.00E+00              7.86E+01  2.19E+01  2.07E-02  0.00E+00  0.00E+00  0.00E+00  0.00E+00  7.90E-07


          ***CONVERGENCE CRITERION   IS SATISFIED***

          ==> TIME STEP   339   TIME :  3.3900E-02 SEC
     1  7.78E-07  2.77E-07  7.91E-09  1.00E+00  0.00E+00              7.86E+01  2.19E+01  2.07E-02  0.00E+00  0.00E+00  0.00E+00  0.00E+00  7.78E-07


          ***CONVERGENCE CRITERION   IS SATISFIED***

          ==> TIME STEP   340   TIME :  3.4000E-02 SEC
     1  7.65E-07  2.73E-07  7.83E-09  1.00E+00  0.00E+00              7.86E+01  2.19E+01  2.07E-02  0.00E+00  0.00E+00  0.00E+00  0.00E+00  7.65E-07


          ***CONVERGENCE CRITERION   IS SATISFIED***

          WRITE RESULTS OF CALCULATIONS IN FILE 

                         PREPARE RESULTS OF CALCULATION FOR RESTART
                         ******************************************
                          WRITE RESULTS IN FILE :REST.0                                                                                                                                                                                                                                                          

          ==> TIME STEP   341   TIME :  3.4100E-02 SEC
     1  7.53E-07  2.68E-07  7.75E-09  1.00E+00  0.00E+00              7.86E+01  2.19E+01  2.07E-02  0.00E+00  0.00E+00  0.00E+00  0.00E+00  7.53E-07


          ***CONVERGENCE CRITERION   IS SATISFIED***

          ==> TIME STEP   342   TIME :  3.4200E-02 SEC
     1  7.42E-07  2.64E-07  7.67E-09  1.00E+00  0.00E+00              7.86E+01  2.19E+01  2.07E-02  0.00E+00  0.00E+00  0.00E+00  0.00E+00  7.42E-07


          ***CONVERGENCE CRITERION   IS SATISFIED***

          ==> TIME STEP   343   TIME :  3.4300E-02 SEC
     1  7.30E-07  2.59E-07  7.59E-09  1.00E+00  0.00E+00              7.86E+01  2.19E+01  2.07E-02  0.00E+00  0.00E+00  0.00E+00  0.00E+00  7.30E-07


          ***CONVERGENCE CRITERION   IS SATISFIED***

          ==> TIME STEP   344   TIME :  3.4400E-02 SEC
     1  7.18E-07  2.55E-07  7.52E-09  1.00E+00  0.00E+00              7.86E+01  2.19E+01  2.07E-02  0.00E+00  0.00E+00  0.00E+00  0.00E+00  7.18E-07


          ***CONVERGENCE CRITERION   IS SATISFIED***

          ==> TIME STEP   345   TIME :  3.4500E-02 SEC
     1  7.07E-07  2.51E-07  7.45E-09  1.00E+00  0.00E+00              7.86E+01  2.19E+01  2.07E-02  0.00E+00  0.00E+00  0.00E+00  0.00E+00  7.07E-07


          ***CONVERGENCE CRITERION   IS SATISFIED***

          ==> TIME STEP   346   TIME :  3.4600E-02 SEC
     1  6.96E-07  2.47E-07  7.38E-09  1.00E+00  0.00E+00              7.86E+01  2.19E+01  2.07E-02  0.00E+00  0.00E+00  0.00E+00  0.00E+00  6.96E-07


          ***CONVERGENCE CRITERION   IS SATISFIED***

          ==> TIME STEP   347   TIME :  3.4700E-02 SEC
     1  6.85E-07  2.43E-07  7.31E-09  1.00E+00  0.00E+00              7.86E+01  2.19E+01  2.07E-02  0.00E+00  0.00E+00  0.00E+00  0.00E+00  6.85E-07


          ***CONVERGENCE CRITERION   IS SATISFIED***

          ==> TIME STEP   348   TIME :  3.4800E-02 SEC
     1  6.74E-07  2.39E-07  7.24E-09  1.00E+00  0.00E+00              7.86E+01  2.19E+01  2.07E-02  0.00E+00  0.00E+00  0.00E+00  0.00E+00  6.74E-07


          ***CONVERGENCE CRITERION   IS SATISFIED***

          ==> TIME STEP   349   TIME :  3.4900E-02 SEC
     1  6.63E-07  2.35E-07  7.17E-09  1.00E+00  0.00E+00              7.86E+01  2.19E+01  2.07E-02  0.00E+00  0.00E+00  0.00E+00  0.00E+00  6.63E-07


          ***CONVERGENCE CRITERION   IS SATISFIED***

          ==> TIME STEP   350   TIME :  3.5000E-02 SEC
     1  6.53E-07  2.31E-07  7.11E-09  1.00E+00  0.00E+00              7.86E+01  2.19E+01  2.07E-02  0.00E+00  0.00E+00  0.00E+00  0.00E+00  6.53E-07


          ***CONVERGENCE CRITERION   IS SATISFIED***

          ==> TIME STEP   351   TIME :  3.5100E-02 SEC
     1  6.42E-07  2.27E-07  7.05E-09  1.00E+00  0.00E+00              7.86E+01  2.19E+01  2.07E-02  0.00E+00  0.00E+00  0.00E+00  0.00E+00  6.42E-07


          ***CONVERGENCE CRITERION   IS SATISFIED***

          ==> TIME STEP   352   TIME :  3.5200E-02 SEC
     1  6.32E-07  2.23E-07  6.98E-09  1.00E+00  0.00E+00              7.86E+01  2.19E+01  2.07E-02  0.00E+00  0.00E+00  0.00E+00  0.00E+00  6.32E-07


          ***CONVERGENCE CRITERION   IS SATISFIED***

          ==> TIME STEP   353   TIME :  3.5300E-02 SEC
     1  6.22E-07  2.20E-07  6.92E-09  1.00E+00  0.00E+00              7.86E+01  2.19E+01  2.07E-02  0.00E+00  0.00E+00  0.00E+00  0.00E+00  6.22E-07


          ***CONVERGENCE CRITERION   IS SATISFIED***

          ==> TIME STEP   354   TIME :  3.5400E-02 SEC
     1  6.12E-07  2.16E-07  6.86E-09  1.00E+00  0.00E+00              7.86E+01  2.19E+01  2.07E-02  0.00E+00  0.00E+00  0.00E+00  0.00E+00  6.12E-07


          ***CONVERGENCE CRITERION   IS SATISFIED***

          ==> TIME STEP   355   TIME :  3.5500E-02 SEC
     1  6.02E-07  2.13E-07  6.81E-09  1.00E+00  0.00E+00              7.86E+01  2.19E+01  2.07E-02  0.00E+00  0.00E+00  0.00E+00  0.00E+00  6.02E-07


          ***CONVERGENCE CRITERION   IS SATISFIED***

          ==> TIME STEP   356   TIME :  3.5600E-02 SEC
     1  5.93E-07  2.09E-07  6.75E-09  1.00E+00  0.00E+00              7.86E+01  2.19E+01  2.07E-02  0.00E+00  0.00E+00  0.00E+00  0.00E+00  5.93E-07


          ***CONVERGENCE CRITERION   IS SATISFIED***

          ==> TIME STEP   357   TIME :  3.5700E-02 SEC
     1  5.83E-07  2.06E-07  6.69E-09  1.00E+00  0.00E+00              7.86E+01  2.19E+01  2.07E-02  0.00E+00  0.00E+00  0.00E+00  0.00E+00  5.83E-07


          ***CONVERGENCE CRITERION   IS SATISFIED***

          ==> TIME STEP   358   TIME :  3.5800E-02 SEC
     1  5.74E-07  2.02E-07  6.64E-09  1.00E+00  0.00E+00              7.86E+01  2.19E+01  2.07E-02  0.00E+00  0.00E+00  0.00E+00  0.00E+00  5.74E-07


          ***CONVERGENCE CRITERION   IS SATISFIED***

          ==> TIME STEP   359   TIME :  3.5900E-02 SEC
     1  5.65E-07  1.99E-07  6.58E-09  1.00E+00  0.00E+00              7.86E+01  2.19E+01  2.07E-02  0.00E+00  0.00E+00  0.00E+00  0.00E+00  5.65E-07


          ***CONVERGENCE CRITERION   IS SATISFIED***

          ==> TIME STEP   360   TIME :  3.6000E-02 SEC
     1  5.56E-07  1.96E-07  6.53E-09  1.00E+00  0.00E+00              7.86E+01  2.19E+01  2.07E-02  0.00E+00  0.00E+00  0.00E+00  0.00E+00  5.56E-07


          ***CONVERGENCE CRITERION   IS SATISFIED***

          WRITE RESULTS OF CALCULATIONS IN FILE 

                         PREPARE RESULTS OF CALCULATION FOR RESTART
                         ******************************************
                          WRITE RESULTS IN FILE :REST.0                                                                                                                                                                                                                                                          

          ==> TIME STEP   361   TIME :  3.6100E-02 SEC
     1  5.47E-07  1.93E-07  6.48E-09  1.00E+00  0.00E+00              7.86E+01  2.19E+01  2.07E-02  0.00E+00  0.00E+00  0.00E+00  0.00E+00  5.47E-07


          ***CONVERGENCE CRITERION   IS SATISFIED***

          ==> TIME STEP   362   TIME :  3.6200E-02 SEC
     1  5.38E-07  1.89E-07  6.43E-09  1.00E+00  0.00E+00              7.86E+01  2.19E+01  2.07E-02  0.00E+00  0.00E+00  0.00E+00  0.00E+00  5.38E-07


          ***CONVERGENCE CRITERION   IS SATISFIED***

          ==> TIME STEP   363   TIME :  3.6300E-02 SEC
     1  5.30E-07  1.86E-07  6.38E-09  1.00E+00  0.00E+00              7.86E+01  2.19E+01  2.07E-02  0.00E+00  0.00E+00  0.00E+00  0.00E+00  5.30E-07


          ***CONVERGENCE CRITERION   IS SATISFIED***

          ==> TIME STEP   364   TIME :  3.6400E-02 SEC
     1  5.21E-07  1.83E-07  6.33E-09  1.00E+00  0.00E+00              7.86E+01  2.19E+01  2.07E-02  0.00E+00  0.00E+00  0.00E+00  0.00E+00  5.21E-07


          ***CONVERGENCE CRITERION   IS SATISFIED***

          ==> TIME STEP   365   TIME :  3.6500E-02 SEC
     1  5.13E-07  1.80E-07  6.28E-09  1.00E+00  0.00E+00              7.86E+01  2.19E+01  2.07E-02  0.00E+00  0.00E+00  0.00E+00  0.00E+00  5.13E-07


          ***CONVERGENCE CRITERION   IS SATISFIED***

          ==> TIME STEP   366   TIME :  3.6600E-02 SEC
     1  5.05E-07  1.77E-07  6.24E-09  1.00E+00  0.00E+00              7.86E+01  2.19E+01  2.07E-02  0.00E+00  0.00E+00  0.00E+00  0.00E+00  5.05E-07


          ***CONVERGENCE CRITERION   IS SATISFIED***

          ==> TIME STEP   367   TIME :  3.6700E-02 SEC
     1  4.96E-07  1.74E-07  6.19E-09  1.00E+00  0.00E+00              7.86E+01  2.19E+01  2.07E-02  0.00E+00  0.00E+00  0.00E+00  0.00E+00  4.96E-07


          ***CONVERGENCE CRITERION   IS SATISFIED***

          ==> TIME STEP   368   TIME :  3.6800E-02 SEC
     1  4.88E-07  1.72E-07  6.15E-09  1.00E+00  0.00E+00              7.86E+01  2.19E+01  2.07E-02  0.00E+00  0.00E+00  0.00E+00  0.00E+00  4.88E-07


          ***CONVERGENCE CRITERION   IS SATISFIED***

          ==> TIME STEP   369   TIME :  3.6900E-02 SEC
     1  4.80E-07  1.69E-07  6.10E-09  1.00E+00  0.00E+00              7.86E+01  2.19E+01  2.07E-02  0.00E+00  0.00E+00  0.00E+00  0.00E+00  4.80E-07


          ***CONVERGENCE CRITERION   IS SATISFIED***

          ==> TIME STEP   370   TIME :  3.7000E-02 SEC
     1  4.73E-07  1.66E-07  6.06E-09  1.00E+00  0.00E+00              7.86E+01  2.19E+01  2.07E-02  0.00E+00  0.00E+00  0.00E+00  0.00E+00  4.73E-07


          ***CONVERGENCE CRITERION   IS SATISFIED***

          ==> TIME STEP   371   TIME :  3.7100E-02 SEC
     1  4.65E-07  1.63E-07  6.02E-09  1.00E+00  0.00E+00              7.86E+01  2.19E+01  2.07E-02  0.00E+00  0.00E+00  0.00E+00  0.00E+00  4.65E-07


          ***CONVERGENCE CRITERION   IS SATISFIED***

          ==> TIME STEP   372   TIME :  3.7200E-02 SEC
     1  4.58E-07  1.61E-07  5.97E-09  1.00E+00  0.00E+00              7.86E+01  2.19E+01  2.07E-02  0.00E+00  0.00E+00  0.00E+00  0.00E+00  4.58E-07


          ***CONVERGENCE CRITERION   IS SATISFIED***

          ==> TIME STEP   373   TIME :  3.7300E-02 SEC
     1  4.50E-07  1.58E-07  5.93E-09  1.00E+00  0.00E+00              7.86E+01  2.19E+01  2.07E-02  0.00E+00  0.00E+00  0.00E+00  0.00E+00  4.50E-07


          ***CONVERGENCE CRITERION   IS SATISFIED***

          ==> TIME STEP   374   TIME :  3.7400E-02 SEC
     1  4.43E-07  1.55E-07  5.89E-09  1.00E+00  0.00E+00              7.86E+01  2.19E+01  2.07E-02  0.00E+00  0.00E+00  0.00E+00  0.00E+00  4.43E-07


          ***CONVERGENCE CRITERION   IS SATISFIED***

          ==> TIME STEP   375   TIME :  3.7500E-02 SEC
     1  4.36E-07  1.53E-07  5.85E-09  1.00E+00  0.00E+00              7.86E+01  2.19E+01  2.07E-02  0.00E+00  0.00E+00  0.00E+00  0.00E+00  4.36E-07


          ***CONVERGENCE CRITERION   IS SATISFIED***

          ==> TIME STEP   376   TIME :  3.7600E-02 SEC
     1  4.29E-07  1.50E-07  5.81E-09  1.00E+00  0.00E+00              7.86E+01  2.19E+01  2.07E-02  0.00E+00  0.00E+00  0.00E+00  0.00E+00  4.29E-07


          ***CONVERGENCE CRITERION   IS SATISFIED***

          ==> TIME STEP   377   TIME :  3.7700E-02 SEC
     1  4.22E-07  1.48E-07  5.77E-09  1.00E+00  0.00E+00              7.86E+01  2.19E+01  2.07E-02  0.00E+00  0.00E+00  0.00E+00  0.00E+00  4.22E-07


          ***CONVERGENCE CRITERION   IS SATISFIED***

          ==> TIME STEP   378   TIME :  3.7800E-02 SEC
     1  4.16E-07  1.46E-07  5.73E-09  1.00E+00  0.00E+00              7.86E+01  2.19E+01  2.07E-02  0.00E+00  0.00E+00  0.00E+00  0.00E+00  4.16E-07


          ***CONVERGENCE CRITERION   IS SATISFIED***

          ==> TIME STEP   379   TIME :  3.7900E-02 SEC
     1  4.09E-07  1.43E-07  5.69E-09  1.00E+00  0.00E+00              7.86E+01  2.19E+01  2.07E-02  0.00E+00  0.00E+00  0.00E+00  0.00E+00  4.09E-07


          ***CONVERGENCE CRITERION   IS SATISFIED***

          ==> TIME STEP   380   TIME :  3.8000E-02 SEC
     1  4.02E-07  1.41E-07  5.66E-09  1.00E+00  0.00E+00              7.86E+01  2.19E+01  2.07E-02  0.00E+00  0.00E+00  0.00E+00  0.00E+00  4.02E-07


          ***CONVERGENCE CRITERION   IS SATISFIED***

          WRITE RESULTS OF CALCULATIONS IN FILE 

                         PREPARE RESULTS OF CALCULATION FOR RESTART
                         ******************************************
                          WRITE RESULTS IN FILE :REST.0                                                                                                                                                                                                                                                          

          ==> TIME STEP   381   TIME :  3.8100E-02 SEC
     1  3.96E-07  1.39E-07  5.62E-09  1.00E+00  0.00E+00              7.86E+01  2.19E+01  2.07E-02  0.00E+00  0.00E+00  0.00E+00  0.00E+00  3.96E-07


          ***CONVERGENCE CRITERION   IS SATISFIED***

          ==> TIME STEP   382   TIME :  3.8200E-02 SEC
     1  3.89E-07  1.36E-07  5.58E-09  1.00E+00  0.00E+00              7.86E+01  2.19E+01  2.07E-02  0.00E+00  0.00E+00  0.00E+00  0.00E+00  3.89E-07


          ***CONVERGENCE CRITERION   IS SATISFIED***

          ==> TIME STEP   383   TIME :  3.8300E-02 SEC
     1  3.83E-07  1.34E-07  5.55E-09  1.00E+00  0.00E+00              7.86E+01  2.19E+01  2.07E-02  0.00E+00  0.00E+00  0.00E+00  0.00E+00  3.83E-07


          ***CONVERGENCE CRITERION   IS SATISFIED***

          ==> TIME STEP   384   TIME :  3.8400E-02 SEC
     1  3.77E-07  1.32E-07  5.51E-09  1.00E+00  0.00E+00              7.86E+01  2.19E+01  2.07E-02  0.00E+00  0.00E+00  0.00E+00  0.00E+00  3.77E-07


          ***CONVERGENCE CRITERION   IS SATISFIED***

          ==> TIME STEP   385   TIME :  3.8500E-02 SEC
     1  3.71E-07  1.30E-07  5.48E-09  1.00E+00  0.00E+00              7.86E+01  2.19E+01  2.07E-02  0.00E+00  0.00E+00  0.00E+00  0.00E+00  3.71E-07


          ***CONVERGENCE CRITERION   IS SATISFIED***

          ==> TIME STEP   386   TIME :  3.8600E-02 SEC
     1  3.65E-07  1.28E-07  5.44E-09  1.00E+00  0.00E+00              7.86E+01  2.19E+01  2.07E-02  0.00E+00  0.00E+00  0.00E+00  0.00E+00  3.65E-07


          ***CONVERGENCE CRITERION   IS SATISFIED***

          ==> TIME STEP   387   TIME :  3.8700E-02 SEC
     1  3.59E-07  1.26E-07  5.41E-09  1.00E+00  0.00E+00              7.86E+01  2.19E+01  2.07E-02  0.00E+00  0.00E+00  0.00E+00  0.00E+00  3.59E-07


          ***CONVERGENCE CRITERION   IS SATISFIED***

          ==> TIME STEP   388   TIME :  3.8800E-02 SEC
     1  3.53E-07  1.24E-07  5.37E-09  1.00E+00  0.00E+00              7.86E+01  2.19E+01  2.07E-02  0.00E+00  0.00E+00  0.00E+00  0.00E+00  3.53E-07


          ***CONVERGENCE CRITERION   IS SATISFIED***

          ==> TIME STEP   389   TIME :  3.8900E-02 SEC
     1  3.47E-07  1.22E-07  5.34E-09  1.00E+00  0.00E+00              7.86E+01  2.19E+01  2.07E-02  0.00E+00  0.00E+00  0.00E+00  0.00E+00  3.47E-07


          ***CONVERGENCE CRITERION   IS SATISFIED***

          ==> TIME STEP   390   TIME :  3.9000E-02 SEC
     1  3.41E-07  1.20E-07  5.31E-09  1.00E+00  0.00E+00              7.86E+01  2.19E+01  2.07E-02  0.00E+00  0.00E+00  0.00E+00  0.00E+00  3.41E-07


          ***CONVERGENCE CRITERION   IS SATISFIED***

          ==> TIME STEP   391   TIME :  3.9100E-02 SEC
     1  3.36E-07  1.18E-07  5.28E-09  1.00E+00  0.00E+00              7.86E+01  2.19E+01  2.07E-02  0.00E+00  0.00E+00  0.00E+00  0.00E+00  3.36E-07


          ***CONVERGENCE CRITERION   IS SATISFIED***

          ==> TIME STEP   392   TIME :  3.9200E-02 SEC
     1  3.31E-07  1.16E-07  5.24E-09  1.00E+00  0.00E+00              7.86E+01  2.19E+01  2.07E-02  0.00E+00  0.00E+00  0.00E+00  0.00E+00  3.31E-07


          ***CONVERGENCE CRITERION   IS SATISFIED***

          ==> TIME STEP   393   TIME :  3.9300E-02 SEC
     1  3.25E-07  1.14E-07  5.21E-09  1.00E+00  0.00E+00              7.86E+01  2.19E+01  2.07E-02  0.00E+00  0.00E+00  0.00E+00  0.00E+00  3.25E-07


          ***CONVERGENCE CRITERION   IS SATISFIED***

          ==> TIME STEP   394   TIME :  3.9400E-02 SEC
     1  3.20E-07  1.12E-07  5.18E-09  1.00E+00  0.00E+00              7.86E+01  2.19E+01  2.07E-02  0.00E+00  0.00E+00  0.00E+00  0.00E+00  3.20E-07


          ***CONVERGENCE CRITERION   IS SATISFIED***

          ==> TIME STEP   395   TIME :  3.9500E-02 SEC
     1  3.15E-07  1.10E-07  5.15E-09  1.00E+00  0.00E+00              7.86E+01  2.19E+01  2.07E-02  0.00E+00  0.00E+00  0.00E+00  0.00E+00  3.15E-07


          ***CONVERGENCE CRITERION   IS SATISFIED***

          ==> TIME STEP   396   TIME :  3.9600E-02 SEC
     1  3.10E-07  1.09E-07  5.12E-09  1.00E+00  0.00E+00              7.86E+01  2.19E+01  2.07E-02  0.00E+00  0.00E+00  0.00E+00  0.00E+00  3.10E-07


          ***CONVERGENCE CRITERION   IS SATISFIED***

          ==> TIME STEP   397   TIME :  3.9700E-02 SEC
     1  3.05E-07  1.07E-07  5.09E-09  1.00E+00  0.00E+00              7.86E+01  2.19E+01  2.07E-02  0.00E+00  0.00E+00  0.00E+00  0.00E+00  3.05E-07


          ***CONVERGENCE CRITERION   IS SATISFIED***

          ==> TIME STEP   398   TIME :  3.9800E-02 SEC
     1  3.00E-07  1.05E-07  5.06E-09  1.00E+00  0.00E+00              7.86E+01  2.19E+01  2.07E-02  0.00E+00  0.00E+00  0.00E+00  0.00E+00  3.00E-07


          ***CONVERGENCE CRITERION   IS SATISFIED***

          ==> TIME STEP   399   TIME :  3.9900E-02 SEC
     1  2.95E-07  1.03E-07  5.03E-09  1.00E+00  0.00E+00              7.86E+01  2.19E+01  2.07E-02  0.00E+00  0.00E+00  0.00E+00  0.00E+00  2.95E-07


          ***CONVERGENCE CRITERION   IS SATISFIED***

          ==> TIME STEP   400   TIME :  4.0000E-02 SEC
     1  2.90E-07  1.02E-07  5.00E-09  1.00E+00  0.00E+00              7.86E+01  2.19E+01  2.07E-02  0.00E+00  0.00E+00  0.00E+00  0.00E+00  2.90E-07


          ***CONVERGENCE CRITERION   IS SATISFIED***

          WRITE RESULTS OF CALCULATIONS IN FILE 

                         PREPARE RESULTS OF CALCULATION FOR RESTART
                         ******************************************
                          WRITE RESULTS IN FILE :REST.0                                                                                                                                                                                                                                                          

          ==> TIME STEP   401   TIME :  4.0100E-02 SEC
     1  2.86E-07  1.00E-07  4.98E-09  1.00E+00  0.00E+00              7.86E+01  2.19E+01  2.07E-02  0.00E+00  0.00E+00  0.00E+00  0.00E+00  2.86E-07


          ***CONVERGENCE CRITERION   IS SATISFIED***

          ==> TIME STEP   402   TIME :  4.0200E-02 SEC
     1  2.81E-07  9.85E-08  4.95E-09  1.00E+00  0.00E+00              7.86E+01  2.19E+01  2.07E-02  0.00E+00  0.00E+00  0.00E+00  0.00E+00  2.81E-07


          ***CONVERGENCE CRITERION   IS SATISFIED***

          ==> TIME STEP   403   TIME :  4.0300E-02 SEC
     1  2.76E-07  9.69E-08  4.92E-09  1.00E+00  0.00E+00              7.86E+01  2.19E+01  2.07E-02  0.00E+00  0.00E+00  0.00E+00  0.00E+00  2.76E-07


          ***CONVERGENCE CRITERION   IS SATISFIED***

          ==> TIME STEP   404   TIME :  4.0400E-02 SEC
     1  2.72E-07  9.54E-08  4.90E-09  1.00E+00  0.00E+00              7.86E+01  2.19E+01  2.07E-02  0.00E+00  0.00E+00  0.00E+00  0.00E+00  2.72E-07


          ***CONVERGENCE CRITERION   IS SATISFIED***

          ==> TIME STEP   405   TIME :  4.0500E-02 SEC
     1  2.67E-07  9.38E-08  4.87E-09  1.00E+00  0.00E+00              7.86E+01  2.19E+01  2.07E-02  0.00E+00  0.00E+00  0.00E+00  0.00E+00  2.67E-07


          ***CONVERGENCE CRITERION   IS SATISFIED***

          ==> TIME STEP   406   TIME :  4.0600E-02 SEC
     1  2.63E-07  9.23E-08  4.85E-09  1.00E+00  0.00E+00              7.86E+01  2.19E+01  2.07E-02  0.00E+00  0.00E+00  0.00E+00  0.00E+00  2.63E-07


          ***CONVERGENCE CRITERION   IS SATISFIED***

          ==> TIME STEP   407   TIME :  4.0700E-02 SEC
     1  2.59E-07  9.09E-08  4.82E-09  1.00E+00  0.00E+00              7.86E+01  2.19E+01  2.07E-02  0.00E+00  0.00E+00  0.00E+00  0.00E+00  2.59E-07


          ***CONVERGENCE CRITERION   IS SATISFIED***

          ==> TIME STEP   408   TIME :  4.0800E-02 SEC
     1  2.54E-07  8.94E-08  4.79E-09  1.00E+00  0.00E+00              7.86E+01  2.19E+01  2.07E-02  0.00E+00  0.00E+00  0.00E+00  0.00E+00  2.54E-07


          ***CONVERGENCE CRITERION   IS SATISFIED***

          ==> TIME STEP   409   TIME :  4.0900E-02 SEC
     1  2.50E-07  8.80E-08  4.77E-09  1.00E+00  0.00E+00              7.86E+01  2.19E+01  2.07E-02  0.00E+00  0.00E+00  0.00E+00  0.00E+00  2.50E-07


          ***CONVERGENCE CRITERION   IS SATISFIED***

          ==> TIME STEP   410   TIME :  4.1000E-02 SEC
     1  2.46E-07  8.66E-08  4.75E-09  1.00E+00  0.00E+00              7.86E+01  2.19E+01  2.07E-02  0.00E+00  0.00E+00  0.00E+00  0.00E+00  2.46E-07


          ***CONVERGENCE CRITERION   IS SATISFIED***

          ==> TIME STEP   411   TIME :  4.1100E-02 SEC
     1  2.42E-07  8.52E-08  4.72E-09  1.00E+00  0.00E+00              7.86E+01  2.19E+01  2.07E-02  0.00E+00  0.00E+00  0.00E+00  0.00E+00  2.42E-07


          ***CONVERGENCE CRITERION   IS SATISFIED***

          ==> TIME STEP   412   TIME :  4.1200E-02 SEC
     1  2.38E-07  8.38E-08  4.70E-09  1.00E+00  0.00E+00              7.86E+01  2.19E+01  2.07E-02  0.00E+00  0.00E+00  0.00E+00  0.00E+00  2.38E-07


          ***CONVERGENCE CRITERION   IS SATISFIED***

          ==> TIME STEP   413   TIME :  4.1300E-02 SEC
     1  2.34E-07  8.25E-08  4.67E-09  1.00E+00  0.00E+00              7.86E+01  2.19E+01  2.07E-02  0.00E+00  0.00E+00  0.00E+00  0.00E+00  2.34E-07


          ***CONVERGENCE CRITERION   IS SATISFIED***

          ==> TIME STEP   414   TIME :  4.1400E-02 SEC
     1  2.31E-07  8.12E-08  4.65E-09  1.00E+00  0.00E+00              7.86E+01  2.19E+01  2.07E-02  0.00E+00  0.00E+00  0.00E+00  0.00E+00  2.31E-07


          ***CONVERGENCE CRITERION   IS SATISFIED***

          ==> TIME STEP   415   TIME :  4.1500E-02 SEC
     1  2.27E-07  7.99E-08  4.62E-09  1.00E+00  0.00E+00              7.86E+01  2.19E+01  2.07E-02  0.00E+00  0.00E+00  0.00E+00  0.00E+00  2.27E-07


          ***CONVERGENCE CRITERION   IS SATISFIED***

          ==> TIME STEP   416   TIME :  4.1600E-02 SEC
     1  2.23E-07  7.86E-08  4.60E-09  1.00E+00  0.00E+00              7.86E+01  2.19E+01  2.07E-02  0.00E+00  0.00E+00  0.00E+00  0.00E+00  2.23E-07


          ***CONVERGENCE CRITERION   IS SATISFIED***

          ==> TIME STEP   417   TIME :  4.1700E-02 SEC
     1  2.20E-07  7.74E-08  4.57E-09  1.00E+00  0.00E+00              7.86E+01  2.19E+01  2.07E-02  0.00E+00  0.00E+00  0.00E+00  0.00E+00  2.20E-07


          ***CONVERGENCE CRITERION   IS SATISFIED***

          ==> TIME STEP   418   TIME :  4.1800E-02 SEC
     1  2.16E-07  7.61E-08  4.55E-09  1.00E+00  0.00E+00              7.86E+01  2.19E+01  2.07E-02  0.00E+00  0.00E+00  0.00E+00  0.00E+00  2.16E-07


          ***CONVERGENCE CRITERION   IS SATISFIED***

          ==> TIME STEP   419   TIME :  4.1900E-02 SEC
     1  2.12E-07  7.49E-08  4.52E-09  1.00E+00  0.00E+00              7.86E+01  2.19E+01  2.07E-02  0.00E+00  0.00E+00  0.00E+00  0.00E+00  2.12E-07


          ***CONVERGENCE CRITERION   IS SATISFIED***

          ==> TIME STEP   420   TIME :  4.2000E-02 SEC
     1  2.09E-07  7.37E-08  4.50E-09  1.00E+00  0.00E+00              7.86E+01  2.19E+01  2.07E-02  0.00E+00  0.00E+00  0.00E+00  0.00E+00  2.09E-07


          ***CONVERGENCE CRITERION   IS SATISFIED***

          WRITE RESULTS OF CALCULATIONS IN FILE 

                         PREPARE RESULTS OF CALCULATION FOR RESTART
                         ******************************************
                          WRITE RESULTS IN FILE :REST.0                                                                                                                                                                                                                                                          

          ==> TIME STEP   421   TIME :  4.2100E-02 SEC
     1  2.06E-07  7.26E-08  4.47E-09  1.00E+00  0.00E+00              7.86E+01  2.19E+01  2.07E-02  0.00E+00  0.00E+00  0.00E+00  0.00E+00  2.06E-07


          ***CONVERGENCE CRITERION   IS SATISFIED***

          ==> TIME STEP   422   TIME :  4.2200E-02 SEC
     1  2.02E-07  7.14E-08  4.45E-09  1.00E+00  0.00E+00              7.86E+01  2.19E+01  2.07E-02  0.00E+00  0.00E+00  0.00E+00  0.00E+00  2.02E-07


          ***CONVERGENCE CRITERION   IS SATISFIED***

          ==> TIME STEP   423   TIME :  4.2300E-02 SEC
     1  1.99E-07  7.03E-08  4.42E-09  1.00E+00  0.00E+00              7.86E+01  2.19E+01  2.07E-02  0.00E+00  0.00E+00  0.00E+00  0.00E+00  1.99E-07


          ***CONVERGENCE CRITERION   IS SATISFIED***

          ==> TIME STEP   424   TIME :  4.2400E-02 SEC
     1  1.96E-07  6.92E-08  4.40E-09  1.00E+00  0.00E+00              7.86E+01  2.19E+01  2.07E-02  0.00E+00  0.00E+00  0.00E+00  0.00E+00  1.96E-07


          ***CONVERGENCE CRITERION   IS SATISFIED***

          ==> TIME STEP   425   TIME :  4.2500E-02 SEC
     1  1.92E-07  6.81E-08  4.37E-09  1.00E+00  0.00E+00              7.86E+01  2.19E+01  2.07E-02  0.00E+00  0.00E+00  0.00E+00  0.00E+00  1.92E-07


          ***CONVERGENCE CRITERION   IS SATISFIED***

          ==> TIME STEP   426   TIME :  4.2600E-02 SEC
     1  1.89E-07  6.70E-08  4.34E-09  1.00E+00  0.00E+00              7.86E+01  2.19E+01  2.07E-02  0.00E+00  0.00E+00  0.00E+00  0.00E+00  1.89E-07


          ***CONVERGENCE CRITERION   IS SATISFIED***

          ==> TIME STEP   427   TIME :  4.2700E-02 SEC
     1  1.86E-07  6.59E-08  4.32E-09  1.00E+00  0.00E+00              7.86E+01  2.19E+01  2.07E-02  0.00E+00  0.00E+00  0.00E+00  0.00E+00  1.86E-07


          ***CONVERGENCE CRITERION   IS SATISFIED***

          ==> TIME STEP   428   TIME :  4.2800E-02 SEC
     1  1.83E-07  6.49E-08  4.29E-09  1.00E+00  0.00E+00              7.86E+01  2.19E+01  2.07E-02  0.00E+00  0.00E+00  0.00E+00  0.00E+00  1.83E-07


          ***CONVERGENCE CRITERION   IS SATISFIED***

          ==> TIME STEP   429   TIME :  4.2900E-02 SEC
     1  1.80E-07  6.38E-08  4.26E-09  1.00E+00  0.00E+00              7.86E+01  2.19E+01  2.07E-02  0.00E+00  0.00E+00  0.00E+00  0.00E+00  1.80E-07


          ***CONVERGENCE CRITERION   IS SATISFIED***

          ==> TIME STEP   430   TIME :  4.3000E-02 SEC
     1  1.77E-07  6.28E-08  4.23E-09  1.00E+00  0.00E+00              7.86E+01  2.19E+01  2.07E-02  0.00E+00  0.00E+00  0.00E+00  0.00E+00  1.77E-07


          ***CONVERGENCE CRITERION   IS SATISFIED***

          ==> TIME STEP   431   TIME :  4.3100E-02 SEC
     1  1.74E-07  6.18E-08  4.20E-09  1.00E+00  0.00E+00              7.86E+01  2.19E+01  2.07E-02  0.00E+00  0.00E+00  0.00E+00  0.00E+00  1.74E-07


          ***CONVERGENCE CRITERION   IS SATISFIED***

          ==> TIME STEP   432   TIME :  4.3200E-02 SEC
     1  1.71E-07  6.08E-08  4.16E-09  1.00E+00  0.00E+00              7.86E+01  2.19E+01  2.07E-02  0.00E+00  0.00E+00  0.00E+00  0.00E+00  1.71E-07


          ***CONVERGENCE CRITERION   IS SATISFIED***

          ==> TIME STEP   433   TIME :  4.3300E-02 SEC
     1  1.68E-07  5.98E-08  4.13E-09  1.00E+00  0.00E+00              7.86E+01  2.19E+01  2.07E-02  0.00E+00  0.00E+00  0.00E+00  0.00E+00  1.68E-07


          ***CONVERGENCE CRITERION   IS SATISFIED***

          ==> TIME STEP   434   TIME :  4.3400E-02 SEC
     1  1.66E-07  5.89E-08  4.10E-09  1.00E+00  0.00E+00              7.86E+01  2.19E+01  2.07E-02  0.00E+00  0.00E+00  0.00E+00  0.00E+00  1.66E-07


          ***CONVERGENCE CRITERION   IS SATISFIED***

          ==> TIME STEP   435   TIME :  4.3500E-02 SEC
     1  1.63E-07  5.79E-08  4.06E-09  1.00E+00  0.00E+00              7.86E+01  2.19E+01  2.07E-02  0.00E+00  0.00E+00  0.00E+00  0.00E+00  1.63E-07


          ***CONVERGENCE CRITERION   IS SATISFIED***

          ==> TIME STEP   436   TIME :  4.3600E-02 SEC
     1  1.60E-07  5.70E-08  4.03E-09  1.00E+00  0.00E+00              7.86E+01  2.19E+01  2.07E-02  0.00E+00  0.00E+00  0.00E+00  0.00E+00  1.60E-07


          ***CONVERGENCE CRITERION   IS SATISFIED***

          ==> TIME STEP   437   TIME :  4.3700E-02 SEC
     1  1.58E-07  5.61E-08  3.99E-09  1.00E+00  0.00E+00              7.86E+01  2.19E+01  2.07E-02  0.00E+00  0.00E+00  0.00E+00  0.00E+00  1.58E-07


          ***CONVERGENCE CRITERION   IS SATISFIED***

          ==> TIME STEP   438   TIME :  4.3800E-02 SEC
     1  1.55E-07  5.52E-08  3.95E-09  1.00E+00  0.00E+00              7.86E+01  2.19E+01  2.07E-02  0.00E+00  0.00E+00  0.00E+00  0.00E+00  1.55E-07


          ***CONVERGENCE CRITERION   IS SATISFIED***

          ==> TIME STEP   439   TIME :  4.3900E-02 SEC
     1  1.52E-07  5.43E-08  3.91E-09  1.00E+00  0.00E+00              7.86E+01  2.19E+01  2.07E-02  0.00E+00  0.00E+00  0.00E+00  0.00E+00  1.52E-07


          ***CONVERGENCE CRITERION   IS SATISFIED***

          ==> TIME STEP   440   TIME :  4.4000E-02 SEC
     1  1.50E-07  5.34E-08  3.87E-09  1.00E+00  0.00E+00              7.86E+01  2.19E+01  2.07E-02  0.00E+00  0.00E+00  0.00E+00  0.00E+00  1.50E-07


          ***CONVERGENCE CRITERION   IS SATISFIED***

          WRITE RESULTS OF CALCULATIONS IN FILE 

                         PREPARE RESULTS OF CALCULATION FOR RESTART
                         ******************************************
                          WRITE RESULTS IN FILE :REST.0                                                                                                                                                                                                                                                          

          ==> TIME STEP   441   TIME :  4.4100E-02 SEC
     1  1.47E-07  5.25E-08  3.83E-09  1.00E+00  0.00E+00              7.86E+01  2.19E+01  2.07E-02  0.00E+00  0.00E+00  0.00E+00  0.00E+00  1.47E-07


          ***CONVERGENCE CRITERION   IS SATISFIED***

          ==> TIME STEP   442   TIME :  4.4200E-02 SEC
     1  1.45E-07  5.17E-08  3.79E-09  1.00E+00  0.00E+00              7.86E+01  2.19E+01  2.07E-02  0.00E+00  0.00E+00  0.00E+00  0.00E+00  1.45E-07


          ***CONVERGENCE CRITERION   IS SATISFIED***

          ==> TIME STEP   443   TIME :  4.4300E-02 SEC
     1  1.42E-07  5.08E-08  3.75E-09  1.00E+00  0.00E+00              7.86E+01  2.19E+01  2.07E-02  0.00E+00  0.00E+00  0.00E+00  0.00E+00  1.42E-07


          ***CONVERGENCE CRITERION   IS SATISFIED***

          ==> TIME STEP   444   TIME :  4.4400E-02 SEC
     1  1.40E-07  5.00E-08  3.70E-09  1.00E+00  0.00E+00              7.86E+01  2.19E+01  2.07E-02  0.00E+00  0.00E+00  0.00E+00  0.00E+00  1.40E-07


          ***CONVERGENCE CRITERION   IS SATISFIED***

          ==> TIME STEP   445   TIME :  4.4500E-02 SEC
     1  1.38E-07  4.92E-08  3.65E-09  1.00E+00  0.00E+00              7.86E+01  2.19E+01  2.07E-02  0.00E+00  0.00E+00  0.00E+00  0.00E+00  1.38E-07


          ***CONVERGENCE CRITERION   IS SATISFIED***

          ==> TIME STEP   446   TIME :  4.4600E-02 SEC
     1  1.35E-07  4.84E-08  3.61E-09  1.00E+00  0.00E+00              7.86E+01  2.19E+01  2.07E-02  0.00E+00  0.00E+00  0.00E+00  0.00E+00  1.35E-07


          ***CONVERGENCE CRITERION   IS SATISFIED***

          ==> TIME STEP   447   TIME :  4.4700E-02 SEC
     1  1.33E-07  4.76E-08  3.56E-09  1.00E+00  0.00E+00              7.86E+01  2.19E+01  2.07E-02  0.00E+00  0.00E+00  0.00E+00  0.00E+00  1.33E-07


          ***CONVERGENCE CRITERION   IS SATISFIED***

          ==> TIME STEP   448   TIME :  4.4800E-02 SEC
     1  1.31E-07  4.68E-08  3.51E-09  1.00E+00  0.00E+00              7.86E+01  2.19E+01  2.07E-02  0.00E+00  0.00E+00  0.00E+00  0.00E+00  1.31E-07


          ***CONVERGENCE CRITERION   IS SATISFIED***

          ==> TIME STEP   449   TIME :  4.4900E-02 SEC
     1  1.29E-07  4.61E-08  3.46E-09  1.00E+00  0.00E+00              7.86E+01  2.19E+01  2.07E-02  0.00E+00  0.00E+00  0.00E+00  0.00E+00  1.29E-07


          ***CONVERGENCE CRITERION   IS SATISFIED***

          ==> TIME STEP   450   TIME :  4.5000E-02 SEC
     1  1.27E-07  4.53E-08  3.41E-09  1.00E+00  0.00E+00              7.86E+01  2.19E+01  2.07E-02  0.00E+00  0.00E+00  0.00E+00  0.00E+00  1.27E-07


          ***CONVERGENCE CRITERION   IS SATISFIED***

          ==> TIME STEP   451   TIME :  4.5100E-02 SEC
     1  1.25E-07  4.46E-08  3.35E-09  1.00E+00  0.00E+00              7.86E+01  2.19E+01  2.07E-02  0.00E+00  0.00E+00  0.00E+00  0.00E+00  1.25E-07


          ***CONVERGENCE CRITERION   IS SATISFIED***

          ==> TIME STEP   452   TIME :  4.5200E-02 SEC
     1  1.23E-07  4.38E-08  3.30E-09  1.00E+00  0.00E+00              7.86E+01  2.19E+01  2.07E-02  0.00E+00  0.00E+00  0.00E+00  0.00E+00  1.23E-07


          ***CONVERGENCE CRITERION   IS SATISFIED***

          ==> TIME STEP   453   TIME :  4.5300E-02 SEC
     1  1.21E-07  4.31E-08  3.25E-09  1.00E+00  0.00E+00              7.86E+01  2.19E+01  2.07E-02  0.00E+00  0.00E+00  0.00E+00  0.00E+00  1.21E-07


          ***CONVERGENCE CRITERION   IS SATISFIED***

          ==> TIME STEP   454   TIME :  4.5400E-02 SEC
     1  1.19E-07  4.24E-08  3.19E-09  1.00E+00  0.00E+00              7.86E+01  2.19E+01  2.07E-02  0.00E+00  0.00E+00  0.00E+00  0.00E+00  1.19E-07


          ***CONVERGENCE CRITERION   IS SATISFIED***

          ==> TIME STEP   455   TIME :  4.5500E-02 SEC
     1  1.17E-07  4.17E-08  3.13E-09  1.00E+00  0.00E+00              7.86E+01  2.19E+01  2.07E-02  0.00E+00  0.00E+00  0.00E+00  0.00E+00  1.17E-07


          ***CONVERGENCE CRITERION   IS SATISFIED***

          ==> TIME STEP   456   TIME :  4.5600E-02 SEC
     1  1.15E-07  4.10E-08  3.08E-09  1.00E+00  0.00E+00              7.86E+01  2.19E+01  2.07E-02  0.00E+00  0.00E+00  0.00E+00  0.00E+00  1.15E-07


          ***CONVERGENCE CRITERION   IS SATISFIED***

          ==> TIME STEP   457   TIME :  4.5700E-02 SEC
     1  1.13E-07  4.04E-08  3.02E-09  1.00E+00  0.00E+00              7.86E+01  2.19E+01  2.07E-02  0.00E+00  0.00E+00  0.00E+00  0.00E+00  1.13E-07


          ***CONVERGENCE CRITERION   IS SATISFIED***

          ==> TIME STEP   458   TIME :  4.5800E-02 SEC
     1  1.11E-07  3.97E-08  2.96E-09  1.00E+00  0.00E+00              7.86E+01  2.19E+01  2.07E-02  0.00E+00  0.00E+00  0.00E+00  0.00E+00  1.11E-07


          ***CONVERGENCE CRITERION   IS SATISFIED***

          ==> TIME STEP   459   TIME :  4.5900E-02 SEC
     1  1.09E-07  3.91E-08  2.91E-09  1.00E+00  0.00E+00              7.86E+01  2.19E+01  2.07E-02  0.00E+00  0.00E+00  0.00E+00  0.00E+00  1.09E-07


          ***CONVERGENCE CRITERION   IS SATISFIED***

          ==> TIME STEP   460   TIME :  4.6000E-02 SEC
     1  1.07E-07  3.84E-08  2.85E-09  1.00E+00  0.00E+00              7.86E+01  2.19E+01  2.07E-02  0.00E+00  0.00E+00  0.00E+00  0.00E+00  1.07E-07


          ***CONVERGENCE CRITERION   IS SATISFIED***

          WRITE RESULTS OF CALCULATIONS IN FILE 

                         PREPARE RESULTS OF CALCULATION FOR RESTART
                         ******************************************
                          WRITE RESULTS IN FILE :REST.0                                                                                                                                                                                                                                                          

          ==> TIME STEP   461   TIME :  4.6100E-02 SEC
     1  1.06E-07  3.78E-08  2.79E-09  1.00E+00  0.00E+00              7.86E+01  2.19E+01  2.07E-02  0.00E+00  0.00E+00  0.00E+00  0.00E+00  1.06E-07


          ***CONVERGENCE CRITERION   IS SATISFIED***

          ==> TIME STEP   462   TIME :  4.6200E-02 SEC
     1  1.04E-07  3.72E-08  2.73E-09  1.00E+00  0.00E+00              7.86E+01  2.19E+01  2.07E-02  0.00E+00  0.00E+00  0.00E+00  0.00E+00  1.04E-07


          ***CONVERGENCE CRITERION   IS SATISFIED***

          ==> TIME STEP   463   TIME :  4.6300E-02 SEC
     1  1.02E-07  3.66E-08  2.68E-09  1.00E+00  0.00E+00              7.86E+01  2.19E+01  2.07E-02  0.00E+00  0.00E+00  0.00E+00  0.00E+00  1.02E-07


          ***CONVERGENCE CRITERION   IS SATISFIED***

          ==> TIME STEP   464   TIME :  4.6400E-02 SEC
     1  1.00E-07  3.60E-08  2.62E-09  1.00E+00  0.00E+00              7.86E+01  2.19E+01  2.07E-02  0.00E+00  0.00E+00  0.00E+00  0.00E+00  1.00E-07


          ***CONVERGENCE CRITERION   IS SATISFIED***

          ==> TIME STEP   465   TIME :  4.6500E-02 SEC
     1  9.87E-08  3.54E-08  2.56E-09  1.00E+00  0.00E+00              7.86E+01  2.19E+01  2.07E-02  0.00E+00  0.00E+00  0.00E+00  0.00E+00  9.87E-08


          ***CONVERGENCE CRITERION   IS SATISFIED***

          ==> TIME STEP   466   TIME :  4.6600E-02 SEC
     1  9.71E-08  3.48E-08  2.50E-09  1.00E+00  0.00E+00              7.86E+01  2.19E+01  2.07E-02  0.00E+00  0.00E+00  0.00E+00  0.00E+00  9.71E-08


          ***CONVERGENCE CRITERION   IS SATISFIED***

          ==> TIME STEP   467   TIME :  4.6700E-02 SEC
     1  9.55E-08  3.43E-08  2.45E-09  1.00E+00  0.00E+00              7.86E+01  2.19E+01  2.07E-02  0.00E+00  0.00E+00  0.00E+00  0.00E+00  9.55E-08


          ***CONVERGENCE CRITERION   IS SATISFIED***

          ==> TIME STEP   468   TIME :  4.6800E-02 SEC
     1  9.39E-08  3.37E-08  2.39E-09  1.00E+00  0.00E+00              7.86E+01  2.19E+01  2.07E-02  0.00E+00  0.00E+00  0.00E+00  0.00E+00  9.39E-08


          ***CONVERGENCE CRITERION   IS SATISFIED***

          ==> TIME STEP   469   TIME :  4.6900E-02 SEC
     1  9.23E-08  3.32E-08  2.34E-09  1.00E+00  0.00E+00              7.86E+01  2.19E+01  2.07E-02  0.00E+00  0.00E+00  0.00E+00  0.00E+00  9.23E-08


          ***CONVERGENCE CRITERION   IS SATISFIED***

          ==> TIME STEP   470   TIME :  4.7000E-02 SEC
     1  9.08E-08  3.26E-08  2.28E-09  1.00E+00  0.00E+00              7.86E+01  2.19E+01  2.07E-02  0.00E+00  0.00E+00  0.00E+00  0.00E+00  9.08E-08


          ***CONVERGENCE CRITERION   IS SATISFIED***

          ==> TIME STEP   471   TIME :  4.7100E-02 SEC
     1  8.93E-08  3.21E-08  2.23E-09  1.00E+00  0.00E+00              7.86E+01  2.19E+01  2.07E-02  0.00E+00  0.00E+00  0.00E+00  0.00E+00  8.93E-08


          ***CONVERGENCE CRITERION   IS SATISFIED***

          ==> TIME STEP   472   TIME :  4.7200E-02 SEC
     1  8.79E-08  3.16E-08  2.18E-09  1.00E+00  0.00E+00              7.86E+01  2.19E+01  2.07E-02  0.00E+00  0.00E+00  0.00E+00  0.00E+00  8.79E-08


          ***CONVERGENCE CRITERION   IS SATISFIED***

          ==> TIME STEP   473   TIME :  4.7300E-02 SEC
     1  8.64E-08  3.11E-08  2.13E-09  1.00E+00  0.00E+00              7.86E+01  2.19E+01  2.07E-02  0.00E+00  0.00E+00  0.00E+00  0.00E+00  8.64E-08


          ***CONVERGENCE CRITERION   IS SATISFIED***

          ==> TIME STEP   474   TIME :  4.7400E-02 SEC
     1  8.50E-08  3.06E-08  2.08E-09  1.00E+00  0.00E+00              7.86E+01  2.19E+01  2.07E-02  0.00E+00  0.00E+00  0.00E+00  0.00E+00  8.50E-08


          ***CONVERGENCE CRITERION   IS SATISFIED***

          ==> TIME STEP   475   TIME :  4.7500E-02 SEC
     1  8.36E-08  3.01E-08  2.03E-09  1.00E+00  0.00E+00              7.86E+01  2.19E+01  2.07E-02  0.00E+00  0.00E+00  0.00E+00  0.00E+00  8.36E-08


          ***CONVERGENCE CRITERION   IS SATISFIED***

          ==> TIME STEP   476   TIME :  4.7600E-02 SEC
     1  8.22E-08  2.96E-08  1.99E-09  1.00E+00  0.00E+00              7.86E+01  2.19E+01  2.07E-02  0.00E+00  0.00E+00  0.00E+00  0.00E+00  8.22E-08


          ***CONVERGENCE CRITERION   IS SATISFIED***

          ==> TIME STEP   477   TIME :  4.7700E-02 SEC
     1  8.09E-08  2.91E-08  1.94E-09  1.00E+00  0.00E+00              7.86E+01  2.19E+01  2.07E-02  0.00E+00  0.00E+00  0.00E+00  0.00E+00  8.09E-08


          ***CONVERGENCE CRITERION   IS SATISFIED***

          ==> TIME STEP   478   TIME :  4.7800E-02 SEC
     1  7.96E-08  2.87E-08  1.90E-09  1.00E+00  0.00E+00              7.86E+01  2.19E+01  2.07E-02  0.00E+00  0.00E+00  0.00E+00  0.00E+00  7.96E-08


          ***CONVERGENCE CRITERION   IS SATISFIED***

          ==> TIME STEP   479   TIME :  4.7900E-02 SEC
     1  7.83E-08  2.82E-08  1.86E-09  1.00E+00  0.00E+00              7.86E+01  2.19E+01  2.07E-02  0.00E+00  0.00E+00  0.00E+00  0.00E+00  7.83E-08


          ***CONVERGENCE CRITERION   IS SATISFIED***

          ==> TIME STEP   480   TIME :  4.8000E-02 SEC
     1  7.70E-08  2.78E-08  1.82E-09  1.00E+00  0.00E+00              7.86E+01  2.19E+01  2.07E-02  0.00E+00  0.00E+00  0.00E+00  0.00E+00  7.70E-08


          ***CONVERGENCE CRITERION   IS SATISFIED***

          WRITE RESULTS OF CALCULATIONS IN FILE 

                         PREPARE RESULTS OF CALCULATION FOR RESTART
                         ******************************************
                          WRITE RESULTS IN FILE :REST.0                                                                                                                                                                                                                                                          

          ==> TIME STEP   481   TIME :  4.8100E-02 SEC
     1  7.57E-08  2.73E-08  1.79E-09  1.00E+00  0.00E+00              7.86E+01  2.19E+01  2.07E-02  0.00E+00  0.00E+00  0.00E+00  0.00E+00  7.57E-08


          ***CONVERGENCE CRITERION   IS SATISFIED***

          ==> TIME STEP   482   TIME :  4.8200E-02 SEC
     1  7.44E-08  2.69E-08  1.75E-09  1.00E+00  0.00E+00              7.86E+01  2.19E+01  2.07E-02  0.00E+00  0.00E+00  0.00E+00  0.00E+00  7.44E-08


          ***CONVERGENCE CRITERION   IS SATISFIED***

          ==> TIME STEP   483   TIME :  4.8300E-02 SEC
     1  7.32E-08  2.65E-08  1.72E-09  1.00E+00  0.00E+00              7.86E+01  2.19E+01  2.07E-02  0.00E+00  0.00E+00  0.00E+00  0.00E+00  7.32E-08


          ***CONVERGENCE CRITERION   IS SATISFIED***

          ==> TIME STEP   484   TIME :  4.8400E-02 SEC
     1  7.19E-08  2.60E-08  1.69E-09  1.00E+00  0.00E+00              7.86E+01  2.19E+01  2.07E-02  0.00E+00  0.00E+00  0.00E+00  0.00E+00  7.19E-08


          ***CONVERGENCE CRITERION   IS SATISFIED***

          ==> TIME STEP   485   TIME :  4.8500E-02 SEC
     1  7.07E-08  2.56E-08  1.66E-09  1.00E+00  0.00E+00              7.86E+01  2.19E+01  2.07E-02  0.00E+00  0.00E+00  0.00E+00  0.00E+00  7.07E-08


          ***CONVERGENCE CRITERION   IS SATISFIED***

          ==> TIME STEP   486   TIME :  4.8600E-02 SEC
     1  6.95E-08  2.52E-08  1.64E-09  1.00E+00  0.00E+00              7.86E+01  2.19E+01  2.07E-02  0.00E+00  0.00E+00  0.00E+00  0.00E+00  6.95E-08


          ***CONVERGENCE CRITERION   IS SATISFIED***

          ==> TIME STEP   487   TIME :  4.8700E-02 SEC
     1  6.83E-08  2.48E-08  1.61E-09  1.00E+00  0.00E+00              7.86E+01  2.19E+01  2.07E-02  0.00E+00  0.00E+00  0.00E+00  0.00E+00  6.83E-08


          ***CONVERGENCE CRITERION   IS SATISFIED***

          ==> TIME STEP   488   TIME :  4.8800E-02 SEC
     1  6.72E-08  2.44E-08  1.59E-09  1.00E+00  0.00E+00              7.86E+01  2.19E+01  2.07E-02  0.00E+00  0.00E+00  0.00E+00  0.00E+00  6.72E-08


          ***CONVERGENCE CRITERION   IS SATISFIED***

          ==> TIME STEP   489   TIME :  4.8900E-02 SEC
     1  6.61E-08  2.40E-08  1.57E-09  1.00E+00  0.00E+00              7.86E+01  2.19E+01  2.07E-02  0.00E+00  0.00E+00  0.00E+00  0.00E+00  6.61E-08


          ***CONVERGENCE CRITERION   IS SATISFIED***

          ==> TIME STEP   490   TIME :  4.9000E-02 SEC
     1  6.49E-08  2.36E-08  1.55E-09  1.00E+00  0.00E+00              7.86E+01  2.19E+01  2.07E-02  0.00E+00  0.00E+00  0.00E+00  0.00E+00  6.49E-08


          ***CONVERGENCE CRITERION   IS SATISFIED***

          ==> TIME STEP   491   TIME :  4.9100E-02 SEC
     1  6.38E-08  2.32E-08  1.53E-09  1.00E+00  0.00E+00              7.86E+01  2.19E+01  2.07E-02  0.00E+00  0.00E+00  0.00E+00  0.00E+00  6.38E-08


          ***CONVERGENCE CRITERION   IS SATISFIED***

          ==> TIME STEP   492   TIME :  4.9200E-02 SEC
     1  6.27E-08  2.28E-08  1.51E-09  1.00E+00  0.00E+00              7.86E+01  2.19E+01  2.07E-02  0.00E+00  0.00E+00  0.00E+00  0.00E+00  6.27E-08


          ***CONVERGENCE CRITERION   IS SATISFIED***

          ==> TIME STEP   493   TIME :  4.9300E-02 SEC
     1  6.17E-08  2.25E-08  1.50E-09  1.00E+00  0.00E+00              7.86E+01  2.19E+01  2.07E-02  0.00E+00  0.00E+00  0.00E+00  0.00E+00  6.17E-08


          ***CONVERGENCE CRITERION   IS SATISFIED***

          ==> TIME STEP   494   TIME :  4.9400E-02 SEC
     1  6.06E-08  2.21E-08  1.48E-09  1.00E+00  0.00E+00              7.86E+01  2.19E+01  2.07E-02  0.00E+00  0.00E+00  0.00E+00  0.00E+00  6.06E-08


          ***CONVERGENCE CRITERION   IS SATISFIED***

          ==> TIME STEP   495   TIME :  4.9500E-02 SEC
     1  5.96E-08  2.18E-08  1.47E-09  1.00E+00  0.00E+00              7.86E+01  2.19E+01  2.07E-02  0.00E+00  0.00E+00  0.00E+00  0.00E+00  5.96E-08


          ***CONVERGENCE CRITERION   IS SATISFIED***

          ==> TIME STEP   496   TIME :  4.9600E-02 SEC
     1  5.86E-08  2.14E-08  1.45E-09  1.00E+00  0.00E+00              7.86E+01  2.19E+01  2.07E-02  0.00E+00  0.00E+00  0.00E+00  0.00E+00  5.86E-08


          ***CONVERGENCE CRITERION   IS SATISFIED***

          ==> TIME STEP   497   TIME :  4.9700E-02 SEC
     1  5.76E-08  2.10E-08  1.44E-09  1.00E+00  0.00E+00              7.86E+01  2.19E+01  2.07E-02  0.00E+00  0.00E+00  0.00E+00  0.00E+00  5.76E-08


          ***CONVERGENCE CRITERION   IS SATISFIED***

          ==> TIME STEP   498   TIME :  4.9800E-02 SEC
     1  5.66E-08  2.07E-08  1.43E-09  1.00E+00  0.00E+00              7.86E+01  2.19E+01  2.07E-02  0.00E+00  0.00E+00  0.00E+00  0.00E+00  5.66E-08


          ***CONVERGENCE CRITERION   IS SATISFIED***

          ==> TIME STEP   499   TIME :  4.9900E-02 SEC
     1  5.57E-08  2.04E-08  1.41E-09  1.00E+00  0.00E+00              7.86E+01  2.19E+01  2.07E-02  0.00E+00  0.00E+00  0.00E+00  0.00E+00  5.57E-08


          ***CONVERGENCE CRITERION   IS SATISFIED***

          ==> TIME STEP   500   TIME :  5.0000E-02 SEC
     1  5.47E-08  2.00E-08  1.40E-09  1.00E+00  0.00E+00              7.86E+01  2.19E+01  2.07E-02  0.00E+00  0.00E+00  0.00E+00  0.00E+00  5.47E-08


          ***CONVERGENCE CRITERION   IS SATISFIED***

          WRITE RESULTS OF CALCULATIONS IN FILE 

                         PREPARE RESULTS OF CALCULATION FOR RESTART
                         ******************************************
                          WRITE RESULTS IN FILE :REST.0                                                                                                                                                                                                                                                          

          ==> TIME STEP   501   TIME :  5.0100E-02 SEC
     1  5.38E-08  1.97E-08  1.39E-09  1.00E+00  0.00E+00              7.86E+01  2.19E+01  2.07E-02  0.00E+00  0.00E+00  0.00E+00  0.00E+00  5.38E-08


          ***CONVERGENCE CRITERION   IS SATISFIED***

          ==> TIME STEP   502   TIME :  5.0200E-02 SEC
     1  5.29E-08  1.94E-08  1.38E-09  1.00E+00  0.00E+00              7.86E+01  2.19E+01  2.07E-02  0.00E+00  0.00E+00  0.00E+00  0.00E+00  5.29E-08


          ***CONVERGENCE CRITERION   IS SATISFIED***

          ==> TIME STEP   503   TIME :  5.0300E-02 SEC
     1  5.20E-08  1.91E-08  1.37E-09  1.00E+00  0.00E+00              7.86E+01  2.19E+01  2.07E-02  0.00E+00  0.00E+00  0.00E+00  0.00E+00  5.20E-08


          ***CONVERGENCE CRITERION   IS SATISFIED***

          ==> TIME STEP   504   TIME :  5.0400E-02 SEC
     1  5.11E-08  1.87E-08  1.36E-09  1.00E+00  0.00E+00              7.86E+01  2.19E+01  2.07E-02  0.00E+00  0.00E+00  0.00E+00  0.00E+00  5.11E-08


          ***CONVERGENCE CRITERION   IS SATISFIED***

          ==> TIME STEP   505   TIME :  5.0500E-02 SEC
     1  5.02E-08  1.84E-08  1.34E-09  1.00E+00  0.00E+00              7.86E+01  2.19E+01  2.07E-02  0.00E+00  0.00E+00  0.00E+00  0.00E+00  5.02E-08


          ***CONVERGENCE CRITERION   IS SATISFIED***

          ==> TIME STEP   506   TIME :  5.0600E-02 SEC
     1  4.94E-08  1.81E-08  1.33E-09  1.00E+00  0.00E+00              7.86E+01  2.19E+01  2.07E-02  0.00E+00  0.00E+00  0.00E+00  0.00E+00  4.94E-08


          ***CONVERGENCE CRITERION   IS SATISFIED***

          ==> TIME STEP   507   TIME :  5.0700E-02 SEC
     1  4.85E-08  1.78E-08  1.32E-09  1.00E+00  0.00E+00              7.86E+01  2.19E+01  2.07E-02  0.00E+00  0.00E+00  0.00E+00  0.00E+00  4.85E-08


          ***CONVERGENCE CRITERION   IS SATISFIED***

          ==> TIME STEP   508   TIME :  5.0800E-02 SEC
     1  4.77E-08  1.75E-08  1.31E-09  1.00E+00  0.00E+00              7.86E+01  2.19E+01  2.07E-02  0.00E+00  0.00E+00  0.00E+00  0.00E+00  4.77E-08


          ***CONVERGENCE CRITERION   IS SATISFIED***

          ==> TIME STEP   509   TIME :  5.0900E-02 SEC
     1  4.69E-08  1.72E-08  1.30E-09  1.00E+00  0.00E+00              7.86E+01  2.19E+01  2.07E-02  0.00E+00  0.00E+00  0.00E+00  0.00E+00  4.69E-08


          ***CONVERGENCE CRITERION   IS SATISFIED***

          ==> TIME STEP   510   TIME :  5.1000E-02 SEC
     1  4.61E-08  1.69E-08  1.29E-09  1.00E+00  0.00E+00              7.86E+01  2.19E+01  2.07E-02  0.00E+00  0.00E+00  0.00E+00  0.00E+00  4.61E-08


          ***CONVERGENCE CRITERION   IS SATISFIED***

          ==> TIME STEP   511   TIME :  5.1100E-02 SEC
     1  4.53E-08  1.67E-08  1.28E-09  1.00E+00  0.00E+00              7.86E+01  2.19E+01  2.07E-02  0.00E+00  0.00E+00  0.00E+00  0.00E+00  4.53E-08


          ***CONVERGENCE CRITERION   IS SATISFIED***

          ==> TIME STEP   512   TIME :  5.1200E-02 SEC
     1  4.45E-08  1.64E-08  1.28E-09  1.00E+00  0.00E+00              7.86E+01  2.19E+01  2.07E-02  0.00E+00  0.00E+00  0.00E+00  0.00E+00  4.45E-08


          ***CONVERGENCE CRITERION   IS SATISFIED***

          ==> TIME STEP   513   TIME :  5.1300E-02 SEC
     1  4.37E-08  1.61E-08  1.27E-09  1.00E+00  0.00E+00              7.86E+01  2.19E+01  2.07E-02  0.00E+00  0.00E+00  0.00E+00  0.00E+00  4.37E-08


          ***CONVERGENCE CRITERION   IS SATISFIED***

          ==> TIME STEP   514   TIME :  5.1400E-02 SEC
     1  4.30E-08  1.58E-08  1.26E-09  1.00E+00  0.00E+00              7.86E+01  2.19E+01  2.07E-02  0.00E+00  0.00E+00  0.00E+00  0.00E+00  4.30E-08


          ***CONVERGENCE CRITERION   IS SATISFIED***

          ==> TIME STEP   515   TIME :  5.1500E-02 SEC
     1  4.22E-08  1.56E-08  1.25E-09  1.00E+00  0.00E+00              7.86E+01  2.19E+01  2.07E-02  0.00E+00  0.00E+00  0.00E+00  0.00E+00  4.22E-08


          ***CONVERGENCE CRITERION   IS SATISFIED***

          ==> TIME STEP   516   TIME :  5.1600E-02 SEC
     1  4.15E-08  1.53E-08  1.24E-09  1.00E+00  0.00E+00              7.86E+01  2.19E+01  2.07E-02  0.00E+00  0.00E+00  0.00E+00  0.00E+00  4.15E-08


          ***CONVERGENCE CRITERION   IS SATISFIED***

          ==> TIME STEP   517   TIME :  5.1700E-02 SEC
     1  4.08E-08  1.50E-08  1.23E-09  1.00E+00  0.00E+00              7.86E+01  2.19E+01  2.07E-02  0.00E+00  0.00E+00  0.00E+00  0.00E+00  4.08E-08


          ***CONVERGENCE CRITERION   IS SATISFIED***

          ==> TIME STEP   518   TIME :  5.1800E-02 SEC
     1  4.01E-08  1.48E-08  1.22E-09  1.00E+00  0.00E+00              7.86E+01  2.19E+01  2.07E-02  0.00E+00  0.00E+00  0.00E+00  0.00E+00  4.01E-08


          ***CONVERGENCE CRITERION   IS SATISFIED***

          ==> TIME STEP   519   TIME :  5.1900E-02 SEC
     1  3.94E-08  1.45E-08  1.21E-09  1.00E+00  0.00E+00              7.86E+01  2.19E+01  2.07E-02  0.00E+00  0.00E+00  0.00E+00  0.00E+00  3.94E-08


          ***CONVERGENCE CRITERION   IS SATISFIED***

          ==> TIME STEP   520   TIME :  5.2000E-02 SEC
     1  3.88E-08  1.43E-08  1.20E-09  1.00E+00  0.00E+00              7.86E+01  2.19E+01  2.07E-02  0.00E+00  0.00E+00  0.00E+00  0.00E+00  3.88E-08


          ***CONVERGENCE CRITERION   IS SATISFIED***

          WRITE RESULTS OF CALCULATIONS IN FILE 

                         PREPARE RESULTS OF CALCULATION FOR RESTART
                         ******************************************
                          WRITE RESULTS IN FILE :REST.0                                                                                                                                                                                                                                                          

          ==> TIME STEP   521   TIME :  5.2100E-02 SEC
     1  3.81E-08  1.41E-08  1.19E-09  1.00E+00  0.00E+00              7.86E+01  2.19E+01  2.07E-02  0.00E+00  0.00E+00  0.00E+00  0.00E+00  3.81E-08


          ***CONVERGENCE CRITERION   IS SATISFIED***

          ==> TIME STEP   522   TIME :  5.2200E-02 SEC
     1  3.75E-08  1.38E-08  1.18E-09  1.00E+00  0.00E+00              7.86E+01  2.19E+01  2.07E-02  0.00E+00  0.00E+00  0.00E+00  0.00E+00  3.75E-08


          ***CONVERGENCE CRITERION   IS SATISFIED***

          ==> TIME STEP   523   TIME :  5.2300E-02 SEC
     1  3.68E-08  1.36E-08  1.17E-09  1.00E+00  0.00E+00              7.86E+01  2.19E+01  2.07E-02  0.00E+00  0.00E+00  0.00E+00  0.00E+00  3.68E-08


          ***CONVERGENCE CRITERION   IS SATISFIED***

          ==> TIME STEP   524   TIME :  5.2400E-02 SEC
     1  3.62E-08  1.34E-08  1.16E-09  1.00E+00  0.00E+00              7.86E+01  2.19E+01  2.07E-02  0.00E+00  0.00E+00  0.00E+00  0.00E+00  3.62E-08


          ***CONVERGENCE CRITERION   IS SATISFIED***

          ==> TIME STEP   525   TIME :  5.2500E-02 SEC
     1  3.56E-08  1.31E-08  1.15E-09  1.00E+00  0.00E+00              7.86E+01  2.19E+01  2.07E-02  0.00E+00  0.00E+00  0.00E+00  0.00E+00  3.56E-08


          ***CONVERGENCE CRITERION   IS SATISFIED***

          ==> TIME STEP   526   TIME :  5.2600E-02 SEC
     1  3.50E-08  1.29E-08  1.14E-09  1.00E+00  0.00E+00              7.86E+01  2.19E+01  2.07E-02  0.00E+00  0.00E+00  0.00E+00  0.00E+00  3.50E-08


          ***CONVERGENCE CRITERION   IS SATISFIED***

          ==> TIME STEP   527   TIME :  5.2700E-02 SEC
     1  3.44E-08  1.27E-08  1.13E-09  1.00E+00  0.00E+00              7.86E+01  2.19E+01  2.07E-02  0.00E+00  0.00E+00  0.00E+00  0.00E+00  3.44E-08


          ***CONVERGENCE CRITERION   IS SATISFIED***

          ==> TIME STEP   528   TIME :  5.2800E-02 SEC
     1  3.38E-08  1.25E-08  1.12E-09  1.00E+00  0.00E+00              7.86E+01  2.19E+01  2.07E-02  0.00E+00  0.00E+00  0.00E+00  0.00E+00  3.38E-08


          ***CONVERGENCE CRITERION   IS SATISFIED***

          ==> TIME STEP   529   TIME :  5.2900E-02 SEC
     1  3.32E-08  1.23E-08  1.11E-09  1.00E+00  0.00E+00              7.86E+01  2.19E+01  2.07E-02  0.00E+00  0.00E+00  0.00E+00  0.00E+00  3.32E-08


          ***CONVERGENCE CRITERION   IS SATISFIED***

          ==> TIME STEP   530   TIME :  5.3000E-02 SEC
     1  3.27E-08  1.21E-08  1.10E-09  1.00E+00  0.00E+00              7.86E+01  2.19E+01  2.07E-02  0.00E+00  0.00E+00  0.00E+00  0.00E+00  3.27E-08


          ***CONVERGENCE CRITERION   IS SATISFIED***

          ==> TIME STEP   531   TIME :  5.3100E-02 SEC
     1  3.21E-08  1.19E-08  1.10E-09  1.00E+00  0.00E+00              7.86E+01  2.19E+01  2.07E-02  0.00E+00  0.00E+00  0.00E+00  0.00E+00  3.21E-08


          ***CONVERGENCE CRITERION   IS SATISFIED***

          ==> TIME STEP   532   TIME :  5.3200E-02 SEC
     1  3.16E-08  1.17E-08  1.09E-09  1.00E+00  0.00E+00              7.86E+01  2.19E+01  2.07E-02  0.00E+00  0.00E+00  0.00E+00  0.00E+00  3.16E-08


          ***CONVERGENCE CRITERION   IS SATISFIED***

          ==> TIME STEP   533   TIME :  5.3300E-02 SEC
     1  3.11E-08  1.15E-08  1.08E-09  1.00E+00  0.00E+00              7.86E+01  2.19E+01  2.07E-02  0.00E+00  0.00E+00  0.00E+00  0.00E+00  3.11E-08


          ***CONVERGENCE CRITERION   IS SATISFIED***

          ==> TIME STEP   534   TIME :  5.3400E-02 SEC
     1  3.05E-08  1.13E-08  1.08E-09  1.00E+00  0.00E+00              7.86E+01  2.19E+01  2.07E-02  0.00E+00  0.00E+00  0.00E+00  0.00E+00  3.05E-08


          ***CONVERGENCE CRITERION   IS SATISFIED***

          ==> TIME STEP   535   TIME :  5.3500E-02 SEC
     1  3.00E-08  1.11E-08  1.07E-09  1.00E+00  0.00E+00              7.86E+01  2.19E+01  2.07E-02  0.00E+00  0.00E+00  0.00E+00  0.00E+00  3.00E-08


          ***CONVERGENCE CRITERION   IS SATISFIED***

          ==> TIME STEP   536   TIME :  5.3600E-02 SEC
     1  2.95E-08  1.10E-08  1.07E-09  1.00E+00  0.00E+00              7.86E+01  2.19E+01  2.07E-02  0.00E+00  0.00E+00  0.00E+00  0.00E+00  2.95E-08


          ***CONVERGENCE CRITERION   IS SATISFIED***

          ==> TIME STEP   537   TIME :  5.3700E-02 SEC
     1  2.90E-08  1.08E-08  1.07E-09  1.00E+00  0.00E+00              7.86E+01  2.19E+01  2.07E-02  0.00E+00  0.00E+00  0.00E+00  0.00E+00  2.90E-08


          ***CONVERGENCE CRITERION   IS SATISFIED***

          ==> TIME STEP   538   TIME :  5.3800E-02 SEC
     1  2.86E-08  1.06E-08  1.07E-09  1.00E+00  0.00E+00              7.86E+01  2.19E+01  2.07E-02  0.00E+00  0.00E+00  0.00E+00  0.00E+00  2.86E-08


          ***CONVERGENCE CRITERION   IS SATISFIED***

          ==> TIME STEP   539   TIME :  5.3900E-02 SEC
     1  2.81E-08  1.04E-08  1.06E-09  1.00E+00  0.00E+00              7.86E+01  2.19E+01  2.07E-02  0.00E+00  0.00E+00  0.00E+00  0.00E+00  2.81E-08


          ***CONVERGENCE CRITERION   IS SATISFIED***

          ==> TIME STEP   540   TIME :  5.4000E-02 SEC
     1  2.76E-08  1.03E-08  1.06E-09  1.00E+00  0.00E+00              7.86E+01  2.19E+01  2.07E-02  0.00E+00  0.00E+00  0.00E+00  0.00E+00  2.76E-08


          ***CONVERGENCE CRITERION   IS SATISFIED***

          WRITE RESULTS OF CALCULATIONS IN FILE 

                         PREPARE RESULTS OF CALCULATION FOR RESTART
                         ******************************************
                          WRITE RESULTS IN FILE :REST.0                                                                                                                                                                                                                                                          

          ==> TIME STEP   541   TIME :  5.4100E-02 SEC
     1  2.72E-08  1.01E-08  1.06E-09  1.00E+00  0.00E+00              7.86E+01  2.19E+01  2.07E-02  0.00E+00  0.00E+00  0.00E+00  0.00E+00  2.72E-08


          ***CONVERGENCE CRITERION   IS SATISFIED***

          ==> TIME STEP   542   TIME :  5.4200E-02 SEC
     1  2.67E-08  9.96E-09  1.06E-09  1.00E+00  0.00E+00              7.86E+01  2.19E+01  2.07E-02  0.00E+00  0.00E+00  0.00E+00  0.00E+00  2.67E-08


          ***CONVERGENCE CRITERION   IS SATISFIED***

          ==> TIME STEP   543   TIME :  5.4300E-02 SEC
     1  2.63E-08  9.80E-09  1.06E-09  1.00E+00  0.00E+00              7.86E+01  2.19E+01  2.07E-02  0.00E+00  0.00E+00  0.00E+00  0.00E+00  2.63E-08


          ***CONVERGENCE CRITERION   IS SATISFIED***

          ==> TIME STEP   544   TIME :  5.4400E-02 SEC
     1  2.58E-08  9.65E-09  1.07E-09  1.00E+00  0.00E+00              7.86E+01  2.19E+01  2.07E-02  0.00E+00  0.00E+00  0.00E+00  0.00E+00  2.58E-08


          ***CONVERGENCE CRITERION   IS SATISFIED***

          ==> TIME STEP   545   TIME :  5.4500E-02 SEC
     1  2.54E-08  9.50E-09  1.07E-09  1.00E+00  0.00E+00              7.86E+01  2.19E+01  2.07E-02  0.00E+00  0.00E+00  0.00E+00  0.00E+00  2.54E-08


          ***CONVERGENCE CRITERION   IS SATISFIED***

          ==> TIME STEP   546   TIME :  5.4600E-02 SEC
     1  2.50E-08  9.36E-09  1.07E-09  1.00E+00  0.00E+00              7.86E+01  2.19E+01  2.07E-02  0.00E+00  0.00E+00  0.00E+00  0.00E+00  2.50E-08


          ***CONVERGENCE CRITERION   IS SATISFIED***

          ==> TIME STEP   547   TIME :  5.4700E-02 SEC
     1  2.46E-08  9.22E-09  1.08E-09  1.00E+00  0.00E+00              7.86E+01  2.19E+01  2.07E-02  0.00E+00  0.00E+00  0.00E+00  0.00E+00  2.46E-08


          ***CONVERGENCE CRITERION   IS SATISFIED***

          ==> TIME STEP   548   TIME :  5.4800E-02 SEC
     1  2.42E-08  9.08E-09  1.08E-09  1.00E+00  0.00E+00              7.86E+01  2.19E+01  2.07E-02  0.00E+00  0.00E+00  0.00E+00  0.00E+00  2.42E-08


          ***CONVERGENCE CRITERION   IS SATISFIED***

          ==> TIME STEP   549   TIME :  5.4900E-02 SEC
     1  2.38E-08  8.95E-09  1.09E-09  1.00E+00  0.00E+00              7.86E+01  2.19E+01  2.07E-02  0.00E+00  0.00E+00  0.00E+00  0.00E+00  2.38E-08


          ***CONVERGENCE CRITERION   IS SATISFIED***

          ==> TIME STEP   550   TIME :  5.5000E-02 SEC
     1  2.34E-08  8.82E-09  1.10E-09  1.00E+00  0.00E+00              7.86E+01  2.19E+01  2.07E-02  0.00E+00  0.00E+00  0.00E+00  0.00E+00  2.34E-08


          ***CONVERGENCE CRITERION   IS SATISFIED***

          ==> TIME STEP   551   TIME :  5.5100E-02 SEC
     1  2.30E-08  8.69E-09  1.11E-09  1.00E+00  0.00E+00              7.86E+01  2.19E+01  2.07E-02  0.00E+00  0.00E+00  0.00E+00  0.00E+00  2.30E-08


          ***CONVERGENCE CRITERION   IS SATISFIED***

          ==> TIME STEP   552   TIME :  5.5200E-02 SEC
     1  2.27E-08  8.57E-09  1.12E-09  1.00E+00  0.00E+00              7.86E+01  2.19E+01  2.07E-02  0.00E+00  0.00E+00  0.00E+00  0.00E+00  2.27E-08


          ***CONVERGENCE CRITERION   IS SATISFIED***

          ==> TIME STEP   553   TIME :  5.5300E-02 SEC
     1  2.23E-08  8.45E-09  1.13E-09  1.00E+00  0.00E+00              7.86E+01  2.19E+01  2.07E-02  0.00E+00  0.00E+00  0.00E+00  0.00E+00  2.23E-08


          ***CONVERGENCE CRITERION   IS SATISFIED***

          ==> TIME STEP   554   TIME :  5.5400E-02 SEC
     1  2.20E-08  8.33E-09  1.15E-09  1.00E+00  0.00E+00              7.86E+01  2.19E+01  2.07E-02  0.00E+00  0.00E+00  0.00E+00  0.00E+00  2.20E-08


          ***CONVERGENCE CRITERION   IS SATISFIED***

          ==> TIME STEP   555   TIME :  5.5500E-02 SEC
     1  2.16E-08  8.22E-09  1.17E-09  1.00E+00  0.00E+00              7.86E+01  2.19E+01  2.07E-02  0.00E+00  0.00E+00  0.00E+00  0.00E+00  2.16E-08


          ***CONVERGENCE CRITERION   IS SATISFIED***

          ==> TIME STEP   556   TIME :  5.5600E-02 SEC
     1  2.13E-08  8.11E-09  1.18E-09  1.00E+00  0.00E+00              7.86E+01  2.19E+01  2.07E-02  0.00E+00  0.00E+00  0.00E+00  0.00E+00  2.13E-08


          ***CONVERGENCE CRITERION   IS SATISFIED***

          ==> TIME STEP   557   TIME :  5.5700E-02 SEC
     1  2.09E-08  8.00E-09  1.20E-09  1.00E+00  0.00E+00              7.86E+01  2.19E+01  2.07E-02  0.00E+00  0.00E+00  0.00E+00  0.00E+00  2.09E-08


          ***CONVERGENCE CRITERION   IS SATISFIED***

          ==> TIME STEP   558   TIME :  5.5800E-02 SEC
     1  2.06E-08  7.90E-09  1.22E-09  1.00E+00  0.00E+00              7.86E+01  2.19E+01  2.07E-02  0.00E+00  0.00E+00  0.00E+00  0.00E+00  2.06E-08


          ***CONVERGENCE CRITERION   IS SATISFIED***

          ==> TIME STEP   559   TIME :  5.5900E-02 SEC
     1  2.03E-08  7.80E-09  1.24E-09  1.00E+00  0.00E+00              7.86E+01  2.19E+01  2.07E-02  0.00E+00  0.00E+00  0.00E+00  0.00E+00  2.03E-08


          ***CONVERGENCE CRITERION   IS SATISFIED***

          ==> TIME STEP   560   TIME :  5.6000E-02 SEC
     1  1.99E-08  7.70E-09  1.26E-09  1.00E+00  0.00E+00              7.86E+01  2.19E+01  2.07E-02  0.00E+00  0.00E+00  0.00E+00  0.00E+00  1.99E-08


          ***CONVERGENCE CRITERION   IS SATISFIED***

          WRITE RESULTS OF CALCULATIONS IN FILE 

                         PREPARE RESULTS OF CALCULATION FOR RESTART
                         ******************************************
                          WRITE RESULTS IN FILE :REST.0                                                                                                                                                                                                                                                          

          ==> TIME STEP   561   TIME :  5.6100E-02 SEC
     1  1.96E-08  7.60E-09  1.27E-09  1.00E+00  0.00E+00              7.86E+01  2.19E+01  2.07E-02  0.00E+00  0.00E+00  0.00E+00  0.00E+00  1.96E-08


          ***CONVERGENCE CRITERION   IS SATISFIED***

          ==> TIME STEP   562   TIME :  5.6200E-02 SEC
     1  1.93E-08  7.51E-09  1.29E-09  1.00E+00  0.00E+00              7.86E+01  2.19E+01  2.07E-02  0.00E+00  0.00E+00  0.00E+00  0.00E+00  1.93E-08


          ***CONVERGENCE CRITERION   IS SATISFIED***

          ==> TIME STEP   563   TIME :  5.6300E-02 SEC
     1  1.90E-08  7.42E-09  1.31E-09  1.00E+00  0.00E+00              7.86E+01  2.19E+01  2.07E-02  0.00E+00  0.00E+00  0.00E+00  0.00E+00  1.90E-08


          ***CONVERGENCE CRITERION   IS SATISFIED***

          ==> TIME STEP   564   TIME :  5.6400E-02 SEC
     1  1.87E-08  7.32E-09  1.32E-09  1.00E+00  0.00E+00              7.86E+01  2.19E+01  2.07E-02  0.00E+00  0.00E+00  0.00E+00  0.00E+00  1.87E-08


          ***CONVERGENCE CRITERION   IS SATISFIED***

          ==> TIME STEP   565   TIME :  5.6500E-02 SEC
     1  1.84E-08  7.23E-09  1.34E-09  1.00E+00  0.00E+00              7.86E+01  2.19E+01  2.07E-02  0.00E+00  0.00E+00  0.00E+00  0.00E+00  1.84E-08


          ***CONVERGENCE CRITERION   IS SATISFIED***

          ==> TIME STEP   566   TIME :  5.6600E-02 SEC
     1  1.81E-08  7.15E-09  1.36E-09  1.00E+00  0.00E+00              7.86E+01  2.19E+01  2.07E-02  0.00E+00  0.00E+00  0.00E+00  0.00E+00  1.81E-08


          ***CONVERGENCE CRITERION   IS SATISFIED***

          ==> TIME STEP   567   TIME :  5.6700E-02 SEC
     1  1.78E-08  7.06E-09  1.37E-09  1.00E+00  0.00E+00              7.86E+01  2.19E+01  2.07E-02  0.00E+00  0.00E+00  0.00E+00  0.00E+00  1.78E-08


          ***CONVERGENCE CRITERION   IS SATISFIED***

          ==> TIME STEP   568   TIME :  5.6800E-02 SEC
     1  1.75E-08  6.97E-09  1.39E-09  1.00E+00  0.00E+00              7.86E+01  2.19E+01  2.07E-02  0.00E+00  0.00E+00  0.00E+00  0.00E+00  1.75E-08


          ***CONVERGENCE CRITERION   IS SATISFIED***

          ==> TIME STEP   569   TIME :  5.6900E-02 SEC
     1  1.72E-08  6.89E-09  1.40E-09  1.00E+00  0.00E+00              7.86E+01  2.19E+01  2.07E-02  0.00E+00  0.00E+00  0.00E+00  0.00E+00  1.72E-08


          ***CONVERGENCE CRITERION   IS SATISFIED***

          ==> TIME STEP   570   TIME :  5.7000E-02 SEC
     1  1.70E-08  6.80E-09  1.42E-09  1.00E+00  0.00E+00              7.86E+01  2.19E+01  2.07E-02  0.00E+00  0.00E+00  0.00E+00  0.00E+00  1.70E-08


          ***CONVERGENCE CRITERION   IS SATISFIED***

          ==> TIME STEP   571   TIME :  5.7100E-02 SEC
     1  1.67E-08  6.72E-09  1.43E-09  1.00E+00  0.00E+00              7.86E+01  2.19E+01  2.07E-02  0.00E+00  0.00E+00  0.00E+00  0.00E+00  1.67E-08


          ***CONVERGENCE CRITERION   IS SATISFIED***

          ==> TIME STEP   572   TIME :  5.7200E-02 SEC
     1  1.64E-08  6.63E-09  1.44E-09  1.00E+00  0.00E+00              7.86E+01  2.19E+01  2.07E-02  0.00E+00  0.00E+00  0.00E+00  0.00E+00  1.64E-08


          ***CONVERGENCE CRITERION   IS SATISFIED***

          ==> TIME STEP   573   TIME :  5.7300E-02 SEC
     1  1.62E-08  6.55E-09  1.45E-09  1.00E+00  0.00E+00              7.86E+01  2.19E+01  2.07E-02  0.00E+00  0.00E+00  0.00E+00  0.00E+00  1.62E-08


          ***CONVERGENCE CRITERION   IS SATISFIED***

          ==> TIME STEP   574   TIME :  5.7400E-02 SEC
     1  1.59E-08  6.47E-09  1.46E-09  1.00E+00  0.00E+00              7.86E+01  2.19E+01  2.07E-02  0.00E+00  0.00E+00  0.00E+00  0.00E+00  1.59E-08


          ***CONVERGENCE CRITERION   IS SATISFIED***

          ==> TIME STEP   575   TIME :  5.7500E-02 SEC
     1  1.56E-08  6.39E-09  1.47E-09  1.00E+00  0.00E+00              7.86E+01  2.19E+01  2.07E-02  0.00E+00  0.00E+00  0.00E+00  0.00E+00  1.56E-08


          ***CONVERGENCE CRITERION   IS SATISFIED***

          ==> TIME STEP   576   TIME :  5.7600E-02 SEC
     1  1.54E-08  6.31E-09  1.48E-09  1.00E+00  0.00E+00              7.86E+01  2.19E+01  2.07E-02  0.00E+00  0.00E+00  0.00E+00  0.00E+00  1.54E-08


          ***CONVERGENCE CRITERION   IS SATISFIED***

          ==> TIME STEP   577   TIME :  5.7700E-02 SEC
     1  1.51E-08  6.23E-09  1.49E-09  1.00E+00  0.00E+00              7.86E+01  2.19E+01  2.07E-02  0.00E+00  0.00E+00  0.00E+00  0.00E+00  1.51E-08


          ***CONVERGENCE CRITERION   IS SATISFIED***

          ==> TIME STEP   578   TIME :  5.7800E-02 SEC
     1  1.49E-08  6.15E-09  1.50E-09  1.00E+00  0.00E+00              7.86E+01  2.19E+01  2.07E-02  0.00E+00  0.00E+00  0.00E+00  0.00E+00  1.49E-08
